2025-10-15 09:10:18,317 [INFO] WebApp:194 - Connection lost
2025-10-15 09:10:18,690 [INFO] WebApp:191 - Connection restablished
2025-10-15 09:10:18,916 [INFO] WebApp:194 - Connection lost
2025-10-15 09:10:19,144 [INFO] WebApp:191 - Connection restablished
2025-10-15 09:10:25,393 [INFO] WebApp:194 - Connection lost
2025-10-15 09:10:25,593 [INFO] WebApp:191 - Connection restablished
2025-10-15 09:10:28,828 [INFO] WebApp:194 - Connection lost
2025-10-15 09:10:28,961 [INFO] WebApp:191 - Connection restablished
2025-10-15 09:12:01,815 [INFO] WebApp:194 - Connection lost
2025-10-15 09:12:02,020 [INFO] WebApp:191 - Connection restablished
2025-10-15 11:17:02,888 [INFO] WebApp:194 - Connection lost
2025-10-15 11:17:11,246 [INFO] WebApp:191 - Connection restablished
2025-10-15 11:17:13,058 [INFO] WebApp:194 - Connection lost
2025-10-15 11:17:15,945 [INFO] WebApp:191 - Connection restablished
2025-10-15 11:27:29,050 [INFO] WebApp:194 - Connection lost
2025-10-15 11:27:29,238 [INFO] WebApp:191 - Connection restablished
2025-10-15 11:31:26,189 [INFO] WebApp:194 - Connection lost
2025-10-15 11:31:40,565 [INFO] WebApp:191 - Connection restablished
2025-10-15 12:03:00,542 [INFO] WebApp:194 - Connection lost
2025-10-15 12:03:00,897 [INFO] WebApp:191 - Connection restablished
2025-10-15 12:06:01,047 [INFO] WebApp:194 - Connection lost
2025-10-15 12:06:04,479 [INFO] WebApp:191 - Connection restablished
2025-10-15 12:09:23,554 [INFO] WebApp:194 - Connection lost
2025-10-15 12:09:24,253 [INFO] WebApp:191 - Connection restablished
2025-10-15 12:10:50,050 [INFO] WebApp:194 - Connection lost
2025-10-15 12:10:55,182 [INFO] WebApp:191 - Connection restablished
2025-10-15 12:11:11,547 [INFO] WebApp:194 - Connection lost
2025-10-15 12:11:11,899 [INFO] WebApp:191 - Connection restablished
2025-10-15 12:13:45,554 [INFO] WebApp:194 - Connection lost
2025-10-15 12:13:46,065 [INFO] WebApp:191 - Connection restablished
2025-10-15 12:14:32,546 [INFO] WebApp:194 - Connection lost
2025-10-15 12:14:37,164 [INFO] WebApp:191 - Connection restablished
2025-10-15 12:14:47,531 [INFO] WebApp:194 - Connection lost
2025-10-15 12:14:48,764 [INFO] WebApp:191 - Connection restablished
2025-10-15 12:14:55,043 [INFO] WebApp:194 - Connection lost
2025-10-15 12:14:55,930 [INFO] WebApp:191 - Connection restablished
2025-10-15 12:15:38,030 [INFO] WebApp:194 - Connection lost
2025-10-15 12:15:40,117 [INFO] WebApp:191 - Connection restablished
2025-10-15 12:17:31,533 [INFO] WebApp:194 - Connection lost
2025-10-15 12:17:31,678 [INFO] WebApp:191 - Connection restablished
2025-10-15 12:23:21,540 [INFO] WebApp:194 - Connection lost
2025-10-15 12:23:21,811 [INFO] WebApp:191 - Connection restablished
2025-10-15 12:23:30,038 [INFO] WebApp:194 - Connection lost
2025-10-15 12:23:30,478 [INFO] WebApp:191 - Connection restablished
2025-10-15 12:34:41,075 [INFO] WebApp:194 - Connection lost
2025-10-15 12:34:51,422 [INFO] WebApp:191 - Connection restablished
2025-10-15 12:34:53,537 [INFO] WebApp:194 - Connection lost
2025-10-15 12:34:57,082 [INFO] WebApp:191 - Connection restablished
2025-10-15 12:38:25,843 [INFO] WebApp:194 - Connection lost
2025-10-15 12:39:11,773 [INFO] WebApp:191 - Connection restablished
2025-10-15 12:39:24,054 [INFO] WebApp:194 - Connection lost
2025-10-15 12:39:24,212 [INFO] WebApp:191 - Connection restablished
2025-10-15 12:47:34,533 [INFO] WebApp:194 - Connection lost
2025-10-15 12:47:34,708 [INFO] WebApp:191 - Connection restablished
2025-10-15 12:47:42,539 [INFO] WebApp:194 - Connection lost
2025-10-15 12:47:42,719 [INFO] WebApp:191 - Connection restablished
2025-10-15 12:48:04,543 [INFO] WebApp:194 - Connection lost
2025-10-15 12:48:04,737 [INFO] WebApp:191 - Connection restablished
2025-10-15 13:12:03,034 [INFO] WebApp:194 - Connection lost
2025-10-15 13:12:03,159 [INFO] WebApp:191 - Connection restablished
2025-10-15 14:32:33,123 [INFO] WebApp:194 - Connection lost
2025-10-15 14:32:45,242 [INFO] WebApp:191 - Connection restablished
2025-10-15 14:32:46,715 [INFO] WebApp:194 - Connection lost
2025-10-15 14:32:46,913 [INFO] WebApp:191 - Connection restablished
2025-10-15 14:34:33,538 [INFO] WebApp:194 - Connection lost
2025-10-15 14:34:33,721 [INFO] WebApp:191 - Connection restablished
2025-10-15 14:45:11,559 [INFO] WebApp:194 - Connection lost
2025-10-15 14:45:11,690 [INFO] WebApp:191 - Connection restablished
2025-10-15 14:45:14,034 [INFO] WebApp:194 - Connection lost
2025-10-15 14:45:14,170 [INFO] WebApp:191 - Connection restablished
2025-10-15 16:16:27,180 [INFO] WebApp:194 - Connection lost
2025-10-15 16:16:55,513 [INFO] WebApp:191 - Connection restablished
2025-10-15 16:16:57,028 [INFO] WebApp:194 - Connection lost
2025-10-15 16:17:00,281 [INFO] WebApp:191 - Connection restablished
2025-10-15 16:17:27,516 [INFO] WebApp:194 - Connection lost
2025-10-15 16:17:28,105 [INFO] WebApp:191 - Connection restablished
2025-10-15 16:18:56,544 [INFO] WebApp:194 - Connection lost
2025-10-15 16:18:57,373 [INFO] WebApp:191 - Connection restablished
2025-10-15 16:19:07,043 [INFO] WebApp:194 - Connection lost
2025-10-15 16:19:09,454 [INFO] WebApp:191 - Connection restablished
2025-10-15 16:19:18,354 [INFO] MainUpdater:2872 - connection check result : 10
2025-10-15 16:19:18,354 [INFO] MainUpdater:2872 - connection check result : 10
2025-10-15 16:19:18,387 [ERROR] IocParser:95 - Exception caught: Cannot invoke "java.lang.CharSequence.length()" because "this.text" is null
2025-10-15 16:19:18,500 [INFO] MicroXplorer:468 - Change Database Path : 
2025-10-15 16:19:18,501 [INFO] MicroXplorer:498 - Change Database Version : DB.6.0.150
2025-10-15 16:19:18,547 [ERROR] ProjectManagerView:395 - 
java.lang.NullPointerException: Cannot invoke "javax.swing.JTextField.getText()" because the return value of "java.util.List.get(int)" is null
	at com.st.microxplorer.plugins.projectmanager.gui.ProjectChoiceTab$9.caretUpdate(ProjectChoiceTab.java:2706) ~[filemanager.jar:?]
	at javax.swing.text.JTextComponent.fireCaretUpdate(JTextComponent.java:408) ~[?:?]
	at javax.swing.text.JTextComponent$MutableCaretEvent.fire(JTextComponent.java:4484) ~[?:?]
	at javax.swing.text.JTextComponent$MutableCaretEvent.stateChanged(JTextComponent.java:4506) ~[?:?]
	at javax.swing.text.DefaultCaret.fireStateChanged(DefaultCaret.java:857) ~[?:?]
	at javax.swing.text.DefaultCaret.changeCaretPosition(DefaultCaret.java:1343) ~[?:?]
	at javax.swing.text.DefaultCaret.handleSetDot(DefaultCaret.java:1242) ~[?:?]
	at javax.swing.text.DefaultCaret.setDot(DefaultCaret.java:1223) ~[?:?]
	at javax.swing.text.DefaultCaret$Handler.insertUpdate(DefaultCaret.java:1819) ~[?:?]
	at javax.swing.text.AbstractDocument.fireInsertUpdate(AbstractDocument.java:227) ~[?:?]
	at javax.swing.text.AbstractDocument.handleInsertString(AbstractDocument.java:781) ~[?:?]
	at javax.swing.text.AbstractDocument.insertString(AbstractDocument.java:740) ~[?:?]
	at javax.swing.text.PlainDocument.insertString(PlainDocument.java:131) ~[?:?]
	at javax.swing.text.AbstractDocument.replace(AbstractDocument.java:699) ~[?:?]
	at javax.swing.text.JTextComponent.setText(JTextComponent.java:1725) ~[?:?]
	at com.st.microxplorer.plugins.projectmanager.gui.ProjectChoiceTab.createHeapStackFields(ProjectChoiceTab.java:993) ~[filemanager.jar:?]
	at com.st.microxplorer.plugins.projectmanager.gui.ProjectChoiceTab.buildLinkSettingsPanel(ProjectChoiceTab.java:3813) ~[filemanager.jar:?]
	at com.st.microxplorer.plugins.projectmanager.gui.ProjectChoiceTab.defineWindowsFields(ProjectChoiceTab.java:1987) ~[filemanager.jar:?]
	at com.st.microxplorer.plugins.projectmanager.gui.ProjectChoiceTab.updateSettings(ProjectChoiceTab.java:558) ~[filemanager.jar:?]
	at com.st.microxplorer.plugins.projectmanager.gui.ProjectSettingsPanel.UpdateDialog(ProjectSettingsPanel.java:247) ~[filemanager.jar:?]
	at com.st.microxplorer.plugins.projectmanager.ProjectManagerView.propertyChange(ProjectManagerView.java:392) ~[filemanager.jar:?]
	at java.beans.PropertyChangeSupport.fire(PropertyChangeSupport.java:343) ~[?:?]
	at java.beans.PropertyChangeSupport.firePropertyChange(PropertyChangeSupport.java:335) ~[?:?]
	at java.beans.PropertyChangeSupport.firePropertyChange(PropertyChangeSupport.java:268) ~[?:?]
	at com.st.microxplorer.util.MXPropertyChangeSupport.firePropertyChange(MXPropertyChangeSupport.java:54) ~[STM32CubeMX.jar:?]
	at com.st.microxplorer.mxsystem.MxSystem.closeConfig(MxSystem.java:899) ~[STM32CubeMX.jar:?]
	at com.st.microxplorer.maingui.MainPanel.closeConfig(MainPanel.java:792) ~[STM32CubeMX.jar:?]
	at com.st.microxplorer.plugins.filemanager.engine.OpenFileManager.loadConfigurationFile(OpenFileManager.java:288) ~[filemanager.jar:?]
	at com.st.microxplorer.plugins.filemanager.engine.MainFileManager.userLoadConfig(MainFileManager.java:364) ~[filemanager.jar:?]
	at com.st.microxplorer.plugins.filemanager.engine.MainFileManager.userLoadConfig(MainFileManager.java:342) ~[filemanager.jar:?]
	at com.st.microxplorer.plugins.filemanager.FileManagerView.getSpecificTask(FileManagerView.java:264) ~[filemanager.jar:?]
	at com.st.stm32cube.common.mx.editor.CubeMxEditor.getMxTabbedPaneInstance(CubeMxEditor.java:1198) ~[com.st.stm32cube.common.mx_6.15.0.202507011659/:?]
	at com.st.stm32cube.common.mx.editor.CubeMxEditor$12$1.createSwingComponent(CubeMxEditor.java:1068) ~[com.st.stm32cube.common.mx_6.15.0.202507011659/:?]
	at com.st.stm32cube.common.mx.oss.core.awtswtbridge.EmbeddedSwingComposite.doComponentCreation(EmbeddedSwingComposite.java:492) ~[com.st.stm32cube.common.mx.oss_6.15.0.202507011659/:?]
	at com.st.stm32cube.common.mx.oss.core.awtswtbridge.EmbeddedSwingComposite$4.run(EmbeddedSwingComposite.java:291) ~[com.st.stm32cube.common.mx.oss_6.15.0.202507011659/:?]
	at com.st.stm32cube.common.mx.oss.core.awtswtbridge.AwtEnvironment$2.run(AwtEnvironment.java:166) ~[com.st.stm32cube.common.mx.oss_6.15.0.202507011659/:?]
	at java.awt.event.InvocationEvent.dispatch(InvocationEvent.java:318) ~[?:?]
	at java.awt.EventQueue.dispatchEventImpl(EventQueue.java:773) ~[?:?]
	at java.awt.EventQueue$4.run(EventQueue.java:720) ~[?:?]
	at java.awt.EventQueue$4.run(EventQueue.java:714) ~[?:?]
	at java.security.AccessController.doPrivileged(AccessController.java:400) ~[?:?]
	at java.security.ProtectionDomain$JavaSecurityAccessImpl.doIntersectionPrivilege(ProtectionDomain.java:87) ~[?:?]
	at java.awt.EventQueue.dispatchEvent(EventQueue.java:742) ~[?:?]
	at java.awt.EventDispatchThread.pumpOneEventForFilters(EventDispatchThread.java:203) ~[?:?]
	at java.awt.EventDispatchThread.pumpEventsForFilter(EventDispatchThread.java:124) ~[?:?]
	at java.awt.EventDispatchThread.pumpEventsForHierarchy(EventDispatchThread.java:113) ~[?:?]
	at java.awt.EventDispatchThread.pumpEvents(EventDispatchThread.java:109) ~[?:?]
	at java.awt.EventDispatchThread.pumpEvents(EventDispatchThread.java:101) ~[?:?]
	at java.awt.EventDispatchThread.run(EventDispatchThread.java:90) ~[?:?]
2025-10-15 16:19:18,566 [WARN] ThirdParty:871 - waiting for thirdparty lock release [close project]
2025-10-15 16:19:18,567 [INFO] ThirdParty:873 - entering critical section [close project]
2025-10-15 16:19:18,567 [INFO] ThirdParty:883 - exiting critical section [close project]
2025-10-15 16:19:18,573 [INFO] PinOutPanel:1589 - setPackage(No Configuration,No Configuration)
2025-10-15 16:19:18,597 [WARN] IpParametersView:155 - Warning: This peripheral hasn't parameters
2025-10-15 16:19:18,646 [WARN] MainPanel:289 - <html><b><center>Warning: This peripheral has no parameters to be configured<br></b></html>
2025-10-15 16:19:18,663 [INFO] UtilMem:75 - Begin LoadConfig() Used Memory: 532139080 Bytes (1073741824)
2025-10-15 16:19:18,664 [INFO] MicroXplorer:468 - Change Database Path : 
2025-10-15 16:19:18,664 [INFO] MicroXplorer:498 - Change Database Version : DB.6.0.150
2025-10-15 16:19:18,664 [INFO] OpenFileManager:355 - Change cursor
2025-10-15 16:19:18,697 [INFO] RulesReader:64 - Compatibility file has been processed (317 Rules)
2025-10-15 16:19:18,712 [INFO] Mcu:2029 - Initializing MCU STM32H753ZITx STM32H753ZITx STM32H753ZIT6
2025-10-15 16:19:21,619 [INFO] Context:786 - Trying to add GPIOservice into a context  which must be forbidden
2025-10-15 16:19:22,943 [INFO] ApiDbMcu:532 - Load IP Config File for STMicroelectronics.X-CUBE-AZRTOS-H7.3.3.0
2025-10-15 16:19:23,156 [INFO] ApiDbMcu:532 - Load IP Config File for NUCLEO-H753ZI
2025-10-15 16:19:23,293 [INFO] ImportTextPane:234 - (OptionalMessage_ERROR) Pin23 (VP_RIF_VS_RIF1) cannot be retrieved for this MCU
2025-10-15 16:19:23,300 [INFO] ImportTextPane:234 - (OptionalMessage_ERROR) Unable to find key (Mcu.IP8) in loaded IOC file
2025-10-15 16:19:23,300 [INFO] ImportTextPane:234 - (OptionalMessage_ERROR) Unknown IP (dummy)
2025-10-15 16:19:23,375 [INFO] RtosManager:558 - Registered RTOS mode: class=CMSIS, group=RTOS, mode=CMSIS_V1, owner=FREERTOS
2025-10-15 16:19:23,376 [INFO] RtosManager:558 - Registered RTOS mode: class=CMSIS, group=RTOS2, mode=CMSIS_V2, owner=FREERTOS
2025-10-15 16:19:23,376 [INFO] RtosManager:558 - Registered RTOS mode: class=RTOS, group=Core, mode=CMSIS_V1, owner=FREERTOS
2025-10-15 16:19:23,376 [INFO] RtosManager:558 - Registered RTOS mode: class=RTOS, group=Core, mode=CMSIS_V2, owner=FREERTOS
2025-10-15 16:19:23,376 [WARN] ModelIntegratedComponent:184 - Missing modes for component STMicroelectronics:FreeRTOS:0.0.1:STMicroelectronics:RTOS:FreeRTOS:Core:::10.2.0:
2025-10-15 16:19:23,394 [WARN] ModelIntegratedComponent:63 - No mode defined for component null
2025-10-15 16:19:23,394 [WARN] ModelIntegratedComponent:63 - No mode defined for component null
2025-10-15 16:19:23,394 [WARN] ModelIntegratedComponent:63 - No mode defined for component null
2025-10-15 16:19:23,394 [WARN] ModelIntegratedComponent:63 - No mode defined for component null
2025-10-15 16:19:23,394 [WARN] ModelIntegratedComponent:63 - No mode defined for component null
2025-10-15 16:19:23,394 [WARN] ModelIntegratedComponent:63 - No mode defined for component null
2025-10-15 16:19:23,394 [WARN] ModelIntegratedComponent:63 - No mode defined for component null
2025-10-15 16:19:23,394 [WARN] ModelIntegratedComponent:63 - No mode defined for component null
2025-10-15 16:19:23,394 [WARN] ModelIntegratedComponent:63 - No mode defined for component null
2025-10-15 16:19:23,394 [WARN] ModelIntegratedComponent:63 - No mode defined for component null
2025-10-15 16:19:23,394 [WARN] ModelIntegratedComponent:63 - No mode defined for component null
2025-10-15 16:19:23,394 [WARN] ModelIntegratedComponent:63 - No mode defined for component null
2025-10-15 16:19:23,394 [WARN] ModelIntegratedComponent:63 - No mode defined for component null
2025-10-15 16:19:23,394 [WARN] ModelIntegratedComponent:63 - No mode defined for component null
2025-10-15 16:19:23,394 [WARN] ModelIntegratedComponent:63 - No mode defined for component null
2025-10-15 16:19:23,394 [WARN] ModelIntegratedComponent:63 - No mode defined for component null
2025-10-15 16:19:23,395 [WARN] ModelIntegratedComponent:63 - No mode defined for component null
2025-10-15 16:19:23,395 [WARN] ModelIntegratedComponent:63 - No mode defined for component null
2025-10-15 16:19:23,395 [WARN] ModelIntegratedComponent:63 - No mode defined for component null
2025-10-15 16:19:23,395 [WARN] ModelIntegratedComponent:63 - No mode defined for component null
2025-10-15 16:19:23,395 [WARN] ModelIntegratedComponent:63 - No mode defined for component null
2025-10-15 16:19:23,395 [WARN] ModelIntegratedComponent:63 - No mode defined for component null
2025-10-15 16:19:23,395 [WARN] ModelIntegratedComponent:63 - No mode defined for component null
2025-10-15 16:19:23,395 [WARN] ModelIntegratedComponent:63 - No mode defined for component null
2025-10-15 16:19:23,395 [WARN] ModelIntegratedComponent:63 - No mode defined for component null
2025-10-15 16:19:23,395 [WARN] ModelIntegratedComponent:63 - No mode defined for component null
2025-10-15 16:19:23,395 [WARN] ModelIntegratedComponent:63 - No mode defined for component null
2025-10-15 16:19:23,395 [WARN] ModelIntegratedComponent:63 - No mode defined for component null
2025-10-15 16:19:23,395 [WARN] ModelIntegratedComponent:63 - No mode defined for component null
2025-10-15 16:19:23,395 [WARN] ModelIntegratedComponent:63 - No mode defined for component null
2025-10-15 16:19:23,395 [WARN] ModelIntegratedComponent:63 - No mode defined for component null
2025-10-15 16:19:23,395 [WARN] ModelIntegratedComponent:63 - No mode defined for component null
2025-10-15 16:19:23,395 [WARN] ModelIntegratedComponent:63 - No mode defined for component null
2025-10-15 16:19:23,395 [WARN] ModelIntegratedComponent:63 - No mode defined for component null
2025-10-15 16:19:23,395 [WARN] ModelIntegratedComponent:63 - No mode defined for component null
2025-10-15 16:19:23,395 [WARN] ModelPack:524 - Component already loaded: STMicroelectronics:HAL Drivers:0.0.0:STMicroelectronics:Device:STMicro_Driver:XSPI:HAL::0.0.1:HAL_XSPI
2025-10-15 16:19:23,517 [WARN] IP:2250 - TX_NO_TIMER not found: check if there is a RefParameter without a condition.
2025-10-15 16:19:23,517 [WARN] IP:2250 - TX_LOW_POWER_TICKLESS not found: check if there is a RefParameter without a condition.
2025-10-15 16:19:23,517 [WARN] IP:2250 - TX_LOW_POWER_USER_ENTER not found: check if there is a RefParameter without a condition.
2025-10-15 16:19:23,517 [WARN] IP:2250 - TX_LOW_POWER_USER_EXIT not found: check if there is a RefParameter without a condition.
2025-10-15 16:19:23,517 [WARN] IP:2250 - TX_LOW_POWER_USER_TIMER_ADJUST not found: check if there is a RefParameter without a condition.
2025-10-15 16:19:23,518 [WARN] IP:2250 - TX_LOW_POWER_TIMER_SETUP not found: check if there is a RefParameter without a condition.
2025-10-15 16:19:23,518 [WARN] IP:2250 - TX_BASEPRI_VALUE not found: check if there is a RefParameter without a condition.
2025-10-15 16:19:23,518 [WARN] IP:2250 - TX_APP_CREATION not found: check if there is a RefParameter without a condition.
2025-10-15 16:19:23,519 [WARN] IP:2250 - TX_APP_THREAD_ENTRY not found: check if there is a RefParameter without a condition.
2025-10-15 16:19:23,519 [WARN] IP:2250 - TX_APP_THREAD_NAME not found: check if there is a RefParameter without a condition.
2025-10-15 16:19:23,519 [WARN] IP:2250 - TX_APP_THREAD_PRIO not found: check if there is a RefParameter without a condition.
2025-10-15 16:19:23,519 [WARN] IP:2250 - TX_APP_STACK_SIZE not found: check if there is a RefParameter without a condition.
2025-10-15 16:19:23,519 [WARN] IP:2250 - TX_APP_SEM_CREATION not found: check if there is a RefParameter without a condition.
2025-10-15 16:19:23,519 [WARN] IP:2250 - TX_SEMAPHORE_NAME not found: check if there is a RefParameter without a condition.
2025-10-15 16:19:23,519 [WARN] IP:2250 - TX_SEMAPHORE_COUNT not found: check if there is a RefParameter without a condition.
2025-10-15 16:19:23,519 [WARN] IP:2250 - TX_APP_MUTEX_CREATION not found: check if there is a RefParameter without a condition.
2025-10-15 16:19:23,519 [WARN] IP:2250 - TX_MUTEX_NAME not found: check if there is a RefParameter without a condition.
2025-10-15 16:19:23,519 [WARN] IP:2250 - TX_Mutex_INHERITANCE not found: check if there is a RefParameter without a condition.
2025-10-15 16:19:23,519 [WARN] IP:2250 - TX_APP_MSG_QUEUE_CREATION not found: check if there is a RefParameter without a condition.
2025-10-15 16:19:23,519 [WARN] IP:2250 - TX_MSG_QUEUE_NAME not found: check if there is a RefParameter without a condition.
2025-10-15 16:19:23,519 [WARN] IP:2250 - TX_MSG_SIZE_WORDS not found: check if there is a RefParameter without a condition.
2025-10-15 16:19:23,519 [WARN] IP:2250 - TX_NB_MSG not found: check if there is a RefParameter without a condition.
2025-10-15 16:19:23,521 [WARN] IP:2250 - TX_NO_TIMER not found: check if there is a RefParameter without a condition.
2025-10-15 16:19:23,521 [WARN] IP:2250 - TX_BASEPRI_VALUE not found: check if there is a RefParameter without a condition.
2025-10-15 16:19:23,521 [WARN] IP:2250 - TX_APP_CREATION not found: check if there is a RefParameter without a condition.
2025-10-15 16:19:23,521 [WARN] IP:2250 - TX_APP_THREAD_ENTRY not found: check if there is a RefParameter without a condition.
2025-10-15 16:19:23,521 [WARN] IP:2250 - TX_APP_THREAD_NAME not found: check if there is a RefParameter without a condition.
2025-10-15 16:19:23,522 [WARN] IP:2250 - TX_APP_THREAD_PRIO not found: check if there is a RefParameter without a condition.
2025-10-15 16:19:23,522 [WARN] IP:2250 - TX_APP_STACK_SIZE not found: check if there is a RefParameter without a condition.
2025-10-15 16:19:23,522 [WARN] IP:2250 - TX_APP_SEM_CREATION not found: check if there is a RefParameter without a condition.
2025-10-15 16:19:23,522 [WARN] IP:2250 - TX_SEMAPHORE_NAME not found: check if there is a RefParameter without a condition.
2025-10-15 16:19:23,522 [WARN] IP:2250 - TX_SEMAPHORE_COUNT not found: check if there is a RefParameter without a condition.
2025-10-15 16:19:23,522 [WARN] IP:2250 - TX_APP_MUTEX_CREATION not found: check if there is a RefParameter without a condition.
2025-10-15 16:19:23,522 [WARN] IP:2250 - TX_MUTEX_NAME not found: check if there is a RefParameter without a condition.
2025-10-15 16:19:23,522 [WARN] IP:2250 - TX_Mutex_INHERITANCE not found: check if there is a RefParameter without a condition.
2025-10-15 16:19:23,522 [WARN] IP:2250 - TX_APP_MSG_QUEUE_CREATION not found: check if there is a RefParameter without a condition.
2025-10-15 16:19:23,522 [WARN] IP:2250 - TX_MSG_QUEUE_NAME not found: check if there is a RefParameter without a condition.
2025-10-15 16:19:23,522 [WARN] IP:2250 - TX_MSG_SIZE_WORDS not found: check if there is a RefParameter without a condition.
2025-10-15 16:19:23,522 [WARN] IP:2250 - TX_NB_MSG not found: check if there is a RefParameter without a condition.
2025-10-15 16:19:23,523 [WARN] IP:2250 - TX_NO_TIMER not found: check if there is a RefParameter without a condition.
2025-10-15 16:19:23,523 [WARN] IP:2250 - TX_BASEPRI_VALUE not found: check if there is a RefParameter without a condition.
2025-10-15 16:19:23,523 [WARN] IP:2250 - TX_APP_CREATION not found: check if there is a RefParameter without a condition.
2025-10-15 16:19:23,523 [WARN] IP:2250 - TX_APP_THREAD_ENTRY not found: check if there is a RefParameter without a condition.
2025-10-15 16:19:23,523 [WARN] IP:2250 - TX_APP_THREAD_NAME not found: check if there is a RefParameter without a condition.
2025-10-15 16:19:23,523 [WARN] IP:2250 - TX_APP_THREAD_PRIO not found: check if there is a RefParameter without a condition.
2025-10-15 16:19:23,524 [WARN] IP:2250 - TX_APP_STACK_SIZE not found: check if there is a RefParameter without a condition.
2025-10-15 16:19:23,524 [WARN] IP:2250 - TX_APP_SEM_CREATION not found: check if there is a RefParameter without a condition.
2025-10-15 16:19:23,524 [WARN] IP:2250 - TX_SEMAPHORE_NAME not found: check if there is a RefParameter without a condition.
2025-10-15 16:19:23,524 [WARN] IP:2250 - TX_SEMAPHORE_COUNT not found: check if there is a RefParameter without a condition.
2025-10-15 16:19:23,524 [WARN] IP:2250 - TX_APP_MUTEX_CREATION not found: check if there is a RefParameter without a condition.
2025-10-15 16:19:23,524 [WARN] IP:2250 - TX_MUTEX_NAME not found: check if there is a RefParameter without a condition.
2025-10-15 16:19:23,524 [WARN] IP:2250 - TX_Mutex_INHERITANCE not found: check if there is a RefParameter without a condition.
2025-10-15 16:19:23,524 [WARN] IP:2250 - TX_APP_MSG_QUEUE_CREATION not found: check if there is a RefParameter without a condition.
2025-10-15 16:19:23,524 [WARN] IP:2250 - TX_MSG_QUEUE_NAME not found: check if there is a RefParameter without a condition.
2025-10-15 16:19:23,524 [WARN] IP:2250 - TX_MSG_SIZE_WORDS not found: check if there is a RefParameter without a condition.
2025-10-15 16:19:23,524 [WARN] IP:2250 - TX_NB_MSG not found: check if there is a RefParameter without a condition.
2025-10-15 16:19:23,524 [WARN] IP:2250 - TX_NO_TIMER not found: check if there is a RefParameter without a condition.
2025-10-15 16:19:23,524 [WARN] IP:2250 - TX_BASEPRI_VALUE not found: check if there is a RefParameter without a condition.
2025-10-15 16:19:23,525 [WARN] IP:2250 - TX_APP_CREATION not found: check if there is a RefParameter without a condition.
2025-10-15 16:19:23,525 [WARN] IP:2250 - TX_APP_THREAD_ENTRY not found: check if there is a RefParameter without a condition.
2025-10-15 16:19:23,525 [WARN] IP:2250 - TX_APP_THREAD_NAME not found: check if there is a RefParameter without a condition.
2025-10-15 16:19:23,525 [WARN] IP:2250 - TX_APP_THREAD_PRIO not found: check if there is a RefParameter without a condition.
2025-10-15 16:19:23,525 [WARN] IP:2250 - TX_APP_STACK_SIZE not found: check if there is a RefParameter without a condition.
2025-10-15 16:19:23,525 [WARN] IP:2250 - TX_APP_SEM_CREATION not found: check if there is a RefParameter without a condition.
2025-10-15 16:19:23,525 [WARN] IP:2250 - TX_SEMAPHORE_NAME not found: check if there is a RefParameter without a condition.
2025-10-15 16:19:23,525 [WARN] IP:2250 - TX_SEMAPHORE_COUNT not found: check if there is a RefParameter without a condition.
2025-10-15 16:19:23,525 [WARN] IP:2250 - TX_APP_MUTEX_CREATION not found: check if there is a RefParameter without a condition.
2025-10-15 16:19:23,525 [WARN] IP:2250 - TX_MUTEX_NAME not found: check if there is a RefParameter without a condition.
2025-10-15 16:19:23,525 [WARN] IP:2250 - TX_Mutex_INHERITANCE not found: check if there is a RefParameter without a condition.
2025-10-15 16:19:23,525 [WARN] IP:2250 - TX_APP_MSG_QUEUE_CREATION not found: check if there is a RefParameter without a condition.
2025-10-15 16:19:23,525 [WARN] IP:2250 - TX_MSG_QUEUE_NAME not found: check if there is a RefParameter without a condition.
2025-10-15 16:19:23,525 [WARN] IP:2250 - TX_MSG_SIZE_WORDS not found: check if there is a RefParameter without a condition.
2025-10-15 16:19:23,525 [WARN] IP:2250 - TX_NB_MSG not found: check if there is a RefParameter without a condition.
2025-10-15 16:19:23,526 [INFO] RtosManager:558 - Registered RTOS mode: class=RTOS, group=ThreadX, mode=RTOSJjThreadX, owner=STMicroelectronics.X-CUBE-AZRTOS-H7.3.3.0
2025-10-15 16:19:23,526 [WARN] IP:2250 - TX_APP_CREATION not found: check if there is a RefParameter without a condition.
2025-10-15 16:19:23,526 [WARN] IP:2250 - TX_APP_THREAD_ENTRY not found: check if there is a RefParameter without a condition.
2025-10-15 16:19:23,526 [WARN] IP:2250 - TX_APP_THREAD_NAME not found: check if there is a RefParameter without a condition.
2025-10-15 16:19:23,526 [WARN] IP:2250 - TX_APP_THREAD_PRIO not found: check if there is a RefParameter without a condition.
2025-10-15 16:19:23,526 [WARN] IP:2250 - TX_APP_STACK_SIZE not found: check if there is a RefParameter without a condition.
2025-10-15 16:19:23,526 [WARN] IP:2250 - TX_APP_SEM_CREATION not found: check if there is a RefParameter without a condition.
2025-10-15 16:19:23,526 [WARN] IP:2250 - TX_SEMAPHORE_NAME not found: check if there is a RefParameter without a condition.
2025-10-15 16:19:23,526 [WARN] IP:2250 - TX_SEMAPHORE_COUNT not found: check if there is a RefParameter without a condition.
2025-10-15 16:19:23,526 [WARN] IP:2250 - TX_APP_MUTEX_CREATION not found: check if there is a RefParameter without a condition.
2025-10-15 16:19:23,526 [WARN] IP:2250 - TX_MUTEX_NAME not found: check if there is a RefParameter without a condition.
2025-10-15 16:19:23,526 [WARN] IP:2250 - TX_Mutex_INHERITANCE not found: check if there is a RefParameter without a condition.
2025-10-15 16:19:23,526 [WARN] IP:2250 - TX_APP_MSG_QUEUE_CREATION not found: check if there is a RefParameter without a condition.
2025-10-15 16:19:23,526 [WARN] IP:2250 - TX_MSG_QUEUE_NAME not found: check if there is a RefParameter without a condition.
2025-10-15 16:19:23,526 [WARN] IP:2250 - TX_MSG_SIZE_WORDS not found: check if there is a RefParameter without a condition.
2025-10-15 16:19:23,526 [WARN] IP:2250 - TX_NB_MSG not found: check if there is a RefParameter without a condition.
2025-10-15 16:19:23,527 [INFO] RtosManager:558 - Registered RTOS mode: class=RTOS, group=ThreadX, mode=RTOSJjThreadX, owner=STMicroelectronics.X-CUBE-AZRTOS-H7.3.3.0
2025-10-15 16:19:23,527 [WARN] IP:2250 - TX_NO_TIMER not found: check if there is a RefParameter without a condition.
2025-10-15 16:19:23,527 [WARN] IP:2250 - TX_BASEPRI_VALUE not found: check if there is a RefParameter without a condition.
2025-10-15 16:19:23,527 [WARN] IP:2250 - TX_APP_CREATION not found: check if there is a RefParameter without a condition.
2025-10-15 16:19:23,527 [WARN] IP:2250 - TX_APP_THREAD_ENTRY not found: check if there is a RefParameter without a condition.
2025-10-15 16:19:23,527 [WARN] IP:2250 - TX_APP_THREAD_NAME not found: check if there is a RefParameter without a condition.
2025-10-15 16:19:23,527 [WARN] IP:2250 - TX_APP_THREAD_PRIO not found: check if there is a RefParameter without a condition.
2025-10-15 16:19:23,527 [WARN] IP:2250 - TX_APP_STACK_SIZE not found: check if there is a RefParameter without a condition.
2025-10-15 16:19:23,527 [WARN] IP:2250 - TX_APP_SEM_CREATION not found: check if there is a RefParameter without a condition.
2025-10-15 16:19:23,527 [WARN] IP:2250 - TX_SEMAPHORE_NAME not found: check if there is a RefParameter without a condition.
2025-10-15 16:19:23,527 [WARN] IP:2250 - TX_SEMAPHORE_COUNT not found: check if there is a RefParameter without a condition.
2025-10-15 16:19:23,527 [WARN] IP:2250 - TX_APP_MUTEX_CREATION not found: check if there is a RefParameter without a condition.
2025-10-15 16:19:23,527 [WARN] IP:2250 - TX_MUTEX_NAME not found: check if there is a RefParameter without a condition.
2025-10-15 16:19:23,527 [WARN] IP:2250 - TX_Mutex_INHERITANCE not found: check if there is a RefParameter without a condition.
2025-10-15 16:19:23,527 [WARN] IP:2250 - TX_APP_MSG_QUEUE_CREATION not found: check if there is a RefParameter without a condition.
2025-10-15 16:19:23,528 [WARN] IP:2250 - TX_MSG_QUEUE_NAME not found: check if there is a RefParameter without a condition.
2025-10-15 16:19:23,528 [WARN] IP:2250 - TX_MSG_SIZE_WORDS not found: check if there is a RefParameter without a condition.
2025-10-15 16:19:23,528 [WARN] IP:2250 - TX_NB_MSG not found: check if there is a RefParameter without a condition.
2025-10-15 16:19:23,528 [INFO] RtosManager:558 - Registered RTOS mode: class=RTOS, group=ThreadX, mode=RTOSJjThreadX, owner=STMicroelectronics.X-CUBE-AZRTOS-H7.3.3.0
2025-10-15 16:19:23,528 [WARN] IP:2250 - TX_NO_TIMER not found: check if there is a RefParameter without a condition.
2025-10-15 16:19:23,528 [WARN] IP:2250 - TX_BASEPRI_VALUE not found: check if there is a RefParameter without a condition.
2025-10-15 16:19:23,528 [WARN] IP:2250 - TX_APP_CREATION not found: check if there is a RefParameter without a condition.
2025-10-15 16:19:23,529 [WARN] IP:2250 - TX_APP_THREAD_ENTRY not found: check if there is a RefParameter without a condition.
2025-10-15 16:19:23,529 [WARN] IP:2250 - TX_APP_THREAD_NAME not found: check if there is a RefParameter without a condition.
2025-10-15 16:19:23,529 [WARN] IP:2250 - TX_APP_THREAD_PRIO not found: check if there is a RefParameter without a condition.
2025-10-15 16:19:23,529 [WARN] IP:2250 - TX_APP_STACK_SIZE not found: check if there is a RefParameter without a condition.
2025-10-15 16:19:23,529 [WARN] IP:2250 - TX_APP_SEM_CREATION not found: check if there is a RefParameter without a condition.
2025-10-15 16:19:23,529 [WARN] IP:2250 - TX_SEMAPHORE_NAME not found: check if there is a RefParameter without a condition.
2025-10-15 16:19:23,529 [WARN] IP:2250 - TX_SEMAPHORE_COUNT not found: check if there is a RefParameter without a condition.
2025-10-15 16:19:23,529 [WARN] IP:2250 - TX_APP_MUTEX_CREATION not found: check if there is a RefParameter without a condition.
2025-10-15 16:19:23,529 [WARN] IP:2250 - TX_MUTEX_NAME not found: check if there is a RefParameter without a condition.
2025-10-15 16:19:23,529 [WARN] IP:2250 - TX_Mutex_INHERITANCE not found: check if there is a RefParameter without a condition.
2025-10-15 16:19:23,529 [WARN] IP:2250 - TX_APP_MSG_QUEUE_CREATION not found: check if there is a RefParameter without a condition.
2025-10-15 16:19:23,529 [WARN] IP:2250 - TX_MSG_QUEUE_NAME not found: check if there is a RefParameter without a condition.
2025-10-15 16:19:23,529 [WARN] IP:2250 - TX_MSG_SIZE_WORDS not found: check if there is a RefParameter without a condition.
2025-10-15 16:19:23,529 [WARN] IP:2250 - TX_NB_MSG not found: check if there is a RefParameter without a condition.
2025-10-15 16:19:23,529 [INFO] RtosManager:558 - Registered RTOS mode: class=RTOS, group=ThreadX, mode=RTOSJjThreadX, owner=STMicroelectronics.X-CUBE-AZRTOS-H7.3.3.0
2025-10-15 16:19:23,530 [WARN] IP:2250 - TX_NO_TIMER not found: check if there is a RefParameter without a condition.
2025-10-15 16:19:23,530 [WARN] IP:2250 - TX_BASEPRI_VALUE not found: check if there is a RefParameter without a condition.
2025-10-15 16:19:23,530 [WARN] IP:2250 - TX_APP_CREATION not found: check if there is a RefParameter without a condition.
2025-10-15 16:19:23,530 [WARN] IP:2250 - TX_APP_THREAD_ENTRY not found: check if there is a RefParameter without a condition.
2025-10-15 16:19:23,530 [WARN] IP:2250 - TX_APP_THREAD_NAME not found: check if there is a RefParameter without a condition.
2025-10-15 16:19:23,530 [WARN] IP:2250 - TX_APP_THREAD_PRIO not found: check if there is a RefParameter without a condition.
2025-10-15 16:19:23,530 [WARN] IP:2250 - TX_APP_STACK_SIZE not found: check if there is a RefParameter without a condition.
2025-10-15 16:19:23,530 [WARN] IP:2250 - TX_APP_SEM_CREATION not found: check if there is a RefParameter without a condition.
2025-10-15 16:19:23,530 [WARN] IP:2250 - TX_SEMAPHORE_NAME not found: check if there is a RefParameter without a condition.
2025-10-15 16:19:23,530 [WARN] IP:2250 - TX_SEMAPHORE_COUNT not found: check if there is a RefParameter without a condition.
2025-10-15 16:19:23,530 [WARN] IP:2250 - TX_APP_MUTEX_CREATION not found: check if there is a RefParameter without a condition.
2025-10-15 16:19:23,530 [WARN] IP:2250 - TX_MUTEX_NAME not found: check if there is a RefParameter without a condition.
2025-10-15 16:19:23,530 [WARN] IP:2250 - TX_Mutex_INHERITANCE not found: check if there is a RefParameter without a condition.
2025-10-15 16:19:23,530 [WARN] IP:2250 - TX_APP_MSG_QUEUE_CREATION not found: check if there is a RefParameter without a condition.
2025-10-15 16:19:23,530 [WARN] IP:2250 - TX_MSG_QUEUE_NAME not found: check if there is a RefParameter without a condition.
2025-10-15 16:19:23,530 [WARN] IP:2250 - TX_MSG_SIZE_WORDS not found: check if there is a RefParameter without a condition.
2025-10-15 16:19:23,530 [WARN] IP:2250 - TX_NB_MSG not found: check if there is a RefParameter without a condition.
2025-10-15 16:19:24,063 [INFO] ThirdPartyModel:298 - Start build external matchings
2025-10-15 16:19:24,338 [INFO] ThirdPartyModel:316 - End build external matchings
2025-10-15 16:19:24,348 [INFO] RtosManager:1018 - Current active RTOS is STMicroelectronics.X-CUBE-AZRTOS-H7.3.3.0 [Cortex-M7NS]
2025-10-15 16:19:24,358 [WARN] IP:2250 - TX_NO_TIMER not found: check if there is a RefParameter without a condition.
2025-10-15 16:19:24,358 [WARN] IP:2250 - TX_LOW_POWER_TICKLESS not found: check if there is a RefParameter without a condition.
2025-10-15 16:19:24,358 [WARN] IP:2250 - TX_LOW_POWER_USER_ENTER not found: check if there is a RefParameter without a condition.
2025-10-15 16:19:24,358 [WARN] IP:2250 - TX_LOW_POWER_USER_EXIT not found: check if there is a RefParameter without a condition.
2025-10-15 16:19:24,358 [WARN] IP:2250 - TX_LOW_POWER_USER_TIMER_ADJUST not found: check if there is a RefParameter without a condition.
2025-10-15 16:19:24,358 [WARN] IP:2250 - TX_LOW_POWER_TIMER_SETUP not found: check if there is a RefParameter without a condition.
2025-10-15 16:19:24,358 [WARN] IP:2250 - TX_BASEPRI_VALUE not found: check if there is a RefParameter without a condition.
2025-10-15 16:19:24,358 [WARN] IP:2250 - TX_APP_CREATION not found: check if there is a RefParameter without a condition.
2025-10-15 16:19:24,358 [WARN] IP:2250 - TX_APP_THREAD_ENTRY not found: check if there is a RefParameter without a condition.
2025-10-15 16:19:24,358 [WARN] IP:2250 - TX_APP_THREAD_NAME not found: check if there is a RefParameter without a condition.
2025-10-15 16:19:24,358 [WARN] IP:2250 - TX_APP_THREAD_PRIO not found: check if there is a RefParameter without a condition.
2025-10-15 16:19:24,358 [WARN] IP:2250 - TX_APP_STACK_SIZE not found: check if there is a RefParameter without a condition.
2025-10-15 16:19:24,358 [WARN] IP:2250 - TX_APP_SEM_CREATION not found: check if there is a RefParameter without a condition.
2025-10-15 16:19:24,358 [WARN] IP:2250 - TX_SEMAPHORE_NAME not found: check if there is a RefParameter without a condition.
2025-10-15 16:19:24,358 [WARN] IP:2250 - TX_SEMAPHORE_COUNT not found: check if there is a RefParameter without a condition.
2025-10-15 16:19:24,358 [WARN] IP:2250 - TX_APP_MUTEX_CREATION not found: check if there is a RefParameter without a condition.
2025-10-15 16:19:24,358 [WARN] IP:2250 - TX_MUTEX_NAME not found: check if there is a RefParameter without a condition.
2025-10-15 16:19:24,358 [WARN] IP:2250 - TX_Mutex_INHERITANCE not found: check if there is a RefParameter without a condition.
2025-10-15 16:19:24,358 [WARN] IP:2250 - TX_APP_MSG_QUEUE_CREATION not found: check if there is a RefParameter without a condition.
2025-10-15 16:19:24,358 [WARN] IP:2250 - TX_MSG_QUEUE_NAME not found: check if there is a RefParameter without a condition.
2025-10-15 16:19:24,358 [WARN] IP:2250 - TX_MSG_SIZE_WORDS not found: check if there is a RefParameter without a condition.
2025-10-15 16:19:24,358 [WARN] IP:2250 - TX_NB_MSG not found: check if there is a RefParameter without a condition.
2025-10-15 16:19:24,852 [INFO] UtilMem:75 - End LoadConfig() Used Memory: 871252104 Bytes (1073741824)
2025-10-15 16:19:24,889 [WARN] ThirdParty:833 - waiting for thirdparty lock release [change project]
2025-10-15 16:19:24,890 [INFO] ThirdParty:835 - entering critical section [change project]
2025-10-15 16:19:24,890 [INFO] ThirdParty:1030 - CMSIS Pack Vendor :STMicroelectronics X-CUBE-PM33A1 1.0.0
2025-10-15 16:19:24,890 [INFO] ThirdParty:1030 - CMSIS Pack Vendor :STMicroelectronics USBPD 4.1
2025-10-15 16:19:24,890 [INFO] ThirdParty:1030 - CMSIS Pack Vendor :STMicroelectronics X-CUBE-AZRTOS-H7 3.3.0
2025-10-15 16:19:24,890 [INFO] ThirdParty:1030 - CMSIS Pack Vendor :STMicroelectronics X-CUBE-NFC9 1.0.0
2025-10-15 16:19:24,890 [INFO] ThirdParty:1030 - CMSIS Pack Vendor :STMicroelectronics USB_HOST 2.0.0
2025-10-15 16:19:24,890 [INFO] ThirdParty:1030 - CMSIS Pack Vendor :STMicroelectronics FP-SNS-MOTENVWB1 1.4.0
2025-10-15 16:19:24,890 [INFO] ThirdParty:1030 - CMSIS Pack Vendor :STMicroelectronics X-CUBE-AZRTOS-F4 1.1.0
2025-10-15 16:19:24,890 [INFO] ThirdParty:1030 - CMSIS Pack Vendor :STMicroelectronics LIBJPEG 8.0.0
2025-10-15 16:19:24,890 [INFO] ThirdParty:1030 - CMSIS Pack Vendor :STMicroelectronics FP-ATR-ASTRA1 2.0.2
2025-10-15 16:19:24,890 [INFO] ThirdParty:1030 - CMSIS Pack Vendor :wolfSSL I-CUBE-wolfSSL 5.8.2
2025-10-15 16:19:24,890 [INFO] ThirdParty:1030 - CMSIS Pack Vendor :STMicroelectronics X-CUBE-BLE1 7.1.0
2025-10-15 16:19:24,890 [INFO] ThirdParty:1030 - CMSIS Pack Vendor :Avnet-IotConnect X-CUBE-IoTC-DA16k-PMOD 1.0.0
2025-10-15 16:19:24,890 [INFO] ThirdParty:1030 - CMSIS Pack Vendor :STMicroelectronics X-CUBE-SMBUS 2.1.0
2025-10-15 16:19:24,890 [INFO] ThirdParty:1030 - CMSIS Pack Vendor :wolfSSL I-CUBE-wolfMQTT 1.19.2
2025-10-15 16:19:24,890 [INFO] ThirdParty:1030 - CMSIS Pack Vendor :STMicroelectronics USB_DEVICE 3.0.0
2025-10-15 16:19:24,890 [INFO] ThirdParty:1030 - CMSIS Pack Vendor :STMicroelectronics X-CUBE-ISPU 2.1.0
2025-10-15 16:19:24,890 [INFO] ThirdParty:1030 - CMSIS Pack Vendor :STMicroelectronics X-CUBE-EEPRMA1 5.2.0
2025-10-15 16:19:24,890 [INFO] ThirdParty:1030 - CMSIS Pack Vendor :STMicroelectronics X-CUBE-IPS 3.2.0
2025-10-15 16:19:24,890 [INFO] ThirdParty:1030 - CMSIS Pack Vendor :STMicroelectronics X-CUBE-BLEMGR 4.1.0
2025-10-15 16:19:24,890 [INFO] ThirdParty:1030 - CMSIS Pack Vendor :STMicroelectronics X-CUBE-AZRTOS-WB 2.0.0
2025-10-15 16:19:24,890 [INFO] ThirdParty:1030 - CMSIS Pack Vendor :STMicroelectronics X-CUBE-ST60 1.0.0
2025-10-15 16:19:24,890 [INFO] ThirdParty:1030 - CMSIS Pack Vendor :STMicroelectronics X-CUBE-GNSS1 7.0.1
2025-10-15 16:19:24,890 [INFO] ThirdParty:1030 - CMSIS Pack Vendor :STMicroelectronics X-CUBE-NFC12 1.0.0
2025-10-15 16:19:24,891 [INFO] ThirdParty:1030 - CMSIS Pack Vendor :STMicroelectronics X-CUBE-AZRTOS-F7 1.1.0
2025-10-15 16:19:24,891 [INFO] ThirdParty:1030 - CMSIS Pack Vendor :STMicroelectronics X-CUBE-AZRTOS-L5 2.0.0
2025-10-15 16:19:24,891 [INFO] ThirdParty:1030 - CMSIS Pack Vendor :STMicroelectronics X-CUBE-TOUCHGFX 4.25.0
2025-10-15 16:19:24,891 [INFO] ThirdParty:1030 - CMSIS Pack Vendor :STMicroelectronics USB_DEVICE 2.0.0
2025-10-15 16:19:24,891 [INFO] ThirdParty:1030 - CMSIS Pack Vendor :STMicroelectronics X-CUBE-NFC6 3.1.0
2025-10-15 16:19:24,891 [INFO] ThirdParty:1030 - CMSIS Pack Vendor :STMicroelectronics X-CUBE-ST67W61 1.1.0
2025-10-15 16:19:24,891 [INFO] ThirdParty:1030 - CMSIS Pack Vendor :Cesanta I-CUBE-Mongoose 7.19.0
2025-10-15 16:19:24,891 [INFO] ThirdParty:1030 - CMSIS Pack Vendor :quantropi X-CUBE-qispace-sdk-base 2.1.0
2025-10-15 16:19:24,891 [INFO] ThirdParty:1030 - CMSIS Pack Vendor :STMicroelectronics FreeRTOS 0.0.1
2025-10-15 16:19:24,891 [INFO] ThirdParty:1030 - CMSIS Pack Vendor :STMicroelectronics X-CUBE-AZRTOS-G0 1.1.0
2025-10-15 16:19:24,891 [INFO] ThirdParty:1030 - CMSIS Pack Vendor :STMicroelectronics X-CUBE-SAFEA1 1.2.2
2025-10-15 16:19:24,891 [INFO] ThirdParty:1030 - CMSIS Pack Vendor :STMicroelectronics X-CUBE-NFC4 3.0.0
2025-10-15 16:19:24,891 [INFO] ThirdParty:1030 - CMSIS Pack Vendor :STMicroelectronics X-CUBE-SUBG2 5.0.0
2025-10-15 16:19:24,891 [INFO] ThirdParty:1030 - CMSIS Pack Vendor :STMicroelectronics X-CUBE-AZRTOS-H7RS 1.1.0
2025-10-15 16:19:24,891 [INFO] ThirdParty:1030 - CMSIS Pack Vendor :STMicroelectronics STM32_WPAN 1.0.0
2025-10-15 16:19:24,891 [INFO] ThirdParty:1030 - CMSIS Pack Vendor :EmbeddedOffice I-CUBE-FS-RTOS 1.0.1
2025-10-15 16:19:24,891 [INFO] ThirdParty:1030 - CMSIS Pack Vendor :STMicroelectronics lwIP 2.0.3
2025-10-15 16:19:24,891 [INFO] ThirdParty:1030 - CMSIS Pack Vendor :WES I-CUBE-Cesium 1.4.0
2025-10-15 16:19:24,891 [INFO] ThirdParty:1030 - CMSIS Pack Vendor :STMicroelectronics USB_HOST 1.0.0
2025-10-15 16:19:24,891 [INFO] ThirdParty:1030 - CMSIS Pack Vendor :Infineon AIROC-Wi-Fi-Bluetooth-STM32 1.7.1
2025-10-15 16:19:24,891 [INFO] ThirdParty:1030 - CMSIS Pack Vendor :STMicroelectronics X-CUBE-AZRTOS-G4 2.0.0
2025-10-15 16:19:24,891 [INFO] ThirdParty:1030 - CMSIS Pack Vendor :STMicroelectronics X-CUBE-WB05N 2.0.0
2025-10-15 16:19:24,891 [INFO] ThirdParty:1030 - CMSIS Pack Vendor :STMicroelectronics PDM2PCM 3.1.0
2025-10-15 16:19:24,891 [INFO] ThirdParty:1030 - CMSIS Pack Vendor :STMicroelectronics PDM2PCM 3.3.0
2025-10-15 16:19:24,891 [INFO] ThirdParty:1030 - CMSIS Pack Vendor :wolfSSL I-CUBE-wolfTPM 3.8.0
2025-10-15 16:19:24,891 [INFO] ThirdParty:1030 - CMSIS Pack Vendor :STMicroelectronics X-CUBE-AZRTOS-H7 3.4.0
2025-10-15 16:19:24,891 [INFO] ThirdParty:1030 - CMSIS Pack Vendor :STMicroelectronics X-CUBE-DISPLAY 3.0.0
2025-10-15 16:19:24,891 [INFO] ThirdParty:1030 - CMSIS Pack Vendor :wolfSSL I-CUBE-wolfSSH 1.4.20
2025-10-15 16:19:24,891 [INFO] ThirdParty:1030 - CMSIS Pack Vendor :STMicroelectronics X-CUBE-NFC7 2.0.0
2025-10-15 16:19:24,891 [INFO] ThirdParty:1030 - CMSIS Pack Vendor :STMicroelectronics X-CUBE-TCPP 4.2.0
2025-10-15 16:19:24,891 [INFO] ThirdParty:1030 - CMSIS Pack Vendor :RealThread X-CUBE-RT-Thread_Nano 4.1.1
2025-10-15 16:19:24,891 [INFO] ThirdParty:1030 - CMSIS Pack Vendor :STMicroelectronics FP-ATR-SIGFOX1 3.2.0
2025-10-15 16:19:24,891 [INFO] ThirdParty:1030 - CMSIS Pack Vendor :STMicroelectronics X-CUBE-NFC10 1.0.0
2025-10-15 16:19:24,891 [INFO] ThirdParty:1030 - CMSIS Pack Vendor :STMicroelectronics X-CUBE-FREERTOS 1.3.1
2025-10-15 16:19:24,891 [INFO] ThirdParty:1030 - CMSIS Pack Vendor :STMicroelectronics HAL Drivers 0.0.0
2025-10-15 16:19:24,891 [INFO] ThirdParty:1030 - CMSIS Pack Vendor :STMicroelectronics MBEDTLS 2.16.2
2025-10-15 16:19:24,891 [INFO] ThirdParty:1030 - CMSIS Pack Vendor :STMicroelectronics X-CUBE-IPS 3.1.0
2025-10-15 16:19:24,891 [INFO] ThirdParty:1030 - CMSIS Pack Vendor :STMicroelectronics X-CUBE-ALS 1.0.2
2025-10-15 16:19:24,891 [INFO] ThirdParty:1030 - CMSIS Pack Vendor :emotas I-CUBE-CANOPEN 1.3.0
2025-10-15 16:19:24,891 [INFO] ThirdParty:1030 - CMSIS Pack Vendor :STMicroelectronics MBEDTLS 2.14.1
2025-10-15 16:19:24,891 [INFO] ThirdParty:1030 - CMSIS Pack Vendor :ITTIA_DB I-CUBE-ITTIADB 8.9.0
2025-10-15 16:19:24,891 [INFO] ThirdParty:1030 - CMSIS Pack Vendor :STMicroelectronics X-CUBE-TOUCHGFX 4.26.0
2025-10-15 16:19:24,891 [INFO] ThirdParty:1030 - CMSIS Pack Vendor :STMicroelectronics X-CUBE-STSE01 1.0.0
2025-10-15 16:19:24,892 [INFO] ThirdParty:1030 - CMSIS Pack Vendor :STMicroelectronics X-CUBE-ST67W61 1.0.0
2025-10-15 16:19:24,892 [INFO] ThirdParty:1030 - CMSIS Pack Vendor :STMicroelectronics FP-SNS-STBOX1 2.1.0
2025-10-15 16:19:24,892 [INFO] ThirdParty:1030 - CMSIS Pack Vendor :STMicroelectronics X-CUBE-AI 10.2.0
2025-10-15 16:19:24,892 [INFO] ThirdParty:1030 - CMSIS Pack Vendor :STMicroelectronics FP-SNS-STAIOTCFT 1.0.0
2025-10-15 16:19:24,892 [INFO] ThirdParty:1030 - CMSIS Pack Vendor :STMicroelectronics ThreadX 1.0.0
2025-10-15 16:19:24,892 [INFO] ThirdParty:1030 - CMSIS Pack Vendor :STMicroelectronics FP-SNS-SMARTAG2 1.2.0
2025-10-15 16:19:24,892 [INFO] ThirdParty:1030 - CMSIS Pack Vendor :STMicroelectronics FP-SNS-FLIGHT1 5.1.0
2025-10-15 16:19:24,892 [INFO] ThirdParty:1030 - CMSIS Pack Vendor :STMicroelectronics X-CUBE-AZRTOS-WL 2.0.0
2025-10-15 16:19:24,892 [INFO] ThirdParty:1030 - CMSIS Pack Vendor :SEGGER I-CUBE-embOS 1.3.1
2025-10-15 16:19:24,892 [INFO] ThirdParty:1030 - CMSIS Pack Vendor :STMicroelectronics X-CUBE-ALGOBUILD 1.4.0
2025-10-15 16:19:24,892 [INFO] ThirdParty:1030 - CMSIS Pack Vendor :STMicroelectronics X-CUBE-DPower 1.3.0
2025-10-15 16:19:24,892 [INFO] ThirdParty:1030 - CMSIS Pack Vendor :STMicroelectronics X-CUBE-MEMS1 11.3.0
2025-10-15 16:19:24,892 [INFO] ThirdParty:1030 - CMSIS Pack Vendor :STMicroelectronics FP-SNS-MOTENV1 5.0.0
2025-10-15 16:19:24,892 [INFO] ThirdParty:1030 - CMSIS Pack Vendor :STMicroelectronics USB_DEVICE 1.0.0
2025-10-15 16:19:24,892 [INFO] ThirdParty:1030 - CMSIS Pack Vendor :STMicroelectronics X-CUBE-AZRTOS-L4 2.0.0
2025-10-15 16:19:24,892 [INFO] ThirdParty:1030 - CMSIS Pack Vendor :STMicroelectronics ThreadX 0.0.2
2025-10-15 16:19:24,893 [INFO] ThirdParty:1030 - CMSIS Pack Vendor :STMicroelectronics lwIP 2.1.2
2025-10-15 16:19:24,893 [INFO] ThirdParty:1030 - CMSIS Pack Vendor :STMicroelectronics X-CUBE-SFXS2LP1 4.0.0
2025-10-15 16:19:24,893 [INFO] ThirdParty:1030 - CMSIS Pack Vendor :STMicroelectronics X-CUBE-BLE2 3.3.0
2025-10-15 16:19:24,893 [INFO] ThirdParty:1030 - CMSIS Pack Vendor :STMicroelectronics X-CUBE-TOF1 3.4.3
2025-10-15 16:19:24,893 [INFO] ThirdParty:1030 - CMSIS Pack Vendor :STMicroelectronics PDM2PCM 3.2.0
2025-10-15 16:19:24,893 [INFO] ThirdParty:841 - exiting critical section [change project]
2025-10-15 16:19:25,230 [INFO] PinOutPanel:1589 - setPackage(No Configuration,No Configuration)
2025-10-15 16:19:25,236 [INFO] PinOutPanel:1589 - setPackage(STM32H753ZITx,LQFP144)
2025-10-15 16:19:25,913 [INFO] UtilMem:75 - Before build in PCC Used Memory: 523771736 Bytes (1073741824)
2025-10-15 16:19:26,239 [INFO] UtilMem:75 - After build in PCC Used Memory: 585637720 Bytes (1073741824)
2025-10-15 16:19:26,278 [INFO] IPUIPlugin:80 - create IPUIPlugin
2025-10-15 16:19:26,284 [INFO] IPUIPlugin:80 - create IPUIPlugin
2025-10-15 16:19:26,284 [INFO] IPUIPlugin:80 - create IPUIPlugin
2025-10-15 16:19:26,284 [INFO] IPUIPlugin:80 - create IPUIPlugin
2025-10-15 16:19:26,284 [INFO] IPUIPlugin:80 - create IPUIPlugin
2025-10-15 16:19:26,284 [INFO] IPUIPlugin:80 - create IPUIPlugin
2025-10-15 16:19:26,285 [INFO] IPUIPlugin:80 - create IPUIPlugin
2025-10-15 16:19:26,285 [INFO] IPUIPlugin:80 - create IPUIPlugin
2025-10-15 16:19:26,285 [INFO] IPUIPlugin:80 - create IPUIPlugin
2025-10-15 16:19:26,285 [INFO] IPUIPlugin:80 - create IPUIPlugin
2025-10-15 16:19:26,285 [INFO] IPUIPlugin:80 - create IPUIPlugin
2025-10-15 16:19:26,285 [INFO] IPUIPlugin:80 - create IPUIPlugin
2025-10-15 16:19:26,285 [INFO] IPUIPlugin:80 - create IPUIPlugin
2025-10-15 16:19:26,285 [INFO] IPUIPlugin:80 - create IPUIPlugin
2025-10-15 16:19:26,285 [INFO] IPUIPlugin:80 - create IPUIPlugin
2025-10-15 16:19:26,285 [INFO] IPUIPlugin:80 - create IPUIPlugin
2025-10-15 16:19:26,285 [INFO] IPUIPlugin:80 - create IPUIPlugin
2025-10-15 16:19:26,285 [INFO] IPUIPlugin:80 - create IPUIPlugin
2025-10-15 16:19:26,285 [INFO] IPUIPlugin:80 - create IPUIPlugin
2025-10-15 16:19:26,285 [INFO] IPUIPlugin:80 - create IPUIPlugin
2025-10-15 16:19:26,285 [INFO] IPUIPlugin:80 - create IPUIPlugin
2025-10-15 16:19:26,285 [INFO] IPUIPlugin:80 - create IPUIPlugin
2025-10-15 16:19:26,285 [INFO] IPUIPlugin:80 - create IPUIPlugin
2025-10-15 16:19:26,285 [INFO] IPUIPlugin:80 - create IPUIPlugin
2025-10-15 16:19:26,285 [INFO] IPUIPlugin:80 - create IPUIPlugin
2025-10-15 16:19:26,285 [INFO] IPUIPlugin:80 - create IPUIPlugin
2025-10-15 16:19:26,285 [INFO] IPUIPlugin:80 - create IPUIPlugin
2025-10-15 16:19:26,285 [INFO] IPUIPlugin:80 - create IPUIPlugin
2025-10-15 16:19:26,285 [INFO] IPUIPlugin:80 - create IPUIPlugin
2025-10-15 16:19:26,285 [INFO] IPUIPlugin:80 - create IPUIPlugin
2025-10-15 16:19:26,285 [INFO] IPUIPlugin:80 - create IPUIPlugin
2025-10-15 16:19:26,285 [INFO] IPUIPlugin:80 - create IPUIPlugin
2025-10-15 16:19:26,285 [INFO] IPUIPlugin:80 - create IPUIPlugin
2025-10-15 16:19:26,285 [INFO] IPUIPlugin:80 - create IPUIPlugin
2025-10-15 16:19:26,285 [INFO] IPUIPlugin:80 - create IPUIPlugin
2025-10-15 16:19:26,285 [INFO] IPUIPlugin:80 - create IPUIPlugin
2025-10-15 16:19:26,285 [INFO] IPUIPlugin:80 - create IPUIPlugin
2025-10-15 16:19:26,285 [INFO] IPUIPlugin:80 - create IPUIPlugin
2025-10-15 16:19:26,285 [INFO] IPUIPlugin:80 - create IPUIPlugin
2025-10-15 16:19:26,285 [INFO] IPUIPlugin:80 - create IPUIPlugin
2025-10-15 16:19:26,285 [INFO] IPUIPlugin:80 - create IPUIPlugin
2025-10-15 16:19:26,285 [INFO] IPUIPlugin:80 - create IPUIPlugin
2025-10-15 16:19:26,285 [INFO] IPUIPlugin:80 - create IPUIPlugin
2025-10-15 16:19:26,285 [INFO] IPUIPlugin:80 - create IPUIPlugin
2025-10-15 16:19:26,285 [INFO] IPUIPlugin:80 - create IPUIPlugin
2025-10-15 16:19:26,285 [INFO] IPUIPlugin:80 - create IPUIPlugin
2025-10-15 16:19:26,285 [INFO] IPUIPlugin:80 - create IPUIPlugin
2025-10-15 16:19:26,285 [INFO] IPUIPlugin:80 - create IPUIPlugin
2025-10-15 16:19:26,285 [INFO] IPUIPlugin:80 - create IPUIPlugin
2025-10-15 16:19:26,285 [INFO] IPUIPlugin:80 - create IPUIPlugin
2025-10-15 16:19:26,285 [INFO] IPUIPlugin:80 - create IPUIPlugin
2025-10-15 16:19:26,285 [INFO] IPUIPlugin:80 - create IPUIPlugin
2025-10-15 16:19:26,285 [INFO] IPUIPlugin:80 - create IPUIPlugin
2025-10-15 16:19:26,285 [INFO] IPUIPlugin:80 - create IPUIPlugin
2025-10-15 16:19:26,285 [INFO] IPUIPlugin:80 - create IPUIPlugin
2025-10-15 16:19:26,285 [INFO] IPUIPlugin:80 - create IPUIPlugin
2025-10-15 16:19:26,285 [INFO] IPUIPlugin:80 - create IPUIPlugin
2025-10-15 16:19:26,285 [INFO] IPUIPlugin:80 - create IPUIPlugin
2025-10-15 16:19:26,285 [INFO] IPUIPlugin:80 - create IPUIPlugin
2025-10-15 16:19:26,285 [INFO] IPUIPlugin:80 - create IPUIPlugin
2025-10-15 16:19:26,285 [INFO] IPUIPlugin:80 - create IPUIPlugin
2025-10-15 16:19:26,285 [INFO] IPUIPlugin:80 - create IPUIPlugin
2025-10-15 16:19:26,285 [INFO] IPUIPlugin:80 - create IPUIPlugin
2025-10-15 16:19:26,285 [INFO] IPUIPlugin:80 - create IPUIPlugin
2025-10-15 16:19:26,285 [INFO] IPUIPlugin:80 - create IPUIPlugin
2025-10-15 16:19:26,293 [INFO] IPUIPlugin:80 - create IPUIPlugin
2025-10-15 16:19:26,294 [INFO] IPUIPlugin:80 - create IPUIPlugin
2025-10-15 16:19:26,294 [INFO] IPUIPlugin:80 - create IPUIPlugin
2025-10-15 16:19:26,295 [INFO] IPUIPlugin:80 - create IPUIPlugin
2025-10-15 16:19:26,295 [INFO] IPUIPlugin:80 - create IPUIPlugin
2025-10-15 16:19:26,295 [INFO] IPUIPlugin:80 - create IPUIPlugin
2025-10-15 16:19:26,295 [INFO] IPUIPlugin:80 - create IPUIPlugin
2025-10-15 16:19:26,296 [INFO] IPUIPlugin:80 - create IPUIPlugin
2025-10-15 16:19:26,297 [INFO] IPUIPlugin:80 - create IPUIPlugin
2025-10-15 16:19:26,297 [INFO] IPUIPlugin:80 - create IPUIPlugin
2025-10-15 16:19:26,297 [INFO] IPUIPlugin:80 - create IPUIPlugin
2025-10-15 16:19:26,297 [INFO] IPUIPlugin:80 - create IPUIPlugin
2025-10-15 16:19:26,297 [INFO] IPUIPlugin:80 - create IPUIPlugin
2025-10-15 16:19:26,297 [INFO] IPUIPlugin:80 - create IPUIPlugin
2025-10-15 16:19:26,298 [INFO] IPUIPlugin:80 - create IPUIPlugin
2025-10-15 16:19:26,298 [INFO] IPUIPlugin:80 - create IPUIPlugin
2025-10-15 16:19:26,298 [INFO] IPUIPlugin:80 - create IPUIPlugin
2025-10-15 16:19:26,298 [INFO] IPUIPlugin:80 - create IPUIPlugin
2025-10-15 16:19:26,298 [INFO] IPUIPlugin:80 - create IPUIPlugin
2025-10-15 16:19:26,299 [INFO] IPUIPlugin:80 - create IPUIPlugin
2025-10-15 16:19:26,299 [INFO] IPUIPlugin:80 - create IPUIPlugin
2025-10-15 16:19:26,299 [INFO] IPUIPlugin:80 - create IPUIPlugin
2025-10-15 16:19:26,299 [INFO] IPUIPlugin:80 - create IPUIPlugin
2025-10-15 16:19:26,299 [INFO] IPUIPlugin:80 - create IPUIPlugin
2025-10-15 16:19:26,300 [INFO] IPUIPlugin:80 - create IPUIPlugin
2025-10-15 16:19:26,300 [INFO] IPUIPlugin:80 - create IPUIPlugin
2025-10-15 16:19:26,300 [INFO] IPUIPlugin:80 - create IPUIPlugin
2025-10-15 16:19:26,301 [INFO] IPUIPlugin:80 - create IPUIPlugin
2025-10-15 16:19:26,301 [INFO] IPUIPlugin:80 - create IPUIPlugin
2025-10-15 16:19:26,301 [INFO] IPUIPlugin:80 - create IPUIPlugin
2025-10-15 16:19:26,301 [INFO] IPUIPlugin:80 - create IPUIPlugin
2025-10-15 16:19:26,302 [INFO] IPUIPlugin:80 - create IPUIPlugin
2025-10-15 16:19:26,302 [INFO] IPUIPlugin:80 - create IPUIPlugin
2025-10-15 16:19:26,302 [INFO] IPUIPlugin:80 - create IPUIPlugin
2025-10-15 16:19:26,303 [INFO] IPUIPlugin:80 - create IPUIPlugin
2025-10-15 16:19:26,303 [INFO] IPUIPlugin:80 - create IPUIPlugin
2025-10-15 16:19:26,303 [INFO] IPUIPlugin:80 - create IPUIPlugin
2025-10-15 16:19:26,307 [INFO] ApiDbMcu:532 - Load IP Config File for PDM2PCM
2025-10-15 16:19:26,402 [INFO] CADModel:165 - CPN selected for project levelSTM32H753ZIT6
2025-10-15 16:19:26,402 [INFO] CADModel:114 - Register for checkConnection events
2025-10-15 16:19:26,406 [INFO] RtosManager:728 - Active RTOS found at IOC load: STMicroelectronics.X-CUBE-AZRTOS-H7.3.3.0 [Cortex-M7NS]
2025-10-15 16:19:26,469 [INFO] OpenFileManager:386 - Restore cursor
2025-10-15 16:19:26,848 [WARN] IP:2250 - TX_NO_TIMER not found: check if there is a RefParameter without a condition.
2025-10-15 16:19:26,848 [WARN] IP:2250 - TX_LOW_POWER_TICKLESS not found: check if there is a RefParameter without a condition.
2025-10-15 16:19:26,848 [WARN] IP:2250 - TX_LOW_POWER_USER_ENTER not found: check if there is a RefParameter without a condition.
2025-10-15 16:19:26,848 [WARN] IP:2250 - TX_LOW_POWER_USER_EXIT not found: check if there is a RefParameter without a condition.
2025-10-15 16:19:26,848 [WARN] IP:2250 - TX_LOW_POWER_USER_TIMER_ADJUST not found: check if there is a RefParameter without a condition.
2025-10-15 16:19:26,848 [WARN] IP:2250 - TX_LOW_POWER_TIMER_SETUP not found: check if there is a RefParameter without a condition.
2025-10-15 16:19:26,848 [WARN] IP:2250 - TX_BASEPRI_VALUE not found: check if there is a RefParameter without a condition.
2025-10-15 16:19:26,848 [WARN] IP:2250 - TX_APP_CREATION not found: check if there is a RefParameter without a condition.
2025-10-15 16:19:26,848 [WARN] IP:2250 - TX_APP_THREAD_ENTRY not found: check if there is a RefParameter without a condition.
2025-10-15 16:19:26,848 [WARN] IP:2250 - TX_APP_THREAD_NAME not found: check if there is a RefParameter without a condition.
2025-10-15 16:19:26,848 [WARN] IP:2250 - TX_APP_THREAD_PRIO not found: check if there is a RefParameter without a condition.
2025-10-15 16:19:26,848 [WARN] IP:2250 - TX_APP_STACK_SIZE not found: check if there is a RefParameter without a condition.
2025-10-15 16:19:26,848 [WARN] IP:2250 - TX_APP_SEM_CREATION not found: check if there is a RefParameter without a condition.
2025-10-15 16:19:26,848 [WARN] IP:2250 - TX_SEMAPHORE_NAME not found: check if there is a RefParameter without a condition.
2025-10-15 16:19:26,848 [WARN] IP:2250 - TX_SEMAPHORE_COUNT not found: check if there is a RefParameter without a condition.
2025-10-15 16:19:26,848 [WARN] IP:2250 - TX_APP_MUTEX_CREATION not found: check if there is a RefParameter without a condition.
2025-10-15 16:19:26,848 [WARN] IP:2250 - TX_MUTEX_NAME not found: check if there is a RefParameter without a condition.
2025-10-15 16:19:26,848 [WARN] IP:2250 - TX_Mutex_INHERITANCE not found: check if there is a RefParameter without a condition.
2025-10-15 16:19:26,849 [WARN] IP:2250 - TX_APP_MSG_QUEUE_CREATION not found: check if there is a RefParameter without a condition.
2025-10-15 16:19:26,849 [WARN] IP:2250 - TX_MSG_QUEUE_NAME not found: check if there is a RefParameter without a condition.
2025-10-15 16:19:26,849 [WARN] IP:2250 - TX_MSG_SIZE_WORDS not found: check if there is a RefParameter without a condition.
2025-10-15 16:19:26,849 [WARN] IP:2250 - TX_NB_MSG not found: check if there is a RefParameter without a condition.
2025-10-15 16:19:26,850 [WARN] IP:2250 - TX_NO_TIMER not found: check if there is a RefParameter without a condition.
2025-10-15 16:19:26,850 [WARN] IP:2250 - TX_LOW_POWER_TICKLESS not found: check if there is a RefParameter without a condition.
2025-10-15 16:19:26,850 [WARN] IP:2250 - TX_LOW_POWER_USER_ENTER not found: check if there is a RefParameter without a condition.
2025-10-15 16:19:26,850 [WARN] IP:2250 - TX_LOW_POWER_USER_EXIT not found: check if there is a RefParameter without a condition.
2025-10-15 16:19:26,850 [WARN] IP:2250 - TX_LOW_POWER_USER_TIMER_ADJUST not found: check if there is a RefParameter without a condition.
2025-10-15 16:19:26,850 [WARN] IP:2250 - TX_LOW_POWER_TIMER_SETUP not found: check if there is a RefParameter without a condition.
2025-10-15 16:19:26,850 [WARN] IP:2250 - TX_BASEPRI_VALUE not found: check if there is a RefParameter without a condition.
2025-10-15 16:19:26,850 [WARN] IP:2250 - TX_APP_CREATION not found: check if there is a RefParameter without a condition.
2025-10-15 16:19:26,850 [WARN] IP:2250 - TX_APP_THREAD_ENTRY not found: check if there is a RefParameter without a condition.
2025-10-15 16:19:26,850 [WARN] IP:2250 - TX_APP_THREAD_NAME not found: check if there is a RefParameter without a condition.
2025-10-15 16:19:26,850 [WARN] IP:2250 - TX_APP_THREAD_PRIO not found: check if there is a RefParameter without a condition.
2025-10-15 16:19:26,850 [WARN] IP:2250 - TX_APP_STACK_SIZE not found: check if there is a RefParameter without a condition.
2025-10-15 16:19:26,850 [WARN] IP:2250 - TX_APP_SEM_CREATION not found: check if there is a RefParameter without a condition.
2025-10-15 16:19:26,850 [WARN] IP:2250 - TX_SEMAPHORE_NAME not found: check if there is a RefParameter without a condition.
2025-10-15 16:19:26,850 [WARN] IP:2250 - TX_SEMAPHORE_COUNT not found: check if there is a RefParameter without a condition.
2025-10-15 16:19:26,850 [WARN] IP:2250 - TX_APP_MUTEX_CREATION not found: check if there is a RefParameter without a condition.
2025-10-15 16:19:26,850 [WARN] IP:2250 - TX_MUTEX_NAME not found: check if there is a RefParameter without a condition.
2025-10-15 16:19:26,850 [WARN] IP:2250 - TX_Mutex_INHERITANCE not found: check if there is a RefParameter without a condition.
2025-10-15 16:19:26,850 [WARN] IP:2250 - TX_APP_MSG_QUEUE_CREATION not found: check if there is a RefParameter without a condition.
2025-10-15 16:19:26,850 [WARN] IP:2250 - TX_MSG_QUEUE_NAME not found: check if there is a RefParameter without a condition.
2025-10-15 16:19:26,850 [WARN] IP:2250 - TX_MSG_SIZE_WORDS not found: check if there is a RefParameter without a condition.
2025-10-15 16:19:26,850 [WARN] IP:2250 - TX_NB_MSG not found: check if there is a RefParameter without a condition.
2025-10-15 16:20:17,035 [INFO] WebApp:194 - Connection lost
2025-10-15 16:20:17,698 [INFO] WebApp:191 - Connection restablished
2025-10-15 16:20:23,736 [INFO] Gpio:278 - dependency for GPIO []
2025-10-15 16:20:37,529 [INFO] WebApp:194 - Connection lost
2025-10-15 16:20:38,185 [INFO] WebApp:191 - Connection restablished
2025-10-15 16:21:04,933 [INFO] NvicIntPanel:101 - NVIC parent = com.st.microxplorer.plugins.ip.nvic.MultiNvicIntPanel[,0,0,0x0,invalid,layout=javax.swing.BoxLayout,alignmentX=0.0,alignmentY=0.0,border=,flags=9,maximumSize=,minimumSize=,preferredSize=]
2025-10-15 16:21:47,674 [INFO] NvicIntPanel:101 - NVIC parent = com.st.microxplorer.plugins.ip.nvic.MultiNvicIntPanel[,0,0,477x157,layout=javax.swing.BoxLayout,alignmentX=0.0,alignmentY=0.0,border=,flags=9,maximumSize=,minimumSize=,preferredSize=]
2025-10-15 16:21:57,772 [INFO] NvicIntPanel:101 - NVIC parent = com.st.microxplorer.plugins.ip.nvic.MultiNvicIntPanel[,0,0,0x0,invalid,layout=javax.swing.BoxLayout,alignmentX=0.0,alignmentY=0.0,border=,flags=9,maximumSize=,minimumSize=,preferredSize=]
2025-10-15 16:21:59,610 [INFO] NvicIntPanel:101 - NVIC parent = com.st.microxplorer.plugins.ip.nvic.MultiNvicIntPanel[,0,0,0x0,invalid,layout=javax.swing.BoxLayout,alignmentX=0.0,alignmentY=0.0,border=,flags=9,maximumSize=,minimumSize=,preferredSize=]
2025-10-15 16:22:19,891 [INFO] NvicIntPanel:101 - NVIC parent = com.st.microxplorer.plugins.ip.nvic.MultiNvicIntPanel[,0,0,0x0,invalid,layout=javax.swing.BoxLayout,alignmentX=0.0,alignmentY=0.0,border=,flags=9,maximumSize=,minimumSize=,preferredSize=]
2025-10-15 16:22:27,153 [INFO] UtilMem:75 - End SaveConfig() Used Memory: 674508904 Bytes (1073741824)
2025-10-15 16:22:27,260 [INFO] UtilMem:75 - End SaveConfig() Used Memory: 422052504 Bytes (1073741824)
2025-10-15 16:22:27,809 [INFO] UtilMem:75 - End SaveConfig() Used Memory: 471784904 Bytes (1073741824)
2025-10-15 16:22:27,816 [ERROR] IocParser:95 - Exception caught: Cannot invoke "java.lang.CharSequence.length()" because "this.text" is null
2025-10-15 16:22:28,031 [INFO] BlockDiagram:2775 - set Specific Code input for plugin: RCC
2025-10-15 16:22:28,031 [INFO] BlockDiagram:2775 - set Specific Code input for plugin: NUCLEO-H753ZI
2025-10-15 16:22:28,031 [INFO] BlockDiagram:2775 - set Specific Code input for plugin: STMicroelectronics.X-CUBE-AZRTOS-H7.3.3.0
2025-10-15 16:22:28,031 [INFO] BlockDiagram:2775 - set Specific Code input for plugin: MEMORYMAP
2025-10-15 16:22:28,031 [INFO] BlockDiagram:2775 - set Specific Code input for plugin: TIM1_8H7
2025-10-15 16:22:28,031 [INFO] BlockDiagram:2775 - set Specific Code input for plugin: TIM1_8H7
2025-10-15 16:22:28,031 [INFO] BlockDiagram:2775 - set Specific Code input for plugin: SYS
2025-10-15 16:22:28,031 [INFO] BlockDiagram:2775 - set Specific Code input for plugin: NVIC
2025-10-15 16:22:28,032 [INFO] BlockDiagram:2775 - set Specific Code input for plugin: GPIO
2025-10-15 16:22:28,034 [WARN] IP:2250 - TX_NO_TIMER not found: check if there is a RefParameter without a condition.
2025-10-15 16:22:28,034 [WARN] IP:2250 - TX_LOW_POWER_TICKLESS not found: check if there is a RefParameter without a condition.
2025-10-15 16:22:28,034 [WARN] IP:2250 - TX_LOW_POWER_USER_ENTER not found: check if there is a RefParameter without a condition.
2025-10-15 16:22:28,034 [WARN] IP:2250 - TX_LOW_POWER_USER_EXIT not found: check if there is a RefParameter without a condition.
2025-10-15 16:22:28,034 [WARN] IP:2250 - TX_LOW_POWER_USER_TIMER_ADJUST not found: check if there is a RefParameter without a condition.
2025-10-15 16:22:28,034 [WARN] IP:2250 - TX_LOW_POWER_TIMER_SETUP not found: check if there is a RefParameter without a condition.
2025-10-15 16:22:28,034 [WARN] IP:2250 - TX_BASEPRI_VALUE not found: check if there is a RefParameter without a condition.
2025-10-15 16:22:28,034 [WARN] IP:2250 - TX_APP_CREATION not found: check if there is a RefParameter without a condition.
2025-10-15 16:22:28,034 [WARN] IP:2250 - TX_APP_THREAD_ENTRY not found: check if there is a RefParameter without a condition.
2025-10-15 16:22:28,034 [WARN] IP:2250 - TX_APP_THREAD_NAME not found: check if there is a RefParameter without a condition.
2025-10-15 16:22:28,034 [WARN] IP:2250 - TX_APP_THREAD_PRIO not found: check if there is a RefParameter without a condition.
2025-10-15 16:22:28,034 [WARN] IP:2250 - TX_APP_STACK_SIZE not found: check if there is a RefParameter without a condition.
2025-10-15 16:22:28,034 [WARN] IP:2250 - TX_APP_SEM_CREATION not found: check if there is a RefParameter without a condition.
2025-10-15 16:22:28,034 [WARN] IP:2250 - TX_SEMAPHORE_NAME not found: check if there is a RefParameter without a condition.
2025-10-15 16:22:28,034 [WARN] IP:2250 - TX_SEMAPHORE_COUNT not found: check if there is a RefParameter without a condition.
2025-10-15 16:22:28,034 [WARN] IP:2250 - TX_APP_MUTEX_CREATION not found: check if there is a RefParameter without a condition.
2025-10-15 16:22:28,035 [WARN] IP:2250 - TX_MUTEX_NAME not found: check if there is a RefParameter without a condition.
2025-10-15 16:22:28,035 [WARN] IP:2250 - TX_Mutex_INHERITANCE not found: check if there is a RefParameter without a condition.
2025-10-15 16:22:28,035 [WARN] IP:2250 - TX_APP_MSG_QUEUE_CREATION not found: check if there is a RefParameter without a condition.
2025-10-15 16:22:28,035 [WARN] IP:2250 - TX_MSG_QUEUE_NAME not found: check if there is a RefParameter without a condition.
2025-10-15 16:22:28,035 [WARN] IP:2250 - TX_MSG_SIZE_WORDS not found: check if there is a RefParameter without a condition.
2025-10-15 16:22:28,035 [WARN] IP:2250 - TX_NB_MSG not found: check if there is a RefParameter without a condition.
2025-10-15 16:22:28,036 [WARN] ThirdPartyIpManager:480 - Condition 'CM7 IAR Condition' not fulfilled in pack 'STMicroelectronics.X-CUBE-AZRTOS-H7.3.3.0'
2025-10-15 16:22:28,036 [WARN] ThirdPartyIpManager:480 - Condition 'CM7 IAR Condition' not fulfilled in pack 'STMicroelectronics.X-CUBE-AZRTOS-H7.3.3.0'
2025-10-15 16:22:28,036 [WARN] ThirdPartyIpManager:480 - Condition 'CM7 IAR Condition' not fulfilled in pack 'STMicroelectronics.X-CUBE-AZRTOS-H7.3.3.0'
2025-10-15 16:22:28,036 [WARN] ThirdPartyIpManager:480 - Condition 'CM7 IAR Condition' not fulfilled in pack 'STMicroelectronics.X-CUBE-AZRTOS-H7.3.3.0'
2025-10-15 16:22:28,036 [WARN] ThirdPartyIpManager:480 - Condition 'CM7 IAR Condition' not fulfilled in pack 'STMicroelectronics.X-CUBE-AZRTOS-H7.3.3.0'
2025-10-15 16:22:28,036 [WARN] ThirdPartyIpManager:480 - Condition 'CM7 IAR Condition' not fulfilled in pack 'STMicroelectronics.X-CUBE-AZRTOS-H7.3.3.0'
2025-10-15 16:22:28,036 [WARN] ThirdPartyIpManager:480 - Condition 'CM7 IAR Condition' not fulfilled in pack 'STMicroelectronics.X-CUBE-AZRTOS-H7.3.3.0'
2025-10-15 16:22:28,037 [WARN] ThirdPartyIpManager:480 - Condition 'CM7 IAR Condition' not fulfilled in pack 'STMicroelectronics.X-CUBE-AZRTOS-H7.3.3.0'
2025-10-15 16:22:28,037 [WARN] ThirdPartyIpManager:480 - Condition 'CM7 IAR Condition' not fulfilled in pack 'STMicroelectronics.X-CUBE-AZRTOS-H7.3.3.0'
2025-10-15 16:22:28,037 [WARN] ThirdPartyIpManager:480 - Condition 'CM7 IAR Condition' not fulfilled in pack 'STMicroelectronics.X-CUBE-AZRTOS-H7.3.3.0'
2025-10-15 16:22:28,037 [WARN] ThirdPartyIpManager:480 - Condition 'CM7 IAR Condition' not fulfilled in pack 'STMicroelectronics.X-CUBE-AZRTOS-H7.3.3.0'
2025-10-15 16:22:28,037 [WARN] ThirdPartyIpManager:480 - Condition 'CM4 IAR Condition' not fulfilled in pack 'STMicroelectronics.X-CUBE-AZRTOS-H7.3.3.0'
2025-10-15 16:22:28,037 [WARN] ThirdPartyIpManager:480 - Condition 'CM4 IAR Condition' not fulfilled in pack 'STMicroelectronics.X-CUBE-AZRTOS-H7.3.3.0'
2025-10-15 16:22:28,037 [WARN] ThirdPartyIpManager:480 - Condition 'CM4 IAR Condition' not fulfilled in pack 'STMicroelectronics.X-CUBE-AZRTOS-H7.3.3.0'
2025-10-15 16:22:28,037 [WARN] ThirdPartyIpManager:480 - Condition 'CM4 IAR Condition' not fulfilled in pack 'STMicroelectronics.X-CUBE-AZRTOS-H7.3.3.0'
2025-10-15 16:22:28,037 [WARN] ThirdPartyIpManager:480 - Condition 'CM4 IAR Condition' not fulfilled in pack 'STMicroelectronics.X-CUBE-AZRTOS-H7.3.3.0'
2025-10-15 16:22:28,037 [WARN] ThirdPartyIpManager:480 - Condition 'CM4 IAR Condition' not fulfilled in pack 'STMicroelectronics.X-CUBE-AZRTOS-H7.3.3.0'
2025-10-15 16:22:28,037 [WARN] ThirdPartyIpManager:480 - Condition 'CM4 IAR Condition' not fulfilled in pack 'STMicroelectronics.X-CUBE-AZRTOS-H7.3.3.0'
2025-10-15 16:22:28,037 [WARN] ThirdPartyIpManager:480 - Condition 'CM4 IAR Condition' not fulfilled in pack 'STMicroelectronics.X-CUBE-AZRTOS-H7.3.3.0'
2025-10-15 16:22:28,037 [WARN] ThirdPartyIpManager:480 - Condition 'CM4 IAR Condition' not fulfilled in pack 'STMicroelectronics.X-CUBE-AZRTOS-H7.3.3.0'
2025-10-15 16:22:28,037 [WARN] ThirdPartyIpManager:480 - Condition 'CM4 IAR Condition' not fulfilled in pack 'STMicroelectronics.X-CUBE-AZRTOS-H7.3.3.0'
2025-10-15 16:22:28,037 [WARN] ThirdPartyIpManager:480 - Condition 'CM4 IAR Condition' not fulfilled in pack 'STMicroelectronics.X-CUBE-AZRTOS-H7.3.3.0'
2025-10-15 16:22:28,037 [WARN] ThirdPartyIpManager:480 - Condition 'CM4 GNU Condition' not fulfilled in pack 'STMicroelectronics.X-CUBE-AZRTOS-H7.3.3.0'
2025-10-15 16:22:28,037 [WARN] ThirdPartyIpManager:480 - Condition 'CM4 GNU Condition' not fulfilled in pack 'STMicroelectronics.X-CUBE-AZRTOS-H7.3.3.0'
2025-10-15 16:22:28,037 [WARN] ThirdPartyIpManager:480 - Condition 'CM4 GNU Condition' not fulfilled in pack 'STMicroelectronics.X-CUBE-AZRTOS-H7.3.3.0'
2025-10-15 16:22:28,037 [WARN] ThirdPartyIpManager:480 - Condition 'CM4 GNU Condition' not fulfilled in pack 'STMicroelectronics.X-CUBE-AZRTOS-H7.3.3.0'
2025-10-15 16:22:28,037 [WARN] ThirdPartyIpManager:480 - Condition 'CM4 GNU Condition' not fulfilled in pack 'STMicroelectronics.X-CUBE-AZRTOS-H7.3.3.0'
2025-10-15 16:22:28,037 [WARN] ThirdPartyIpManager:480 - Condition 'CM4 GNU Condition' not fulfilled in pack 'STMicroelectronics.X-CUBE-AZRTOS-H7.3.3.0'
2025-10-15 16:22:28,037 [WARN] ThirdPartyIpManager:480 - Condition 'CM4 GNU Condition' not fulfilled in pack 'STMicroelectronics.X-CUBE-AZRTOS-H7.3.3.0'
2025-10-15 16:22:28,037 [WARN] ThirdPartyIpManager:480 - Condition 'CM4 GNU Condition' not fulfilled in pack 'STMicroelectronics.X-CUBE-AZRTOS-H7.3.3.0'
2025-10-15 16:22:28,037 [WARN] ThirdPartyIpManager:480 - Condition 'CM4 GNU Condition' not fulfilled in pack 'STMicroelectronics.X-CUBE-AZRTOS-H7.3.3.0'
2025-10-15 16:22:28,037 [WARN] ThirdPartyIpManager:480 - Condition 'CM4 GNU Condition' not fulfilled in pack 'STMicroelectronics.X-CUBE-AZRTOS-H7.3.3.0'
2025-10-15 16:22:28,037 [WARN] ThirdPartyIpManager:480 - Condition 'CM7 ARMC6 Condition' not fulfilled in pack 'STMicroelectronics.X-CUBE-AZRTOS-H7.3.3.0'
2025-10-15 16:22:28,037 [WARN] ThirdPartyIpManager:480 - Condition 'CM7 ARMC6 Condition' not fulfilled in pack 'STMicroelectronics.X-CUBE-AZRTOS-H7.3.3.0'
2025-10-15 16:22:28,037 [WARN] ThirdPartyIpManager:480 - Condition 'CM7 ARMC6 Condition' not fulfilled in pack 'STMicroelectronics.X-CUBE-AZRTOS-H7.3.3.0'
2025-10-15 16:22:28,037 [WARN] ThirdPartyIpManager:480 - Condition 'CM7 ARMC6 Condition' not fulfilled in pack 'STMicroelectronics.X-CUBE-AZRTOS-H7.3.3.0'
2025-10-15 16:22:28,037 [WARN] ThirdPartyIpManager:480 - Condition 'CM7 ARMC6 Condition' not fulfilled in pack 'STMicroelectronics.X-CUBE-AZRTOS-H7.3.3.0'
2025-10-15 16:22:28,038 [WARN] ThirdPartyIpManager:480 - Condition 'CM7 ARMC6 Condition' not fulfilled in pack 'STMicroelectronics.X-CUBE-AZRTOS-H7.3.3.0'
2025-10-15 16:22:28,038 [WARN] ThirdPartyIpManager:480 - Condition 'CM7 ARMC6 Condition' not fulfilled in pack 'STMicroelectronics.X-CUBE-AZRTOS-H7.3.3.0'
2025-10-15 16:22:28,038 [WARN] ThirdPartyIpManager:480 - Condition 'CM7 ARMC6 Condition' not fulfilled in pack 'STMicroelectronics.X-CUBE-AZRTOS-H7.3.3.0'
2025-10-15 16:22:28,038 [WARN] ThirdPartyIpManager:480 - Condition 'CM7 ARMC6 Condition' not fulfilled in pack 'STMicroelectronics.X-CUBE-AZRTOS-H7.3.3.0'
2025-10-15 16:22:28,038 [WARN] ThirdPartyIpManager:480 - Condition 'CM7 ARMC6 Condition' not fulfilled in pack 'STMicroelectronics.X-CUBE-AZRTOS-H7.3.3.0'
2025-10-15 16:22:28,038 [WARN] ThirdPartyIpManager:480 - Condition 'CM4 ARMC6 Condition' not fulfilled in pack 'STMicroelectronics.X-CUBE-AZRTOS-H7.3.3.0'
2025-10-15 16:22:28,038 [WARN] ThirdPartyIpManager:480 - Condition 'CM4 ARMC6 Condition' not fulfilled in pack 'STMicroelectronics.X-CUBE-AZRTOS-H7.3.3.0'
2025-10-15 16:22:28,038 [WARN] ThirdPartyIpManager:480 - Condition 'CM4 ARMC6 Condition' not fulfilled in pack 'STMicroelectronics.X-CUBE-AZRTOS-H7.3.3.0'
2025-10-15 16:22:28,038 [WARN] ThirdPartyIpManager:480 - Condition 'CM4 ARMC6 Condition' not fulfilled in pack 'STMicroelectronics.X-CUBE-AZRTOS-H7.3.3.0'
2025-10-15 16:22:28,038 [WARN] ThirdPartyIpManager:480 - Condition 'CM4 ARMC6 Condition' not fulfilled in pack 'STMicroelectronics.X-CUBE-AZRTOS-H7.3.3.0'
2025-10-15 16:22:28,038 [WARN] ThirdPartyIpManager:480 - Condition 'CM4 ARMC6 Condition' not fulfilled in pack 'STMicroelectronics.X-CUBE-AZRTOS-H7.3.3.0'
2025-10-15 16:22:28,038 [WARN] ThirdPartyIpManager:480 - Condition 'CM4 ARMC6 Condition' not fulfilled in pack 'STMicroelectronics.X-CUBE-AZRTOS-H7.3.3.0'
2025-10-15 16:22:28,039 [WARN] ThirdPartyIpManager:480 - Condition 'CM4 ARMC6 Condition' not fulfilled in pack 'STMicroelectronics.X-CUBE-AZRTOS-H7.3.3.0'
2025-10-15 16:22:28,039 [WARN] ThirdPartyIpManager:480 - Condition 'CM4 ARMC6 Condition' not fulfilled in pack 'STMicroelectronics.X-CUBE-AZRTOS-H7.3.3.0'
2025-10-15 16:22:28,039 [WARN] ThirdPartyIpManager:480 - Condition 'CM4 ARMC6 Condition' not fulfilled in pack 'STMicroelectronics.X-CUBE-AZRTOS-H7.3.3.0'
2025-10-15 16:22:28,039 [WARN] ThirdPartyIpManager:480 - Condition 'NX CORE Condition' not fulfilled in pack 'STMicroelectronics.X-CUBE-AZRTOS-H7.3.3.0'
2025-10-15 16:22:28,039 [WARN] ThirdPartyRefParameterProcessor:173 - Condition 'NX CORE Condition;(SIiCclassIiNetwork&SIiCgroupIiNetXDuo&SIiCsubIiNXOoCore)' has not the same result using Semaphore or Dynamic solver for pack 'STMicroelectronics.X-CUBE-AZRTOS-H7.3.3.0''
2025-10-15 16:22:28,039 [WARN] ThirdPartyIpManager:480 - Condition 'NX CORE Condition' not fulfilled in pack 'STMicroelectronics.X-CUBE-AZRTOS-H7.3.3.0'
2025-10-15 16:22:28,039 [WARN] ThirdPartyRefParameterProcessor:173 - Condition 'NX CORE Condition;(SIiCclassIiNetwork&SIiCgroupIiNetXDuo&SIiCsubIiNXOoCore)' has not the same result using Semaphore or Dynamic solver for pack 'STMicroelectronics.X-CUBE-AZRTOS-H7.3.3.0''
2025-10-15 16:22:28,039 [WARN] ThirdPartyIpManager:480 - Condition 'NX CORE Condition' not fulfilled in pack 'STMicroelectronics.X-CUBE-AZRTOS-H7.3.3.0'
2025-10-15 16:22:28,039 [WARN] ThirdPartyRefParameterProcessor:173 - Condition 'NX CORE Condition;(SIiCclassIiNetwork&SIiCgroupIiNetXDuo&SIiCsubIiNXOoCore)' has not the same result using Semaphore or Dynamic solver for pack 'STMicroelectronics.X-CUBE-AZRTOS-H7.3.3.0''
2025-10-15 16:22:28,039 [WARN] ThirdPartyIpManager:480 - Condition 'NX CORE Condition' not fulfilled in pack 'STMicroelectronics.X-CUBE-AZRTOS-H7.3.3.0'
2025-10-15 16:22:28,039 [WARN] ThirdPartyRefParameterProcessor:173 - Condition 'NX CORE Condition;(SIiCclassIiNetwork&SIiCgroupIiNetXDuo&SIiCsubIiNXOoCore)' has not the same result using Semaphore or Dynamic solver for pack 'STMicroelectronics.X-CUBE-AZRTOS-H7.3.3.0''
2025-10-15 16:22:28,039 [WARN] ThirdPartyIpManager:480 - Condition 'NX CORE Condition' not fulfilled in pack 'STMicroelectronics.X-CUBE-AZRTOS-H7.3.3.0'
2025-10-15 16:22:28,039 [WARN] ThirdPartyRefParameterProcessor:173 - Condition 'NX CORE Condition;(SIiCclassIiNetwork&SIiCgroupIiNetXDuo&SIiCsubIiNXOoCore)' has not the same result using Semaphore or Dynamic solver for pack 'STMicroelectronics.X-CUBE-AZRTOS-H7.3.3.0''
2025-10-15 16:22:28,039 [WARN] ThirdPartyIpManager:480 - Condition 'UX_CORESTACK_Condition' not fulfilled in pack 'STMicroelectronics.X-CUBE-AZRTOS-H7.3.3.0'
2025-10-15 16:22:28,039 [WARN] ThirdPartyRefParameterProcessor:173 - Condition 'UX_CORESTACK_Condition;(SIiCclassIiUSB&SIiCgroupIiUSBX&SIiCsubIiCoreSystem)' has not the same result using Semaphore or Dynamic solver for pack 'STMicroelectronics.X-CUBE-AZRTOS-H7.3.3.0''
2025-10-15 16:22:28,039 [WARN] ThirdPartyIpManager:480 - Condition 'UX_CORESTACK_Condition' not fulfilled in pack 'STMicroelectronics.X-CUBE-AZRTOS-H7.3.3.0'
2025-10-15 16:22:28,039 [WARN] ThirdPartyRefParameterProcessor:173 - Condition 'UX_CORESTACK_Condition;(SIiCclassIiUSB&SIiCgroupIiUSBX&SIiCsubIiCoreSystem)' has not the same result using Semaphore or Dynamic solver for pack 'STMicroelectronics.X-CUBE-AZRTOS-H7.3.3.0''
2025-10-15 16:22:28,039 [WARN] ThirdPartyIpManager:480 - Condition 'UX_CORESTACK_Condition' not fulfilled in pack 'STMicroelectronics.X-CUBE-AZRTOS-H7.3.3.0'
2025-10-15 16:22:28,039 [WARN] ThirdPartyRefParameterProcessor:173 - Condition 'UX_CORESTACK_Condition;(SIiCclassIiUSB&SIiCgroupIiUSBX&SIiCsubIiCoreSystem)' has not the same result using Semaphore or Dynamic solver for pack 'STMicroelectronics.X-CUBE-AZRTOS-H7.3.3.0''
2025-10-15 16:22:28,039 [WARN] ThirdPartyIpManager:480 - Condition 'UX_CORESTACK_Condition' not fulfilled in pack 'STMicroelectronics.X-CUBE-AZRTOS-H7.3.3.0'
2025-10-15 16:22:28,039 [WARN] ThirdPartyRefParameterProcessor:173 - Condition 'UX_CORESTACK_Condition;(SIiCclassIiUSB&SIiCgroupIiUSBX&SIiCsubIiCoreSystem)' has not the same result using Semaphore or Dynamic solver for pack 'STMicroelectronics.X-CUBE-AZRTOS-H7.3.3.0''
2025-10-15 16:22:28,039 [WARN] ThirdPartyIpManager:480 - Condition 'UX_CORESTACK_Condition' not fulfilled in pack 'STMicroelectronics.X-CUBE-AZRTOS-H7.3.3.0'
2025-10-15 16:22:28,039 [WARN] ThirdPartyRefParameterProcessor:173 - Condition 'UX_CORESTACK_Condition;(SIiCclassIiUSB&SIiCgroupIiUSBX&SIiCsubIiCoreSystem)' has not the same result using Semaphore or Dynamic solver for pack 'STMicroelectronics.X-CUBE-AZRTOS-H7.3.3.0''
2025-10-15 16:22:28,039 [WARN] ThirdPartyIpManager:480 - Condition 'FX Common Condition' not fulfilled in pack 'STMicroelectronics.X-CUBE-AZRTOS-H7.3.3.0'
2025-10-15 16:22:28,039 [WARN] ThirdPartyRefParameterProcessor:173 - Condition 'FX Common Condition;(SIiCclassIiFileOoSystem&SIiCgroupIiFileX&SIiCsubIiCore)' has not the same result using Semaphore or Dynamic solver for pack 'STMicroelectronics.X-CUBE-AZRTOS-H7.3.3.0''
2025-10-15 16:22:28,039 [WARN] ThirdPartyIpManager:480 - Condition 'FX Common Condition' not fulfilled in pack 'STMicroelectronics.X-CUBE-AZRTOS-H7.3.3.0'
2025-10-15 16:22:28,039 [WARN] ThirdPartyRefParameterProcessor:173 - Condition 'FX Common Condition;(SIiCclassIiFileOoSystem&SIiCgroupIiFileX&SIiCsubIiCore)' has not the same result using Semaphore or Dynamic solver for pack 'STMicroelectronics.X-CUBE-AZRTOS-H7.3.3.0''
2025-10-15 16:22:28,039 [WARN] ThirdPartyIpManager:480 - Condition 'FX Common Condition' not fulfilled in pack 'STMicroelectronics.X-CUBE-AZRTOS-H7.3.3.0'
2025-10-15 16:22:28,040 [WARN] ThirdPartyRefParameterProcessor:173 - Condition 'FX Common Condition;(SIiCclassIiFileOoSystem&SIiCgroupIiFileX&SIiCsubIiCore)' has not the same result using Semaphore or Dynamic solver for pack 'STMicroelectronics.X-CUBE-AZRTOS-H7.3.3.0''
2025-10-15 16:22:28,040 [WARN] ThirdPartyIpManager:480 - Condition 'FX Common Condition' not fulfilled in pack 'STMicroelectronics.X-CUBE-AZRTOS-H7.3.3.0'
2025-10-15 16:22:28,040 [WARN] ThirdPartyRefParameterProcessor:173 - Condition 'FX Common Condition;(SIiCclassIiFileOoSystem&SIiCgroupIiFileX&SIiCsubIiCore)' has not the same result using Semaphore or Dynamic solver for pack 'STMicroelectronics.X-CUBE-AZRTOS-H7.3.3.0''
2025-10-15 16:22:28,040 [WARN] ThirdPartyIpManager:480 - Condition 'FX Common Condition' not fulfilled in pack 'STMicroelectronics.X-CUBE-AZRTOS-H7.3.3.0'
2025-10-15 16:22:28,040 [WARN] ThirdPartyRefParameterProcessor:173 - Condition 'FX Common Condition;(SIiCclassIiFileOoSystem&SIiCgroupIiFileX&SIiCsubIiCore)' has not the same result using Semaphore or Dynamic solver for pack 'STMicroelectronics.X-CUBE-AZRTOS-H7.3.3.0''
2025-10-15 16:22:28,042 [INFO] CodeGenerator:892 - code generatio: config db path: C:\ST\STM32CubeIDE_1.19.0\STM32CubeIDE\plugins\com.st.stm32cube.common.mx_6.15.0.202507011659\\db\
2025-10-15 16:22:28,075 [WARN] IP:2250 - TX_NO_TIMER not found: check if there is a RefParameter without a condition.
2025-10-15 16:22:28,075 [WARN] IP:2250 - TX_LOW_POWER_TICKLESS not found: check if there is a RefParameter without a condition.
2025-10-15 16:22:28,075 [WARN] IP:2250 - TX_LOW_POWER_USER_ENTER not found: check if there is a RefParameter without a condition.
2025-10-15 16:22:28,075 [WARN] IP:2250 - TX_LOW_POWER_USER_EXIT not found: check if there is a RefParameter without a condition.
2025-10-15 16:22:28,075 [WARN] IP:2250 - TX_LOW_POWER_USER_TIMER_ADJUST not found: check if there is a RefParameter without a condition.
2025-10-15 16:22:28,075 [WARN] IP:2250 - TX_LOW_POWER_TIMER_SETUP not found: check if there is a RefParameter without a condition.
2025-10-15 16:22:28,075 [WARN] IP:2250 - TX_BASEPRI_VALUE not found: check if there is a RefParameter without a condition.
2025-10-15 16:22:28,075 [WARN] IP:2250 - TX_APP_CREATION not found: check if there is a RefParameter without a condition.
2025-10-15 16:22:28,075 [WARN] IP:2250 - TX_APP_THREAD_ENTRY not found: check if there is a RefParameter without a condition.
2025-10-15 16:22:28,075 [WARN] IP:2250 - TX_APP_THREAD_NAME not found: check if there is a RefParameter without a condition.
2025-10-15 16:22:28,076 [WARN] IP:2250 - TX_APP_THREAD_PRIO not found: check if there is a RefParameter without a condition.
2025-10-15 16:22:28,076 [WARN] IP:2250 - TX_APP_STACK_SIZE not found: check if there is a RefParameter without a condition.
2025-10-15 16:22:28,076 [WARN] IP:2250 - TX_APP_SEM_CREATION not found: check if there is a RefParameter without a condition.
2025-10-15 16:22:28,076 [WARN] IP:2250 - TX_SEMAPHORE_NAME not found: check if there is a RefParameter without a condition.
2025-10-15 16:22:28,076 [WARN] IP:2250 - TX_SEMAPHORE_COUNT not found: check if there is a RefParameter without a condition.
2025-10-15 16:22:28,076 [WARN] IP:2250 - TX_APP_MUTEX_CREATION not found: check if there is a RefParameter without a condition.
2025-10-15 16:22:28,076 [WARN] IP:2250 - TX_MUTEX_NAME not found: check if there is a RefParameter without a condition.
2025-10-15 16:22:28,076 [WARN] IP:2250 - TX_Mutex_INHERITANCE not found: check if there is a RefParameter without a condition.
2025-10-15 16:22:28,076 [WARN] IP:2250 - TX_APP_MSG_QUEUE_CREATION not found: check if there is a RefParameter without a condition.
2025-10-15 16:22:28,076 [WARN] IP:2250 - TX_MSG_QUEUE_NAME not found: check if there is a RefParameter without a condition.
2025-10-15 16:22:28,076 [WARN] IP:2250 - TX_MSG_SIZE_WORDS not found: check if there is a RefParameter without a condition.
2025-10-15 16:22:28,076 [WARN] IP:2250 - TX_NB_MSG not found: check if there is a RefParameter without a condition.
2025-10-15 16:22:28,175 [INFO] IP:3329 - RTE Config file name : RTE_Component
2025-10-15 16:22:28,175 [INFO] IP:3347 - RTE template : RTE_Components.ftl
2025-10-15 16:22:28,186 [INFO] CodeEngine:265 - oldGeneratedFile, C:\Users\oopav\PSR\Cvika\PSR_Ex\MXTmpFiles\license.tmp_save
2025-10-15 16:22:28,406 [INFO] CodeEngine:289 - Generated code: C:\Users\oopav\PSR\Cvika\PSR_Ex\MXTmpFiles\license.tmp
2025-10-15 16:22:28,504 [INFO] CodeEngine:265 - oldGeneratedFile, C:\Users\oopav\PSR\Cvika\PSR_Ex\MXTmpFiles\gpio.tmp_save
2025-10-15 16:22:28,591 [INFO] CodeEngine:289 - Generated code: C:\Users\oopav\PSR\Cvika\PSR_Ex\MXTmpFiles\gpio.tmp
2025-10-15 16:22:28,645 [WARN] IPConfigManager:103 - WARNING: Missing Config File for MEMORYMAP ip!!
2025-10-15 16:22:29,040 [INFO] Middleware:1452 - No code input for Bsp Dependency
2025-10-15 16:22:29,067 [INFO] Middleware:1452 - No code input for Bsp Dependency
2025-10-15 16:22:29,079 [INFO] CodeEngine:265 - oldGeneratedFile, C:\Users\oopav\PSR\Cvika\PSR_Ex\Core\Inc\tx_user.h_save
2025-10-15 16:22:29,149 [INFO] CodeEngine:289 - Generated code: C:\Users\oopav\PSR\Cvika\PSR_Ex\Core\Inc\tx_user.h
2025-10-15 16:22:29,159 [INFO] CodeEngine:265 - oldGeneratedFile, C:\Users\oopav\PSR\Cvika\PSR_Ex\Core\Src\tx_initialize_low_level.S_save
2025-10-15 16:22:29,223 [INFO] CodeEngine:289 - Generated code: C:\Users\oopav\PSR\Cvika\PSR_Ex\Core\Src\tx_initialize_low_level.S
2025-10-15 16:22:29,230 [INFO] CodeEngine:265 - oldGeneratedFile, C:\Users\oopav\PSR\Cvika\PSR_Ex\AZURE_RTOS\App\app_azure_rtos_config.h_save
2025-10-15 16:22:29,280 [INFO] CodeEngine:289 - Generated code: C:\Users\oopav\PSR\Cvika\PSR_Ex\AZURE_RTOS\App\app_azure_rtos_config.h
2025-10-15 16:22:29,289 [INFO] CodeEngine:265 - oldGeneratedFile, C:\Users\oopav\PSR\Cvika\PSR_Ex\Core\Src\app_threadx.c_save
2025-10-15 16:22:29,351 [INFO] CodeEngine:289 - Generated code: C:\Users\oopav\PSR\Cvika\PSR_Ex\Core\Src\app_threadx.c
2025-10-15 16:22:29,364 [INFO] CodeEngine:265 - oldGeneratedFile, C:\Users\oopav\PSR\Cvika\PSR_Ex\Core\Inc\app_threadx.h_save
2025-10-15 16:22:29,419 [INFO] CodeEngine:289 - Generated code: C:\Users\oopav\PSR\Cvika\PSR_Ex\Core\Inc\app_threadx.h
2025-10-15 16:22:29,427 [INFO] CodeEngine:265 - oldGeneratedFile, C:\Users\oopav\PSR\Cvika\PSR_Ex\AZURE_RTOS\App\app_azure_rtos.c_save
2025-10-15 16:22:29,485 [INFO] CodeEngine:289 - Generated code: C:\Users\oopav\PSR\Cvika\PSR_Ex\AZURE_RTOS\App\app_azure_rtos.c
2025-10-15 16:22:29,491 [INFO] CodeEngine:265 - oldGeneratedFile, C:\Users\oopav\PSR\Cvika\PSR_Ex\AZURE_RTOS\App\app_azure_rtos.h_save
2025-10-15 16:22:29,542 [INFO] CodeEngine:289 - Generated code: C:\Users\oopav\PSR\Cvika\PSR_Ex\AZURE_RTOS\App\app_azure_rtos.h
2025-10-15 16:22:29,551 [INFO] CodeEngine:265 - oldGeneratedFile, C:\Users\oopav\PSR\Cvika\PSR_Ex\MXTmpFiles\cortex.tmp_save
2025-10-15 16:22:29,608 [INFO] CodeEngine:289 - Generated code: C:\Users\oopav\PSR\Cvika\PSR_Ex\MXTmpFiles\cortex.tmp
2025-10-15 16:22:29,640 [INFO] CodeEngine:265 - oldGeneratedFile, C:\Users\oopav\PSR\Cvika\PSR_Ex\Core\Inc\stm32h7xx_nucleo_conf.h_save
2025-10-15 16:22:29,689 [INFO] CodeEngine:289 - Generated code: C:\Users\oopav\PSR\Cvika\PSR_Ex\Core\Inc\stm32h7xx_nucleo_conf.h
2025-10-15 16:22:29,693 [INFO] CodeEngine:265 - oldGeneratedFile, C:\Users\oopav\PSR\Cvika\PSR_Ex\MXTmpFiles\bsp_inc.tmp_save
2025-10-15 16:22:29,739 [INFO] CodeEngine:289 - Generated code: C:\Users\oopav\PSR\Cvika\PSR_Ex\MXTmpFiles\bsp_inc.tmp
2025-10-15 16:22:29,744 [INFO] CodeEngine:265 - oldGeneratedFile, C:\Users\oopav\PSR\Cvika\PSR_Ex\MXTmpFiles\bsp_common_vars.tmp_save
2025-10-15 16:22:29,788 [INFO] CodeEngine:289 - Generated code: C:\Users\oopav\PSR\Cvika\PSR_Ex\MXTmpFiles\bsp_common_vars.tmp
2025-10-15 16:22:29,792 [INFO] CodeEngine:265 - oldGeneratedFile, C:\Users\oopav\PSR\Cvika\PSR_Ex\MXTmpFiles\bsp_common_init.tmp_save
2025-10-15 16:22:29,838 [INFO] CodeEngine:289 - Generated code: C:\Users\oopav\PSR\Cvika\PSR_Ex\MXTmpFiles\bsp_common_init.tmp
2025-10-15 16:22:29,841 [INFO] CodeEngine:265 - oldGeneratedFile, C:\Users\oopav\PSR\Cvika\PSR_Ex\MXTmpFiles\bsp_common_demo_before_while.tmp_save
2025-10-15 16:22:29,884 [INFO] CodeEngine:289 - Generated code: C:\Users\oopav\PSR\Cvika\PSR_Ex\MXTmpFiles\bsp_common_demo_before_while.tmp
2025-10-15 16:22:29,888 [INFO] CodeEngine:265 - oldGeneratedFile, C:\Users\oopav\PSR\Cvika\PSR_Ex\MXTmpFiles\bsp_common_demo_inside_while.tmp_save
2025-10-15 16:22:29,932 [INFO] CodeEngine:289 - Generated code: C:\Users\oopav\PSR\Cvika\PSR_Ex\MXTmpFiles\bsp_common_demo_inside_while.tmp
2025-10-15 16:22:29,937 [INFO] CodeEngine:265 - oldGeneratedFile, C:\Users\oopav\PSR\Cvika\PSR_Ex\MXTmpFiles\bsp_common_demo_fct.tmp_save
2025-10-15 16:22:29,980 [INFO] CodeEngine:289 - Generated code: C:\Users\oopav\PSR\Cvika\PSR_Ex\MXTmpFiles\bsp_common_demo_fct.tmp
2025-10-15 16:22:29,996 [INFO] CodeEngine:265 - oldGeneratedFile, C:\Users\oopav\PSR\Cvika\PSR_Ex\Core\Src\stm32h7xx_it.c_save
2025-10-15 16:22:30,146 [INFO] CodeEngine:289 - Generated code: C:\Users\oopav\PSR\Cvika\PSR_Ex\Core\Src\stm32h7xx_it.c
2025-10-15 16:22:30,155 [INFO] CodeEngine:265 - oldGeneratedFile, C:\Users\oopav\PSR\Cvika\PSR_Ex\Core\Inc\stm32h7xx_it.h_save
2025-10-15 16:22:30,203 [INFO] CodeEngine:289 - Generated code: C:\Users\oopav\PSR\Cvika\PSR_Ex\Core\Inc\stm32h7xx_it.h
2025-10-15 16:22:30,206 [INFO] IP:3329 - RTE Config file name : RTE_Component
2025-10-15 16:22:30,206 [INFO] IP:3347 - RTE template : RTE_Components.ftl
2025-10-15 16:22:30,206 [INFO] CodeGenerator:2312 - Add RTE Code Input 
2025-10-15 16:22:30,216 [INFO] CodeEngine:265 - oldGeneratedFile, C:\Users\oopav\PSR\Cvika\PSR_Ex\Core\Inc\RTE_Components.h_save
2025-10-15 16:22:30,259 [INFO] CodeEngine:289 - Generated code: C:\Users\oopav\PSR\Cvika\PSR_Ex\Core\Inc\RTE_Components.h
2025-10-15 16:22:30,352 [INFO] CodeEngine:265 - oldGeneratedFile, C:\Users\oopav\PSR\Cvika\PSR_Ex\Core\Src\stm32h7xx_hal_msp.c_save
2025-10-15 16:22:30,422 [INFO] CodeEngine:289 - Generated code: C:\Users\oopav\PSR\Cvika\PSR_Ex\Core\Src\stm32h7xx_hal_msp.c
2025-10-15 16:22:30,431 [INFO] CodeEngine:265 - oldGeneratedFile, C:\Users\oopav\PSR\Cvika\PSR_Ex\MXTmpFiles\system.tmp_save
2025-10-15 16:22:30,502 [INFO] CodeEngine:289 - Generated code: C:\Users\oopav\PSR\Cvika\PSR_Ex\MXTmpFiles\system.tmp
2025-10-15 16:22:30,511 [INFO] CodeEngine:265 - oldGeneratedFile, C:\Users\oopav\PSR\Cvika\PSR_Ex\Core\Src\stm32h7xx_hal_timebase_tim.c_save
2025-10-15 16:22:30,557 [INFO] CodeEngine:289 - Generated code: C:\Users\oopav\PSR\Cvika\PSR_Ex\Core\Src\stm32h7xx_hal_timebase_tim.c
2025-10-15 16:22:30,569 [INFO] CodeEngine:321 - oldGeneratedFile, C:\Users\oopav\PSR\Cvika\PSR_Ex\Core\Inc\stm32h7xx_hal_conf.h_save
2025-10-15 16:22:30,621 [INFO] CodeEngine:345 - Generated code: C:\Users\oopav\PSR\Cvika\PSR_Ex\Core\Inc\stm32h7xx_hal_conf.h
2025-10-15 16:22:30,662 [INFO] ApiDbMcu:532 - Load IP Config File for TIM2
2025-10-15 16:22:30,670 [INFO] ApiDbMcu:532 - Load IP Config File for TIM3
2025-10-15 16:22:30,673 [INFO] ApiDbMcu:532 - Load IP Config File for RCC
2025-10-15 16:22:30,676 [WARN] IPConfigManager:3811 - IP not found : TIM
2025-10-15 16:22:30,681 [WARN] CodeGenerator:4259 - IP not found : null
2025-10-15 16:22:30,688 [INFO] CodeEngine:265 - oldGeneratedFile, C:\Users\oopav\PSR\Cvika\PSR_Ex\Core\Inc\main.h_save
2025-10-15 16:22:30,752 [INFO] CodeEngine:289 - Generated code: C:\Users\oopav\PSR\Cvika\PSR_Ex\Core\Inc\main.h
2025-10-15 16:22:30,758 [INFO] CodeEngine:265 - oldGeneratedFile, C:\Users\oopav\PSR\Cvika\PSR_Ex\Core\Src\main.c_save
2025-10-15 16:22:30,849 [INFO] CodeEngine:289 - Generated code: C:\Users\oopav\PSR\Cvika\PSR_Ex\Core\Src\main.c
2025-10-15 16:22:31,359 [INFO] ProjectBuilder:3606 - Time for Copy HAL[1] : 273mS.
2025-10-15 16:22:31,359 [ERROR] Middleware:2950 - Invalid RefComponent list
2025-10-15 16:22:31,359 [ERROR] Middleware:2950 - Invalid RefComponent list
2025-10-15 16:22:31,359 [ERROR] Middleware:2950 - Invalid RefComponent list
2025-10-15 16:22:31,359 [ERROR] Middleware:2950 - Invalid RefComponent list
2025-10-15 16:22:31,359 [ERROR] Middleware:2950 - Invalid RefComponent list
2025-10-15 16:22:31,359 [ERROR] Middleware:2950 - Invalid RefComponent list
2025-10-15 16:22:31,359 [ERROR] Middleware:2950 - Invalid RefComponent list
2025-10-15 16:22:31,359 [ERROR] Middleware:2950 - Invalid RefComponent list
2025-10-15 16:22:31,359 [ERROR] Middleware:2950 - Invalid RefComponent list
2025-10-15 16:22:31,359 [ERROR] Middleware:2950 - Invalid RefComponent list
2025-10-15 16:22:31,359 [ERROR] Middleware:2950 - Invalid RefComponent list
2025-10-15 16:22:31,359 [ERROR] Middleware:2950 - Invalid RefComponent list
2025-10-15 16:22:31,359 [ERROR] Middleware:2950 - Invalid RefComponent list
2025-10-15 16:22:31,359 [ERROR] Middleware:2950 - Invalid RefComponent list
2025-10-15 16:22:31,359 [ERROR] Middleware:2950 - Invalid RefComponent list
2025-10-15 16:22:31,359 [ERROR] Middleware:2950 - Invalid RefComponent list
2025-10-15 16:22:31,359 [ERROR] Middleware:2950 - Invalid RefComponent list
2025-10-15 16:22:31,359 [ERROR] Middleware:2950 - Invalid RefComponent list
2025-10-15 16:22:31,359 [ERROR] Middleware:2950 - Invalid RefComponent list
2025-10-15 16:22:31,359 [ERROR] Middleware:2950 - Invalid RefComponent list
2025-10-15 16:22:31,359 [ERROR] Middleware:2950 - Invalid RefComponent list
2025-10-15 16:22:31,359 [ERROR] Middleware:2950 - Invalid RefComponent list
2025-10-15 16:22:31,359 [ERROR] Middleware:2950 - Invalid RefComponent list
2025-10-15 16:22:31,359 [ERROR] Middleware:2950 - Invalid RefComponent list
2025-10-15 16:22:31,360 [ERROR] Middleware:2950 - Invalid RefComponent list
2025-10-15 16:22:31,360 [ERROR] Middleware:2950 - Invalid RefComponent list
2025-10-15 16:22:31,360 [ERROR] Middleware:2950 - Invalid RefComponent list
2025-10-15 16:22:31,360 [ERROR] Middleware:2950 - Invalid RefComponent list
2025-10-15 16:22:31,360 [ERROR] Middleware:2950 - Invalid RefComponent list
2025-10-15 16:22:31,360 [ERROR] Middleware:2950 - Invalid RefComponent list
2025-10-15 16:22:31,360 [ERROR] Middleware:2950 - Invalid RefComponent list
2025-10-15 16:22:31,360 [ERROR] Middleware:2950 - Invalid RefComponent list
2025-10-15 16:22:31,360 [ERROR] Middleware:2950 - Invalid RefComponent list
2025-10-15 16:22:31,360 [ERROR] Middleware:2950 - Invalid RefComponent list
2025-10-15 16:22:31,360 [ERROR] Middleware:2950 - Invalid RefComponent list
2025-10-15 16:22:31,360 [ERROR] Middleware:2950 - Invalid RefComponent list
2025-10-15 16:22:31,360 [ERROR] Middleware:2950 - Invalid RefComponent list
2025-10-15 16:22:31,360 [ERROR] Middleware:2950 - Invalid RefComponent list
2025-10-15 16:22:31,360 [ERROR] Middleware:2950 - Invalid RefComponent list
2025-10-15 16:22:31,360 [ERROR] Middleware:2950 - Invalid RefComponent list
2025-10-15 16:22:31,361 [ERROR] Middleware:2950 - Invalid RefComponent list
2025-10-15 16:22:31,361 [ERROR] Middleware:2950 - Invalid RefComponent list
2025-10-15 16:22:31,361 [ERROR] Middleware:2950 - Invalid RefComponent list
2025-10-15 16:22:31,361 [ERROR] Middleware:2950 - Invalid RefComponent list
2025-10-15 16:22:31,361 [ERROR] Middleware:2950 - Invalid RefComponent list
2025-10-15 16:22:31,361 [ERROR] Middleware:2950 - Invalid RefComponent list
2025-10-15 16:22:31,361 [ERROR] Middleware:2950 - Invalid RefComponent list
2025-10-15 16:22:31,361 [ERROR] Middleware:2950 - Invalid RefComponent list
2025-10-15 16:22:31,361 [ERROR] Middleware:2950 - Invalid RefComponent list
2025-10-15 16:22:31,361 [ERROR] Middleware:2950 - Invalid RefComponent list
2025-10-15 16:22:31,361 [ERROR] Middleware:2950 - Invalid RefComponent list
2025-10-15 16:22:31,361 [ERROR] Middleware:2950 - Invalid RefComponent list
2025-10-15 16:22:31,361 [ERROR] Middleware:2950 - Invalid RefComponent list
2025-10-15 16:22:31,361 [ERROR] Middleware:2950 - Invalid RefComponent list
2025-10-15 16:22:31,361 [ERROR] Middleware:2950 - Invalid RefComponent list
2025-10-15 16:22:31,361 [ERROR] Middleware:2950 - Invalid RefComponent list
2025-10-15 16:22:31,361 [ERROR] Middleware:2950 - Invalid RefComponent list
2025-10-15 16:22:31,361 [ERROR] Middleware:2950 - Invalid RefComponent list
2025-10-15 16:22:31,361 [ERROR] Middleware:2950 - Invalid RefComponent list
2025-10-15 16:22:31,361 [ERROR] Middleware:2950 - Invalid RefComponent list
2025-10-15 16:22:31,361 [ERROR] Middleware:2950 - Invalid RefComponent list
2025-10-15 16:22:31,361 [ERROR] Middleware:2950 - Invalid RefComponent list
2025-10-15 16:22:31,361 [ERROR] Middleware:2950 - Invalid RefComponent list
2025-10-15 16:22:31,361 [ERROR] Middleware:2950 - Invalid RefComponent list
2025-10-15 16:22:31,361 [ERROR] Middleware:2950 - Invalid RefComponent list
2025-10-15 16:22:31,361 [ERROR] Middleware:2950 - Invalid RefComponent list
2025-10-15 16:22:31,361 [ERROR] Middleware:2950 - Invalid RefComponent list
2025-10-15 16:22:31,361 [ERROR] Middleware:2950 - Invalid RefComponent list
2025-10-15 16:22:31,361 [ERROR] Middleware:2950 - Invalid RefComponent list
2025-10-15 16:22:31,361 [ERROR] Middleware:2950 - Invalid RefComponent list
2025-10-15 16:22:31,361 [ERROR] Middleware:2950 - Invalid RefComponent list
2025-10-15 16:22:31,361 [ERROR] Middleware:2950 - Invalid RefComponent list
2025-10-15 16:22:31,361 [ERROR] Middleware:2950 - Invalid RefComponent list
2025-10-15 16:22:31,361 [ERROR] Middleware:2950 - Invalid RefComponent list
2025-10-15 16:22:31,361 [ERROR] Middleware:2950 - Invalid RefComponent list
2025-10-15 16:22:31,361 [ERROR] Middleware:2950 - Invalid RefComponent list
2025-10-15 16:22:31,361 [ERROR] Middleware:2950 - Invalid RefComponent list
2025-10-15 16:22:31,361 [ERROR] Middleware:2950 - Invalid RefComponent list
2025-10-15 16:22:31,361 [ERROR] Middleware:2950 - Invalid RefComponent list
2025-10-15 16:22:31,361 [ERROR] Middleware:2950 - Invalid RefComponent list
2025-10-15 16:22:31,362 [WARN] ThirdPartyIpManager:480 - Condition 'CM7 IAR Condition' not fulfilled in pack 'STMicroelectronics.X-CUBE-AZRTOS-H7.3.3.0'
2025-10-15 16:22:31,362 [WARN] ThirdPartyIpManager:480 - Condition 'CM7 IAR Condition' not fulfilled in pack 'STMicroelectronics.X-CUBE-AZRTOS-H7.3.3.0'
2025-10-15 16:22:31,362 [WARN] ThirdPartyIpManager:480 - Condition 'CM7 IAR Condition' not fulfilled in pack 'STMicroelectronics.X-CUBE-AZRTOS-H7.3.3.0'
2025-10-15 16:22:31,362 [WARN] ThirdPartyIpManager:480 - Condition 'CM7 IAR Condition' not fulfilled in pack 'STMicroelectronics.X-CUBE-AZRTOS-H7.3.3.0'
2025-10-15 16:22:31,363 [WARN] ThirdPartyIpManager:480 - Condition 'CM7 IAR Condition' not fulfilled in pack 'STMicroelectronics.X-CUBE-AZRTOS-H7.3.3.0'
2025-10-15 16:22:31,363 [WARN] ThirdPartyIpManager:480 - Condition 'CM7 IAR Condition' not fulfilled in pack 'STMicroelectronics.X-CUBE-AZRTOS-H7.3.3.0'
2025-10-15 16:22:31,363 [WARN] ThirdPartyIpManager:480 - Condition 'CM7 IAR Condition' not fulfilled in pack 'STMicroelectronics.X-CUBE-AZRTOS-H7.3.3.0'
2025-10-15 16:22:31,363 [WARN] ThirdPartyIpManager:480 - Condition 'CM7 IAR Condition' not fulfilled in pack 'STMicroelectronics.X-CUBE-AZRTOS-H7.3.3.0'
2025-10-15 16:22:31,363 [WARN] ThirdPartyIpManager:480 - Condition 'CM7 IAR Condition' not fulfilled in pack 'STMicroelectronics.X-CUBE-AZRTOS-H7.3.3.0'
2025-10-15 16:22:31,363 [WARN] ThirdPartyIpManager:480 - Condition 'CM7 IAR Condition' not fulfilled in pack 'STMicroelectronics.X-CUBE-AZRTOS-H7.3.3.0'
2025-10-15 16:22:31,363 [WARN] ThirdPartyIpManager:480 - Condition 'CM7 IAR Condition' not fulfilled in pack 'STMicroelectronics.X-CUBE-AZRTOS-H7.3.3.0'
2025-10-15 16:22:31,363 [WARN] ThirdPartyIpManager:480 - Condition 'CM4 IAR Condition' not fulfilled in pack 'STMicroelectronics.X-CUBE-AZRTOS-H7.3.3.0'
2025-10-15 16:22:31,363 [WARN] ThirdPartyIpManager:480 - Condition 'CM4 IAR Condition' not fulfilled in pack 'STMicroelectronics.X-CUBE-AZRTOS-H7.3.3.0'
2025-10-15 16:22:31,363 [WARN] ThirdPartyIpManager:480 - Condition 'CM4 IAR Condition' not fulfilled in pack 'STMicroelectronics.X-CUBE-AZRTOS-H7.3.3.0'
2025-10-15 16:22:31,363 [WARN] ThirdPartyIpManager:480 - Condition 'CM4 IAR Condition' not fulfilled in pack 'STMicroelectronics.X-CUBE-AZRTOS-H7.3.3.0'
2025-10-15 16:22:31,363 [WARN] ThirdPartyIpManager:480 - Condition 'CM4 IAR Condition' not fulfilled in pack 'STMicroelectronics.X-CUBE-AZRTOS-H7.3.3.0'
2025-10-15 16:22:31,363 [WARN] ThirdPartyIpManager:480 - Condition 'CM4 IAR Condition' not fulfilled in pack 'STMicroelectronics.X-CUBE-AZRTOS-H7.3.3.0'
2025-10-15 16:22:31,363 [WARN] ThirdPartyIpManager:480 - Condition 'CM4 IAR Condition' not fulfilled in pack 'STMicroelectronics.X-CUBE-AZRTOS-H7.3.3.0'
2025-10-15 16:22:31,363 [WARN] ThirdPartyIpManager:480 - Condition 'CM4 IAR Condition' not fulfilled in pack 'STMicroelectronics.X-CUBE-AZRTOS-H7.3.3.0'
2025-10-15 16:22:31,363 [WARN] ThirdPartyIpManager:480 - Condition 'CM4 IAR Condition' not fulfilled in pack 'STMicroelectronics.X-CUBE-AZRTOS-H7.3.3.0'
2025-10-15 16:22:31,363 [WARN] ThirdPartyIpManager:480 - Condition 'CM4 IAR Condition' not fulfilled in pack 'STMicroelectronics.X-CUBE-AZRTOS-H7.3.3.0'
2025-10-15 16:22:31,363 [WARN] ThirdPartyIpManager:480 - Condition 'CM4 IAR Condition' not fulfilled in pack 'STMicroelectronics.X-CUBE-AZRTOS-H7.3.3.0'
2025-10-15 16:22:31,363 [WARN] ThirdPartyIpManager:480 - Condition 'CM4 GNU Condition' not fulfilled in pack 'STMicroelectronics.X-CUBE-AZRTOS-H7.3.3.0'
2025-10-15 16:22:31,363 [WARN] ThirdPartyIpManager:480 - Condition 'CM4 GNU Condition' not fulfilled in pack 'STMicroelectronics.X-CUBE-AZRTOS-H7.3.3.0'
2025-10-15 16:22:31,363 [WARN] ThirdPartyIpManager:480 - Condition 'CM4 GNU Condition' not fulfilled in pack 'STMicroelectronics.X-CUBE-AZRTOS-H7.3.3.0'
2025-10-15 16:22:31,363 [WARN] ThirdPartyIpManager:480 - Condition 'CM4 GNU Condition' not fulfilled in pack 'STMicroelectronics.X-CUBE-AZRTOS-H7.3.3.0'
2025-10-15 16:22:31,363 [WARN] ThirdPartyIpManager:480 - Condition 'CM4 GNU Condition' not fulfilled in pack 'STMicroelectronics.X-CUBE-AZRTOS-H7.3.3.0'
2025-10-15 16:22:31,363 [WARN] ThirdPartyIpManager:480 - Condition 'CM4 GNU Condition' not fulfilled in pack 'STMicroelectronics.X-CUBE-AZRTOS-H7.3.3.0'
2025-10-15 16:22:31,363 [WARN] ThirdPartyIpManager:480 - Condition 'CM4 GNU Condition' not fulfilled in pack 'STMicroelectronics.X-CUBE-AZRTOS-H7.3.3.0'
2025-10-15 16:22:31,363 [WARN] ThirdPartyIpManager:480 - Condition 'CM4 GNU Condition' not fulfilled in pack 'STMicroelectronics.X-CUBE-AZRTOS-H7.3.3.0'
2025-10-15 16:22:31,363 [WARN] ThirdPartyIpManager:480 - Condition 'CM4 GNU Condition' not fulfilled in pack 'STMicroelectronics.X-CUBE-AZRTOS-H7.3.3.0'
2025-10-15 16:22:31,363 [WARN] ThirdPartyIpManager:480 - Condition 'CM4 GNU Condition' not fulfilled in pack 'STMicroelectronics.X-CUBE-AZRTOS-H7.3.3.0'
2025-10-15 16:22:31,363 [WARN] ThirdPartyIpManager:480 - Condition 'CM7 ARMC6 Condition' not fulfilled in pack 'STMicroelectronics.X-CUBE-AZRTOS-H7.3.3.0'
2025-10-15 16:22:31,363 [WARN] ThirdPartyIpManager:480 - Condition 'CM7 ARMC6 Condition' not fulfilled in pack 'STMicroelectronics.X-CUBE-AZRTOS-H7.3.3.0'
2025-10-15 16:22:31,363 [WARN] ThirdPartyIpManager:480 - Condition 'CM7 ARMC6 Condition' not fulfilled in pack 'STMicroelectronics.X-CUBE-AZRTOS-H7.3.3.0'
2025-10-15 16:22:31,363 [WARN] ThirdPartyIpManager:480 - Condition 'CM7 ARMC6 Condition' not fulfilled in pack 'STMicroelectronics.X-CUBE-AZRTOS-H7.3.3.0'
2025-10-15 16:22:31,363 [WARN] ThirdPartyIpManager:480 - Condition 'CM7 ARMC6 Condition' not fulfilled in pack 'STMicroelectronics.X-CUBE-AZRTOS-H7.3.3.0'
2025-10-15 16:22:31,363 [WARN] ThirdPartyIpManager:480 - Condition 'CM7 ARMC6 Condition' not fulfilled in pack 'STMicroelectronics.X-CUBE-AZRTOS-H7.3.3.0'
2025-10-15 16:22:31,363 [WARN] ThirdPartyIpManager:480 - Condition 'CM7 ARMC6 Condition' not fulfilled in pack 'STMicroelectronics.X-CUBE-AZRTOS-H7.3.3.0'
2025-10-15 16:22:31,363 [WARN] ThirdPartyIpManager:480 - Condition 'CM7 ARMC6 Condition' not fulfilled in pack 'STMicroelectronics.X-CUBE-AZRTOS-H7.3.3.0'
2025-10-15 16:22:31,363 [WARN] ThirdPartyIpManager:480 - Condition 'CM7 ARMC6 Condition' not fulfilled in pack 'STMicroelectronics.X-CUBE-AZRTOS-H7.3.3.0'
2025-10-15 16:22:31,364 [WARN] ThirdPartyIpManager:480 - Condition 'CM7 ARMC6 Condition' not fulfilled in pack 'STMicroelectronics.X-CUBE-AZRTOS-H7.3.3.0'
2025-10-15 16:22:31,364 [WARN] ThirdPartyIpManager:480 - Condition 'CM4 ARMC6 Condition' not fulfilled in pack 'STMicroelectronics.X-CUBE-AZRTOS-H7.3.3.0'
2025-10-15 16:22:31,364 [WARN] ThirdPartyIpManager:480 - Condition 'CM4 ARMC6 Condition' not fulfilled in pack 'STMicroelectronics.X-CUBE-AZRTOS-H7.3.3.0'
2025-10-15 16:22:31,364 [WARN] ThirdPartyIpManager:480 - Condition 'CM4 ARMC6 Condition' not fulfilled in pack 'STMicroelectronics.X-CUBE-AZRTOS-H7.3.3.0'
2025-10-15 16:22:31,364 [WARN] ThirdPartyIpManager:480 - Condition 'CM4 ARMC6 Condition' not fulfilled in pack 'STMicroelectronics.X-CUBE-AZRTOS-H7.3.3.0'
2025-10-15 16:22:31,364 [WARN] ThirdPartyIpManager:480 - Condition 'CM4 ARMC6 Condition' not fulfilled in pack 'STMicroelectronics.X-CUBE-AZRTOS-H7.3.3.0'
2025-10-15 16:22:31,364 [WARN] ThirdPartyIpManager:480 - Condition 'CM4 ARMC6 Condition' not fulfilled in pack 'STMicroelectronics.X-CUBE-AZRTOS-H7.3.3.0'
2025-10-15 16:22:31,364 [WARN] ThirdPartyIpManager:480 - Condition 'CM4 ARMC6 Condition' not fulfilled in pack 'STMicroelectronics.X-CUBE-AZRTOS-H7.3.3.0'
2025-10-15 16:22:31,364 [WARN] ThirdPartyIpManager:480 - Condition 'CM4 ARMC6 Condition' not fulfilled in pack 'STMicroelectronics.X-CUBE-AZRTOS-H7.3.3.0'
2025-10-15 16:22:31,364 [WARN] ThirdPartyIpManager:480 - Condition 'CM4 ARMC6 Condition' not fulfilled in pack 'STMicroelectronics.X-CUBE-AZRTOS-H7.3.3.0'
2025-10-15 16:22:31,364 [WARN] ThirdPartyIpManager:480 - Condition 'CM4 ARMC6 Condition' not fulfilled in pack 'STMicroelectronics.X-CUBE-AZRTOS-H7.3.3.0'
2025-10-15 16:22:31,364 [WARN] ThirdPartyIpManager:480 - Condition 'NX CORE Condition' not fulfilled in pack 'STMicroelectronics.X-CUBE-AZRTOS-H7.3.3.0'
2025-10-15 16:22:31,364 [WARN] ThirdPartyRefParameterProcessor:173 - Condition 'NX CORE Condition;(SIiCclassIiNetwork&SIiCgroupIiNetXDuo&SIiCsubIiNXOoCore)' has not the same result using Semaphore or Dynamic solver for pack 'STMicroelectronics.X-CUBE-AZRTOS-H7.3.3.0''
2025-10-15 16:22:31,364 [WARN] ThirdPartyIpManager:480 - Condition 'NX CORE Condition' not fulfilled in pack 'STMicroelectronics.X-CUBE-AZRTOS-H7.3.3.0'
2025-10-15 16:22:31,364 [WARN] ThirdPartyRefParameterProcessor:173 - Condition 'NX CORE Condition;(SIiCclassIiNetwork&SIiCgroupIiNetXDuo&SIiCsubIiNXOoCore)' has not the same result using Semaphore or Dynamic solver for pack 'STMicroelectronics.X-CUBE-AZRTOS-H7.3.3.0''
2025-10-15 16:22:31,364 [WARN] ThirdPartyIpManager:480 - Condition 'NX CORE Condition' not fulfilled in pack 'STMicroelectronics.X-CUBE-AZRTOS-H7.3.3.0'
2025-10-15 16:22:31,364 [WARN] ThirdPartyRefParameterProcessor:173 - Condition 'NX CORE Condition;(SIiCclassIiNetwork&SIiCgroupIiNetXDuo&SIiCsubIiNXOoCore)' has not the same result using Semaphore or Dynamic solver for pack 'STMicroelectronics.X-CUBE-AZRTOS-H7.3.3.0''
2025-10-15 16:22:31,364 [WARN] ThirdPartyIpManager:480 - Condition 'NX CORE Condition' not fulfilled in pack 'STMicroelectronics.X-CUBE-AZRTOS-H7.3.3.0'
2025-10-15 16:22:31,364 [WARN] ThirdPartyRefParameterProcessor:173 - Condition 'NX CORE Condition;(SIiCclassIiNetwork&SIiCgroupIiNetXDuo&SIiCsubIiNXOoCore)' has not the same result using Semaphore or Dynamic solver for pack 'STMicroelectronics.X-CUBE-AZRTOS-H7.3.3.0''
2025-10-15 16:22:31,364 [WARN] ThirdPartyIpManager:480 - Condition 'NX CORE Condition' not fulfilled in pack 'STMicroelectronics.X-CUBE-AZRTOS-H7.3.3.0'
2025-10-15 16:22:31,364 [WARN] ThirdPartyRefParameterProcessor:173 - Condition 'NX CORE Condition;(SIiCclassIiNetwork&SIiCgroupIiNetXDuo&SIiCsubIiNXOoCore)' has not the same result using Semaphore or Dynamic solver for pack 'STMicroelectronics.X-CUBE-AZRTOS-H7.3.3.0''
2025-10-15 16:22:31,364 [WARN] ThirdPartyIpManager:480 - Condition 'UX_CORESTACK_Condition' not fulfilled in pack 'STMicroelectronics.X-CUBE-AZRTOS-H7.3.3.0'
2025-10-15 16:22:31,364 [WARN] ThirdPartyRefParameterProcessor:173 - Condition 'UX_CORESTACK_Condition;(SIiCclassIiUSB&SIiCgroupIiUSBX&SIiCsubIiCoreSystem)' has not the same result using Semaphore or Dynamic solver for pack 'STMicroelectronics.X-CUBE-AZRTOS-H7.3.3.0''
2025-10-15 16:22:31,364 [WARN] ThirdPartyIpManager:480 - Condition 'UX_CORESTACK_Condition' not fulfilled in pack 'STMicroelectronics.X-CUBE-AZRTOS-H7.3.3.0'
2025-10-15 16:22:31,364 [WARN] ThirdPartyRefParameterProcessor:173 - Condition 'UX_CORESTACK_Condition;(SIiCclassIiUSB&SIiCgroupIiUSBX&SIiCsubIiCoreSystem)' has not the same result using Semaphore or Dynamic solver for pack 'STMicroelectronics.X-CUBE-AZRTOS-H7.3.3.0''
2025-10-15 16:22:31,364 [WARN] ThirdPartyIpManager:480 - Condition 'UX_CORESTACK_Condition' not fulfilled in pack 'STMicroelectronics.X-CUBE-AZRTOS-H7.3.3.0'
2025-10-15 16:22:31,364 [WARN] ThirdPartyRefParameterProcessor:173 - Condition 'UX_CORESTACK_Condition;(SIiCclassIiUSB&SIiCgroupIiUSBX&SIiCsubIiCoreSystem)' has not the same result using Semaphore or Dynamic solver for pack 'STMicroelectronics.X-CUBE-AZRTOS-H7.3.3.0''
2025-10-15 16:22:31,364 [WARN] ThirdPartyIpManager:480 - Condition 'UX_CORESTACK_Condition' not fulfilled in pack 'STMicroelectronics.X-CUBE-AZRTOS-H7.3.3.0'
2025-10-15 16:22:31,364 [WARN] ThirdPartyRefParameterProcessor:173 - Condition 'UX_CORESTACK_Condition;(SIiCclassIiUSB&SIiCgroupIiUSBX&SIiCsubIiCoreSystem)' has not the same result using Semaphore or Dynamic solver for pack 'STMicroelectronics.X-CUBE-AZRTOS-H7.3.3.0''
2025-10-15 16:22:31,364 [WARN] ThirdPartyIpManager:480 - Condition 'UX_CORESTACK_Condition' not fulfilled in pack 'STMicroelectronics.X-CUBE-AZRTOS-H7.3.3.0'
2025-10-15 16:22:31,364 [WARN] ThirdPartyRefParameterProcessor:173 - Condition 'UX_CORESTACK_Condition;(SIiCclassIiUSB&SIiCgroupIiUSBX&SIiCsubIiCoreSystem)' has not the same result using Semaphore or Dynamic solver for pack 'STMicroelectronics.X-CUBE-AZRTOS-H7.3.3.0''
2025-10-15 16:22:31,364 [WARN] ThirdPartyIpManager:480 - Condition 'FX Common Condition' not fulfilled in pack 'STMicroelectronics.X-CUBE-AZRTOS-H7.3.3.0'
2025-10-15 16:22:31,364 [WARN] ThirdPartyRefParameterProcessor:173 - Condition 'FX Common Condition;(SIiCclassIiFileOoSystem&SIiCgroupIiFileX&SIiCsubIiCore)' has not the same result using Semaphore or Dynamic solver for pack 'STMicroelectronics.X-CUBE-AZRTOS-H7.3.3.0''
2025-10-15 16:22:31,364 [WARN] ThirdPartyIpManager:480 - Condition 'FX Common Condition' not fulfilled in pack 'STMicroelectronics.X-CUBE-AZRTOS-H7.3.3.0'
2025-10-15 16:22:31,364 [WARN] ThirdPartyRefParameterProcessor:173 - Condition 'FX Common Condition;(SIiCclassIiFileOoSystem&SIiCgroupIiFileX&SIiCsubIiCore)' has not the same result using Semaphore or Dynamic solver for pack 'STMicroelectronics.X-CUBE-AZRTOS-H7.3.3.0''
2025-10-15 16:22:31,364 [WARN] ThirdPartyIpManager:480 - Condition 'FX Common Condition' not fulfilled in pack 'STMicroelectronics.X-CUBE-AZRTOS-H7.3.3.0'
2025-10-15 16:22:31,364 [WARN] ThirdPartyRefParameterProcessor:173 - Condition 'FX Common Condition;(SIiCclassIiFileOoSystem&SIiCgroupIiFileX&SIiCsubIiCore)' has not the same result using Semaphore or Dynamic solver for pack 'STMicroelectronics.X-CUBE-AZRTOS-H7.3.3.0''
2025-10-15 16:22:31,364 [WARN] ThirdPartyIpManager:480 - Condition 'FX Common Condition' not fulfilled in pack 'STMicroelectronics.X-CUBE-AZRTOS-H7.3.3.0'
2025-10-15 16:22:31,364 [WARN] ThirdPartyRefParameterProcessor:173 - Condition 'FX Common Condition;(SIiCclassIiFileOoSystem&SIiCgroupIiFileX&SIiCsubIiCore)' has not the same result using Semaphore or Dynamic solver for pack 'STMicroelectronics.X-CUBE-AZRTOS-H7.3.3.0''
2025-10-15 16:22:31,364 [WARN] ThirdPartyIpManager:480 - Condition 'FX Common Condition' not fulfilled in pack 'STMicroelectronics.X-CUBE-AZRTOS-H7.3.3.0'
2025-10-15 16:22:31,364 [WARN] ThirdPartyRefParameterProcessor:173 - Condition 'FX Common Condition;(SIiCclassIiFileOoSystem&SIiCgroupIiFileX&SIiCsubIiCore)' has not the same result using Semaphore or Dynamic solver for pack 'STMicroelectronics.X-CUBE-AZRTOS-H7.3.3.0''
2025-10-15 16:22:31,467 [INFO] ProjectBuilder:9437 - Time for Copy ThirdParty[1] : 101mS.
2025-10-15 16:22:31,471 [INFO] ProjectBuilder:5216 - Project Generator version: 4.7.0-B52
2025-10-15 16:22:31,533 [INFO] ConfigFileManager:1595 - The Die is : DIE450
2025-10-15 16:22:31,539 [INFO] ApiDbMcu:532 - Load IP Config File for FATFS
2025-10-15 16:22:31,544 [INFO] ApiDbMcu:532 - Load IP Config File for FREERTOS
2025-10-15 16:22:31,546 [INFO] ApiDbMcu:532 - Load IP Config File for LIBJPEG
2025-10-15 16:22:31,551 [INFO] ApiDbMcu:532 - Load IP Config File for LWIP
2025-10-15 16:22:31,555 [INFO] ApiDbMcu:532 - Load IP Config File for MBEDTLS
2025-10-15 16:22:31,561 [INFO] ApiDbMcu:532 - Load IP Config File for USB_DEVICE
2025-10-15 16:22:31,563 [INFO] ApiDbMcu:532 - Load IP Config File for USB_HOST
2025-10-15 16:22:33,023 [INFO] ProjectBuilder:5496 - Time for Generating toolchain IDE Files: 1552mS.
2025-10-15 16:22:33,024 [INFO] ProjectBuilder:3463 - Time for Copy CMSIS : 1mS.
2025-10-15 16:22:33,033 [INFO] ProjectBuilder:3463 - Time for Copy CMSIS : 0mS.
2025-10-15 16:22:54,525 [INFO] WebApp:194 - Connection lost
2025-10-15 16:22:55,191 [INFO] WebApp:191 - Connection restablished
