2025-10-08 18:33:50,492 [ERROR] ConfigurationRetriever:142 - IOException on connection: sw-center.st.com
2025-10-08 18:33:50,510 [ERROR] ConfigurationRetriever:142 - IOException on connection: sw-center.st.com
2025-10-08 18:33:50,510 [ERROR] ConfigurationRetriever:142 - IOException on connection: sw-center.st.com
2025-10-08 18:35:38,597 [INFO] WebApp:191 - Connection restablished
2025-10-08 18:35:40,320 [INFO] WebApp:194 - Connection lost
2025-10-08 18:35:40,593 [INFO] WebApp:191 - Connection restablished
2025-10-08 18:47:35,366 [INFO] MainUpdater:2872 - connection check result : 10
2025-10-08 18:47:35,366 [INFO] MainUpdater:2872 - connection check result : 10
2025-10-08 18:47:35,469 [INFO] MicroXplorer:468 - Change Database Path : 
2025-10-08 18:47:35,469 [INFO] MicroXplorer:498 - Change Database Version : DB.6.0.150
2025-10-08 18:47:35,508 [ERROR] ProjectManagerView:395 - 
java.lang.NullPointerException: Cannot invoke "javax.swing.JTextField.getText()" because the return value of "java.util.List.get(int)" is null
	at com.st.microxplorer.plugins.projectmanager.gui.ProjectChoiceTab$9.caretUpdate(ProjectChoiceTab.java:2706) ~[filemanager.jar:?]
	at javax.swing.text.JTextComponent.fireCaretUpdate(JTextComponent.java:408) ~[?:?]
	at javax.swing.text.JTextComponent$MutableCaretEvent.fire(JTextComponent.java:4484) ~[?:?]
	at javax.swing.text.JTextComponent$MutableCaretEvent.stateChanged(JTextComponent.java:4506) ~[?:?]
	at javax.swing.text.DefaultCaret.fireStateChanged(DefaultCaret.java:857) ~[?:?]
	at javax.swing.text.DefaultCaret.changeCaretPosition(DefaultCaret.java:1343) ~[?:?]
	at javax.swing.text.DefaultCaret.handleSetDot(DefaultCaret.java:1242) ~[?:?]
	at javax.swing.text.DefaultCaret.setDot(DefaultCaret.java:1223) ~[?:?]
	at javax.swing.text.DefaultCaret$Handler.insertUpdate(DefaultCaret.java:1819) ~[?:?]
	at javax.swing.text.AbstractDocument.fireInsertUpdate(AbstractDocument.java:227) ~[?:?]
	at javax.swing.text.AbstractDocument.handleInsertString(AbstractDocument.java:781) ~[?:?]
	at javax.swing.text.AbstractDocument.insertString(AbstractDocument.java:740) ~[?:?]
	at javax.swing.text.PlainDocument.insertString(PlainDocument.java:131) ~[?:?]
	at javax.swing.text.AbstractDocument.replace(AbstractDocument.java:699) ~[?:?]
	at javax.swing.text.JTextComponent.setText(JTextComponent.java:1725) ~[?:?]
	at com.st.microxplorer.plugins.projectmanager.gui.ProjectChoiceTab.createHeapStackFields(ProjectChoiceTab.java:993) ~[filemanager.jar:?]
	at com.st.microxplorer.plugins.projectmanager.gui.ProjectChoiceTab.buildLinkSettingsPanel(ProjectChoiceTab.java:3813) ~[filemanager.jar:?]
	at com.st.microxplorer.plugins.projectmanager.gui.ProjectChoiceTab.defineWindowsFields(ProjectChoiceTab.java:1987) ~[filemanager.jar:?]
	at com.st.microxplorer.plugins.projectmanager.gui.ProjectChoiceTab.updateSettings(ProjectChoiceTab.java:558) ~[filemanager.jar:?]
	at com.st.microxplorer.plugins.projectmanager.gui.ProjectSettingsPanel.UpdateDialog(ProjectSettingsPanel.java:247) ~[filemanager.jar:?]
	at com.st.microxplorer.plugins.projectmanager.ProjectManagerView.propertyChange(ProjectManagerView.java:392) ~[filemanager.jar:?]
	at java.beans.PropertyChangeSupport.fire(PropertyChangeSupport.java:343) ~[?:?]
	at java.beans.PropertyChangeSupport.firePropertyChange(PropertyChangeSupport.java:335) ~[?:?]
	at java.beans.PropertyChangeSupport.firePropertyChange(PropertyChangeSupport.java:268) ~[?:?]
	at com.st.microxplorer.util.MXPropertyChangeSupport.firePropertyChange(MXPropertyChangeSupport.java:54) ~[STM32CubeMX.jar:?]
	at com.st.microxplorer.mxsystem.MxSystem.closeConfig(MxSystem.java:899) ~[STM32CubeMX.jar:?]
	at com.st.microxplorer.maingui.MainPanel.closeConfig(MainPanel.java:792) ~[STM32CubeMX.jar:?]
	at com.st.microxplorer.plugins.filemanager.engine.OpenFileManager.loadConfigurationFile(OpenFileManager.java:288) ~[filemanager.jar:?]
	at com.st.microxplorer.plugins.filemanager.engine.MainFileManager.userLoadConfig(MainFileManager.java:364) ~[filemanager.jar:?]
	at com.st.microxplorer.plugins.filemanager.engine.MainFileManager.userLoadConfig(MainFileManager.java:342) ~[filemanager.jar:?]
	at com.st.microxplorer.plugins.filemanager.FileManagerView.getSpecificTask(FileManagerView.java:264) ~[filemanager.jar:?]
	at com.st.stm32cube.common.mx.editor.CubeMxEditor.getMxTabbedPaneInstance(CubeMxEditor.java:1198) ~[com.st.stm32cube.common.mx_6.15.0.202507011659/:?]
	at com.st.stm32cube.common.mx.editor.CubeMxEditor$12$1.createSwingComponent(CubeMxEditor.java:1068) ~[com.st.stm32cube.common.mx_6.15.0.202507011659/:?]
	at com.st.stm32cube.common.mx.oss.core.awtswtbridge.EmbeddedSwingComposite.doComponentCreation(EmbeddedSwingComposite.java:492) ~[com.st.stm32cube.common.mx.oss_6.15.0.202507011659/:?]
	at com.st.stm32cube.common.mx.oss.core.awtswtbridge.EmbeddedSwingComposite$4.run(EmbeddedSwingComposite.java:291) ~[com.st.stm32cube.common.mx.oss_6.15.0.202507011659/:?]
	at com.st.stm32cube.common.mx.oss.core.awtswtbridge.AwtEnvironment$2.run(AwtEnvironment.java:166) ~[com.st.stm32cube.common.mx.oss_6.15.0.202507011659/:?]
	at java.awt.event.InvocationEvent.dispatch(InvocationEvent.java:318) ~[?:?]
	at java.awt.EventQueue.dispatchEventImpl(EventQueue.java:773) ~[?:?]
	at java.awt.EventQueue$4.run(EventQueue.java:720) ~[?:?]
	at java.awt.EventQueue$4.run(EventQueue.java:714) ~[?:?]
	at java.security.AccessController.doPrivileged(AccessController.java:400) ~[?:?]
	at java.security.ProtectionDomain$JavaSecurityAccessImpl.doIntersectionPrivilege(ProtectionDomain.java:87) ~[?:?]
	at java.awt.EventQueue.dispatchEvent(EventQueue.java:742) ~[?:?]
	at java.awt.EventDispatchThread.pumpOneEventForFilters(EventDispatchThread.java:203) ~[?:?]
	at java.awt.EventDispatchThread.pumpEventsForFilter(EventDispatchThread.java:124) ~[?:?]
	at java.awt.EventDispatchThread.pumpEventsForHierarchy(EventDispatchThread.java:113) ~[?:?]
	at java.awt.EventDispatchThread.pumpEvents(EventDispatchThread.java:109) ~[?:?]
	at java.awt.EventDispatchThread.pumpEvents(EventDispatchThread.java:101) ~[?:?]
	at java.awt.EventDispatchThread.run(EventDispatchThread.java:90) ~[?:?]
2025-10-08 18:47:35,508 [WARN] ThirdParty:871 - waiting for thirdparty lock release [close project]
2025-10-08 18:47:35,508 [INFO] ThirdParty:873 - entering critical section [close project]
2025-10-08 18:47:35,508 [INFO] ThirdParty:883 - exiting critical section [close project]
2025-10-08 18:47:35,520 [INFO] PinOutPanel:1589 - setPackage(No Configuration,No Configuration)
2025-10-08 18:47:35,521 [WARN] IpParametersView:155 - Warning: This peripheral hasn't parameters
2025-10-08 18:47:35,555 [WARN] MainPanel:289 - <html><b><center>Warning: This peripheral has no parameters to be configured<br></b></html>
2025-10-08 18:47:35,555 [WARN] IpParametersView:155 - Warning: This peripheral hasn't parameters
2025-10-08 18:47:35,581 [WARN] MainPanel:289 - <html><b><center>Warning: This peripheral has no parameters to be configured<br></b></html>
2025-10-08 18:47:35,585 [INFO] UtilMem:75 - Begin LoadConfig() Used Memory: 611886328 Bytes (1073741824)
2025-10-08 18:47:35,585 [INFO] MicroXplorer:468 - Change Database Path : 
2025-10-08 18:47:35,585 [INFO] MicroXplorer:498 - Change Database Version : DB.6.0.150
2025-10-08 18:47:35,585 [INFO] OpenFileManager:355 - Change cursor
2025-10-08 18:47:35,638 [INFO] Mcu:2029 - Initializing MCU STM32H753ZITx STM32H753ZITx STM32H753ZIT6
2025-10-08 18:47:39,072 [INFO] Context:786 - Trying to add GPIOservice into a context  which must be forbidden
2025-10-08 18:47:40,711 [INFO] ApiDbMcu:532 - Load IP Config File for STMicroelectronics.X-CUBE-AZRTOS-H7.3.3.0
2025-10-08 18:47:40,960 [INFO] ApiDbMcu:532 - Load IP Config File for NUCLEO-H753ZI
2025-10-08 18:47:41,134 [INFO] ImportTextPane:234 - (OptionalMessage_ERROR) Pin21 (VP_RIF_VS_RIF1) cannot be retrieved for this MCU
2025-10-08 18:47:41,150 [INFO] ImportTextPane:234 - (OptionalMessage_ERROR) Unable to find key (Mcu.IP6) in loaded IOC file
2025-10-08 18:47:41,151 [INFO] ImportTextPane:234 - (OptionalMessage_ERROR) Unknown IP (dummy)
2025-10-08 18:47:41,235 [INFO] RtosManager:558 - Registered RTOS mode: class=CMSIS, group=RTOS, mode=CMSIS_V1, owner=FREERTOS
2025-10-08 18:47:41,235 [INFO] RtosManager:558 - Registered RTOS mode: class=CMSIS, group=RTOS2, mode=CMSIS_V2, owner=FREERTOS
2025-10-08 18:47:41,237 [INFO] RtosManager:558 - Registered RTOS mode: class=RTOS, group=Core, mode=CMSIS_V1, owner=FREERTOS
2025-10-08 18:47:41,237 [INFO] RtosManager:558 - Registered RTOS mode: class=RTOS, group=Core, mode=CMSIS_V2, owner=FREERTOS
2025-10-08 18:47:41,237 [WARN] ModelIntegratedComponent:184 - Missing modes for component STMicroelectronics:FreeRTOS:0.0.1:STMicroelectronics:RTOS:FreeRTOS:Core:::10.2.0:
2025-10-08 18:47:41,258 [WARN] ModelIntegratedComponent:63 - No mode defined for component null
2025-10-08 18:47:41,258 [WARN] ModelIntegratedComponent:63 - No mode defined for component null
2025-10-08 18:47:41,258 [WARN] ModelIntegratedComponent:63 - No mode defined for component null
2025-10-08 18:47:41,258 [WARN] ModelIntegratedComponent:63 - No mode defined for component null
2025-10-08 18:47:41,258 [WARN] ModelIntegratedComponent:63 - No mode defined for component null
2025-10-08 18:47:41,258 [WARN] ModelIntegratedComponent:63 - No mode defined for component null
2025-10-08 18:47:41,258 [WARN] ModelIntegratedComponent:63 - No mode defined for component null
2025-10-08 18:47:41,258 [WARN] ModelIntegratedComponent:63 - No mode defined for component null
2025-10-08 18:47:41,258 [WARN] ModelIntegratedComponent:63 - No mode defined for component null
2025-10-08 18:47:41,258 [WARN] ModelIntegratedComponent:63 - No mode defined for component null
2025-10-08 18:47:41,258 [WARN] ModelIntegratedComponent:63 - No mode defined for component null
2025-10-08 18:47:41,258 [WARN] ModelIntegratedComponent:63 - No mode defined for component null
2025-10-08 18:47:41,258 [WARN] ModelIntegratedComponent:63 - No mode defined for component null
2025-10-08 18:47:41,258 [WARN] ModelIntegratedComponent:63 - No mode defined for component null
2025-10-08 18:47:41,258 [WARN] ModelIntegratedComponent:63 - No mode defined for component null
2025-10-08 18:47:41,258 [WARN] ModelIntegratedComponent:63 - No mode defined for component null
2025-10-08 18:47:41,258 [WARN] ModelIntegratedComponent:63 - No mode defined for component null
2025-10-08 18:47:41,259 [WARN] ModelIntegratedComponent:63 - No mode defined for component null
2025-10-08 18:47:41,259 [WARN] ModelIntegratedComponent:63 - No mode defined for component null
2025-10-08 18:47:41,259 [WARN] ModelIntegratedComponent:63 - No mode defined for component null
2025-10-08 18:47:41,259 [WARN] ModelIntegratedComponent:63 - No mode defined for component null
2025-10-08 18:47:41,259 [WARN] ModelIntegratedComponent:63 - No mode defined for component null
2025-10-08 18:47:41,259 [WARN] ModelIntegratedComponent:63 - No mode defined for component null
2025-10-08 18:47:41,259 [WARN] ModelIntegratedComponent:63 - No mode defined for component null
2025-10-08 18:47:41,259 [WARN] ModelIntegratedComponent:63 - No mode defined for component null
2025-10-08 18:47:41,259 [WARN] ModelIntegratedComponent:63 - No mode defined for component null
2025-10-08 18:47:41,259 [WARN] ModelIntegratedComponent:63 - No mode defined for component null
2025-10-08 18:47:41,259 [WARN] ModelIntegratedComponent:63 - No mode defined for component null
2025-10-08 18:47:41,259 [WARN] ModelIntegratedComponent:63 - No mode defined for component null
2025-10-08 18:47:41,259 [WARN] ModelIntegratedComponent:63 - No mode defined for component null
2025-10-08 18:47:41,259 [WARN] ModelIntegratedComponent:63 - No mode defined for component null
2025-10-08 18:47:41,259 [WARN] ModelIntegratedComponent:63 - No mode defined for component null
2025-10-08 18:47:41,259 [WARN] ModelIntegratedComponent:63 - No mode defined for component null
2025-10-08 18:47:41,259 [WARN] ModelIntegratedComponent:63 - No mode defined for component null
2025-10-08 18:47:41,259 [WARN] ModelIntegratedComponent:63 - No mode defined for component null
2025-10-08 18:47:41,259 [WARN] ModelPack:524 - Component already loaded: STMicroelectronics:HAL Drivers:0.0.0:STMicroelectronics:Device:STMicro_Driver:XSPI:HAL::0.0.1:HAL_XSPI
2025-10-08 18:47:41,440 [WARN] IP:2250 - TX_NO_TIMER not found: check if there is a RefParameter without a condition.
2025-10-08 18:47:41,440 [WARN] IP:2250 - TX_LOW_POWER_TICKLESS not found: check if there is a RefParameter without a condition.
2025-10-08 18:47:41,440 [WARN] IP:2250 - TX_LOW_POWER_USER_ENTER not found: check if there is a RefParameter without a condition.
2025-10-08 18:47:41,440 [WARN] IP:2250 - TX_LOW_POWER_USER_EXIT not found: check if there is a RefParameter without a condition.
2025-10-08 18:47:41,440 [WARN] IP:2250 - TX_LOW_POWER_USER_TIMER_ADJUST not found: check if there is a RefParameter without a condition.
2025-10-08 18:47:41,440 [WARN] IP:2250 - TX_LOW_POWER_TIMER_SETUP not found: check if there is a RefParameter without a condition.
2025-10-08 18:47:41,440 [WARN] IP:2250 - TX_BASEPRI_VALUE not found: check if there is a RefParameter without a condition.
2025-10-08 18:47:41,441 [WARN] IP:2250 - TX_APP_CREATION not found: check if there is a RefParameter without a condition.
2025-10-08 18:47:41,441 [WARN] IP:2250 - TX_APP_THREAD_ENTRY not found: check if there is a RefParameter without a condition.
2025-10-08 18:47:41,441 [WARN] IP:2250 - TX_APP_THREAD_NAME not found: check if there is a RefParameter without a condition.
2025-10-08 18:47:41,441 [WARN] IP:2250 - TX_APP_THREAD_PRIO not found: check if there is a RefParameter without a condition.
2025-10-08 18:47:41,441 [WARN] IP:2250 - TX_APP_STACK_SIZE not found: check if there is a RefParameter without a condition.
2025-10-08 18:47:41,441 [WARN] IP:2250 - TX_APP_SEM_CREATION not found: check if there is a RefParameter without a condition.
2025-10-08 18:47:41,441 [WARN] IP:2250 - TX_SEMAPHORE_NAME not found: check if there is a RefParameter without a condition.
2025-10-08 18:47:41,441 [WARN] IP:2250 - TX_SEMAPHORE_COUNT not found: check if there is a RefParameter without a condition.
2025-10-08 18:47:41,441 [WARN] IP:2250 - TX_APP_MUTEX_CREATION not found: check if there is a RefParameter without a condition.
2025-10-08 18:47:41,441 [WARN] IP:2250 - TX_MUTEX_NAME not found: check if there is a RefParameter without a condition.
2025-10-08 18:47:41,441 [WARN] IP:2250 - TX_Mutex_INHERITANCE not found: check if there is a RefParameter without a condition.
2025-10-08 18:47:41,441 [WARN] IP:2250 - TX_APP_MSG_QUEUE_CREATION not found: check if there is a RefParameter without a condition.
2025-10-08 18:47:41,441 [WARN] IP:2250 - TX_MSG_QUEUE_NAME not found: check if there is a RefParameter without a condition.
2025-10-08 18:47:41,441 [WARN] IP:2250 - TX_MSG_SIZE_WORDS not found: check if there is a RefParameter without a condition.
2025-10-08 18:47:41,441 [WARN] IP:2250 - TX_NB_MSG not found: check if there is a RefParameter without a condition.
2025-10-08 18:47:41,442 [WARN] IP:2250 - TX_NO_TIMER not found: check if there is a RefParameter without a condition.
2025-10-08 18:47:41,442 [WARN] IP:2250 - TX_BASEPRI_VALUE not found: check if there is a RefParameter without a condition.
2025-10-08 18:47:41,443 [WARN] IP:2250 - TX_APP_CREATION not found: check if there is a RefParameter without a condition.
2025-10-08 18:47:41,443 [WARN] IP:2250 - TX_APP_THREAD_ENTRY not found: check if there is a RefParameter without a condition.
2025-10-08 18:47:41,443 [WARN] IP:2250 - TX_APP_THREAD_NAME not found: check if there is a RefParameter without a condition.
2025-10-08 18:47:41,443 [WARN] IP:2250 - TX_APP_THREAD_PRIO not found: check if there is a RefParameter without a condition.
2025-10-08 18:47:41,443 [WARN] IP:2250 - TX_APP_STACK_SIZE not found: check if there is a RefParameter without a condition.
2025-10-08 18:47:41,443 [WARN] IP:2250 - TX_APP_SEM_CREATION not found: check if there is a RefParameter without a condition.
2025-10-08 18:47:41,443 [WARN] IP:2250 - TX_SEMAPHORE_NAME not found: check if there is a RefParameter without a condition.
2025-10-08 18:47:41,443 [WARN] IP:2250 - TX_SEMAPHORE_COUNT not found: check if there is a RefParameter without a condition.
2025-10-08 18:47:41,443 [WARN] IP:2250 - TX_APP_MUTEX_CREATION not found: check if there is a RefParameter without a condition.
2025-10-08 18:47:41,443 [WARN] IP:2250 - TX_MUTEX_NAME not found: check if there is a RefParameter without a condition.
2025-10-08 18:47:41,443 [WARN] IP:2250 - TX_Mutex_INHERITANCE not found: check if there is a RefParameter without a condition.
2025-10-08 18:47:41,443 [WARN] IP:2250 - TX_APP_MSG_QUEUE_CREATION not found: check if there is a RefParameter without a condition.
2025-10-08 18:47:41,443 [WARN] IP:2250 - TX_MSG_QUEUE_NAME not found: check if there is a RefParameter without a condition.
2025-10-08 18:47:41,443 [WARN] IP:2250 - TX_MSG_SIZE_WORDS not found: check if there is a RefParameter without a condition.
2025-10-08 18:47:41,443 [WARN] IP:2250 - TX_NB_MSG not found: check if there is a RefParameter without a condition.
2025-10-08 18:47:41,444 [WARN] IP:2250 - TX_NO_TIMER not found: check if there is a RefParameter without a condition.
2025-10-08 18:47:41,444 [WARN] IP:2250 - TX_BASEPRI_VALUE not found: check if there is a RefParameter without a condition.
2025-10-08 18:47:41,444 [WARN] IP:2250 - TX_APP_CREATION not found: check if there is a RefParameter without a condition.
2025-10-08 18:47:41,444 [WARN] IP:2250 - TX_APP_THREAD_ENTRY not found: check if there is a RefParameter without a condition.
2025-10-08 18:47:41,444 [WARN] IP:2250 - TX_APP_THREAD_NAME not found: check if there is a RefParameter without a condition.
2025-10-08 18:47:41,444 [WARN] IP:2250 - TX_APP_THREAD_PRIO not found: check if there is a RefParameter without a condition.
2025-10-08 18:47:41,444 [WARN] IP:2250 - TX_APP_STACK_SIZE not found: check if there is a RefParameter without a condition.
2025-10-08 18:47:41,444 [WARN] IP:2250 - TX_APP_SEM_CREATION not found: check if there is a RefParameter without a condition.
2025-10-08 18:47:41,444 [WARN] IP:2250 - TX_SEMAPHORE_NAME not found: check if there is a RefParameter without a condition.
2025-10-08 18:47:41,444 [WARN] IP:2250 - TX_SEMAPHORE_COUNT not found: check if there is a RefParameter without a condition.
2025-10-08 18:47:41,444 [WARN] IP:2250 - TX_APP_MUTEX_CREATION not found: check if there is a RefParameter without a condition.
2025-10-08 18:47:41,444 [WARN] IP:2250 - TX_MUTEX_NAME not found: check if there is a RefParameter without a condition.
2025-10-08 18:47:41,445 [WARN] IP:2250 - TX_Mutex_INHERITANCE not found: check if there is a RefParameter without a condition.
2025-10-08 18:47:41,445 [WARN] IP:2250 - TX_APP_MSG_QUEUE_CREATION not found: check if there is a RefParameter without a condition.
2025-10-08 18:47:41,445 [WARN] IP:2250 - TX_MSG_QUEUE_NAME not found: check if there is a RefParameter without a condition.
2025-10-08 18:47:41,445 [WARN] IP:2250 - TX_MSG_SIZE_WORDS not found: check if there is a RefParameter without a condition.
2025-10-08 18:47:41,445 [WARN] IP:2250 - TX_NB_MSG not found: check if there is a RefParameter without a condition.
2025-10-08 18:47:41,445 [WARN] IP:2250 - TX_NO_TIMER not found: check if there is a RefParameter without a condition.
2025-10-08 18:47:41,446 [WARN] IP:2250 - TX_BASEPRI_VALUE not found: check if there is a RefParameter without a condition.
2025-10-08 18:47:41,446 [WARN] IP:2250 - TX_APP_CREATION not found: check if there is a RefParameter without a condition.
2025-10-08 18:47:41,446 [WARN] IP:2250 - TX_APP_THREAD_ENTRY not found: check if there is a RefParameter without a condition.
2025-10-08 18:47:41,446 [WARN] IP:2250 - TX_APP_THREAD_NAME not found: check if there is a RefParameter without a condition.
2025-10-08 18:47:41,446 [WARN] IP:2250 - TX_APP_THREAD_PRIO not found: check if there is a RefParameter without a condition.
2025-10-08 18:47:41,446 [WARN] IP:2250 - TX_APP_STACK_SIZE not found: check if there is a RefParameter without a condition.
2025-10-08 18:47:41,446 [WARN] IP:2250 - TX_APP_SEM_CREATION not found: check if there is a RefParameter without a condition.
2025-10-08 18:47:41,446 [WARN] IP:2250 - TX_SEMAPHORE_NAME not found: check if there is a RefParameter without a condition.
2025-10-08 18:47:41,446 [WARN] IP:2250 - TX_SEMAPHORE_COUNT not found: check if there is a RefParameter without a condition.
2025-10-08 18:47:41,446 [WARN] IP:2250 - TX_APP_MUTEX_CREATION not found: check if there is a RefParameter without a condition.
2025-10-08 18:47:41,446 [WARN] IP:2250 - TX_MUTEX_NAME not found: check if there is a RefParameter without a condition.
2025-10-08 18:47:41,446 [WARN] IP:2250 - TX_Mutex_INHERITANCE not found: check if there is a RefParameter without a condition.
2025-10-08 18:47:41,446 [WARN] IP:2250 - TX_APP_MSG_QUEUE_CREATION not found: check if there is a RefParameter without a condition.
2025-10-08 18:47:41,446 [WARN] IP:2250 - TX_MSG_QUEUE_NAME not found: check if there is a RefParameter without a condition.
2025-10-08 18:47:41,446 [WARN] IP:2250 - TX_MSG_SIZE_WORDS not found: check if there is a RefParameter without a condition.
2025-10-08 18:47:41,446 [WARN] IP:2250 - TX_NB_MSG not found: check if there is a RefParameter without a condition.
2025-10-08 18:47:41,447 [INFO] RtosManager:558 - Registered RTOS mode: class=RTOS, group=ThreadX, mode=RTOSJjThreadX, owner=STMicroelectronics.X-CUBE-AZRTOS-H7.3.3.0
2025-10-08 18:47:41,448 [WARN] IP:2250 - TX_APP_CREATION not found: check if there is a RefParameter without a condition.
2025-10-08 18:47:41,448 [WARN] IP:2250 - TX_APP_THREAD_ENTRY not found: check if there is a RefParameter without a condition.
2025-10-08 18:47:41,448 [WARN] IP:2250 - TX_APP_THREAD_NAME not found: check if there is a RefParameter without a condition.
2025-10-08 18:47:41,448 [WARN] IP:2250 - TX_APP_THREAD_PRIO not found: check if there is a RefParameter without a condition.
2025-10-08 18:47:41,448 [WARN] IP:2250 - TX_APP_STACK_SIZE not found: check if there is a RefParameter without a condition.
2025-10-08 18:47:41,448 [WARN] IP:2250 - TX_APP_SEM_CREATION not found: check if there is a RefParameter without a condition.
2025-10-08 18:47:41,448 [WARN] IP:2250 - TX_SEMAPHORE_NAME not found: check if there is a RefParameter without a condition.
2025-10-08 18:47:41,448 [WARN] IP:2250 - TX_SEMAPHORE_COUNT not found: check if there is a RefParameter without a condition.
2025-10-08 18:47:41,448 [WARN] IP:2250 - TX_APP_MUTEX_CREATION not found: check if there is a RefParameter without a condition.
2025-10-08 18:47:41,448 [WARN] IP:2250 - TX_MUTEX_NAME not found: check if there is a RefParameter without a condition.
2025-10-08 18:47:41,448 [WARN] IP:2250 - TX_Mutex_INHERITANCE not found: check if there is a RefParameter without a condition.
2025-10-08 18:47:41,448 [WARN] IP:2250 - TX_APP_MSG_QUEUE_CREATION not found: check if there is a RefParameter without a condition.
2025-10-08 18:47:41,448 [WARN] IP:2250 - TX_MSG_QUEUE_NAME not found: check if there is a RefParameter without a condition.
2025-10-08 18:47:41,448 [WARN] IP:2250 - TX_MSG_SIZE_WORDS not found: check if there is a RefParameter without a condition.
2025-10-08 18:47:41,448 [WARN] IP:2250 - TX_NB_MSG not found: check if there is a RefParameter without a condition.
2025-10-08 18:47:41,448 [INFO] RtosManager:558 - Registered RTOS mode: class=RTOS, group=ThreadX, mode=RTOSJjThreadX, owner=STMicroelectronics.X-CUBE-AZRTOS-H7.3.3.0
2025-10-08 18:47:41,449 [WARN] IP:2250 - TX_NO_TIMER not found: check if there is a RefParameter without a condition.
2025-10-08 18:47:41,449 [WARN] IP:2250 - TX_BASEPRI_VALUE not found: check if there is a RefParameter without a condition.
2025-10-08 18:47:41,449 [WARN] IP:2250 - TX_APP_CREATION not found: check if there is a RefParameter without a condition.
2025-10-08 18:47:41,449 [WARN] IP:2250 - TX_APP_THREAD_ENTRY not found: check if there is a RefParameter without a condition.
2025-10-08 18:47:41,449 [WARN] IP:2250 - TX_APP_THREAD_NAME not found: check if there is a RefParameter without a condition.
2025-10-08 18:47:41,449 [WARN] IP:2250 - TX_APP_THREAD_PRIO not found: check if there is a RefParameter without a condition.
2025-10-08 18:47:41,449 [WARN] IP:2250 - TX_APP_STACK_SIZE not found: check if there is a RefParameter without a condition.
2025-10-08 18:47:41,449 [WARN] IP:2250 - TX_APP_SEM_CREATION not found: check if there is a RefParameter without a condition.
2025-10-08 18:47:41,449 [WARN] IP:2250 - TX_SEMAPHORE_NAME not found: check if there is a RefParameter without a condition.
2025-10-08 18:47:41,449 [WARN] IP:2250 - TX_SEMAPHORE_COUNT not found: check if there is a RefParameter without a condition.
2025-10-08 18:47:41,449 [WARN] IP:2250 - TX_APP_MUTEX_CREATION not found: check if there is a RefParameter without a condition.
2025-10-08 18:47:41,449 [WARN] IP:2250 - TX_MUTEX_NAME not found: check if there is a RefParameter without a condition.
2025-10-08 18:47:41,450 [WARN] IP:2250 - TX_Mutex_INHERITANCE not found: check if there is a RefParameter without a condition.
2025-10-08 18:47:41,450 [WARN] IP:2250 - TX_APP_MSG_QUEUE_CREATION not found: check if there is a RefParameter without a condition.
2025-10-08 18:47:41,450 [WARN] IP:2250 - TX_MSG_QUEUE_NAME not found: check if there is a RefParameter without a condition.
2025-10-08 18:47:41,450 [WARN] IP:2250 - TX_MSG_SIZE_WORDS not found: check if there is a RefParameter without a condition.
2025-10-08 18:47:41,450 [WARN] IP:2250 - TX_NB_MSG not found: check if there is a RefParameter without a condition.
2025-10-08 18:47:41,450 [INFO] RtosManager:558 - Registered RTOS mode: class=RTOS, group=ThreadX, mode=RTOSJjThreadX, owner=STMicroelectronics.X-CUBE-AZRTOS-H7.3.3.0
2025-10-08 18:47:41,450 [WARN] IP:2250 - TX_NO_TIMER not found: check if there is a RefParameter without a condition.
2025-10-08 18:47:41,450 [WARN] IP:2250 - TX_BASEPRI_VALUE not found: check if there is a RefParameter without a condition.
2025-10-08 18:47:41,450 [WARN] IP:2250 - TX_APP_CREATION not found: check if there is a RefParameter without a condition.
2025-10-08 18:47:41,450 [WARN] IP:2250 - TX_APP_THREAD_ENTRY not found: check if there is a RefParameter without a condition.
2025-10-08 18:47:41,450 [WARN] IP:2250 - TX_APP_THREAD_NAME not found: check if there is a RefParameter without a condition.
2025-10-08 18:47:41,450 [WARN] IP:2250 - TX_APP_THREAD_PRIO not found: check if there is a RefParameter without a condition.
2025-10-08 18:47:41,450 [WARN] IP:2250 - TX_APP_STACK_SIZE not found: check if there is a RefParameter without a condition.
2025-10-08 18:47:41,450 [WARN] IP:2250 - TX_APP_SEM_CREATION not found: check if there is a RefParameter without a condition.
2025-10-08 18:47:41,450 [WARN] IP:2250 - TX_SEMAPHORE_NAME not found: check if there is a RefParameter without a condition.
2025-10-08 18:47:41,450 [WARN] IP:2250 - TX_SEMAPHORE_COUNT not found: check if there is a RefParameter without a condition.
2025-10-08 18:47:41,450 [WARN] IP:2250 - TX_APP_MUTEX_CREATION not found: check if there is a RefParameter without a condition.
2025-10-08 18:47:41,450 [WARN] IP:2250 - TX_MUTEX_NAME not found: check if there is a RefParameter without a condition.
2025-10-08 18:47:41,450 [WARN] IP:2250 - TX_Mutex_INHERITANCE not found: check if there is a RefParameter without a condition.
2025-10-08 18:47:41,450 [WARN] IP:2250 - TX_APP_MSG_QUEUE_CREATION not found: check if there is a RefParameter without a condition.
2025-10-08 18:47:41,450 [WARN] IP:2250 - TX_MSG_QUEUE_NAME not found: check if there is a RefParameter without a condition.
2025-10-08 18:47:41,450 [WARN] IP:2250 - TX_MSG_SIZE_WORDS not found: check if there is a RefParameter without a condition.
2025-10-08 18:47:41,450 [WARN] IP:2250 - TX_NB_MSG not found: check if there is a RefParameter without a condition.
2025-10-08 18:47:41,451 [INFO] RtosManager:558 - Registered RTOS mode: class=RTOS, group=ThreadX, mode=RTOSJjThreadX, owner=STMicroelectronics.X-CUBE-AZRTOS-H7.3.3.0
2025-10-08 18:47:41,453 [WARN] IP:2250 - TX_NO_TIMER not found: check if there is a RefParameter without a condition.
2025-10-08 18:47:41,453 [WARN] IP:2250 - TX_BASEPRI_VALUE not found: check if there is a RefParameter without a condition.
2025-10-08 18:47:41,453 [WARN] IP:2250 - TX_APP_CREATION not found: check if there is a RefParameter without a condition.
2025-10-08 18:47:41,453 [WARN] IP:2250 - TX_APP_THREAD_ENTRY not found: check if there is a RefParameter without a condition.
2025-10-08 18:47:41,453 [WARN] IP:2250 - TX_APP_THREAD_NAME not found: check if there is a RefParameter without a condition.
2025-10-08 18:47:41,453 [WARN] IP:2250 - TX_APP_THREAD_PRIO not found: check if there is a RefParameter without a condition.
2025-10-08 18:47:41,453 [WARN] IP:2250 - TX_APP_STACK_SIZE not found: check if there is a RefParameter without a condition.
2025-10-08 18:47:41,453 [WARN] IP:2250 - TX_APP_SEM_CREATION not found: check if there is a RefParameter without a condition.
2025-10-08 18:47:41,453 [WARN] IP:2250 - TX_SEMAPHORE_NAME not found: check if there is a RefParameter without a condition.
2025-10-08 18:47:41,453 [WARN] IP:2250 - TX_SEMAPHORE_COUNT not found: check if there is a RefParameter without a condition.
2025-10-08 18:47:41,453 [WARN] IP:2250 - TX_APP_MUTEX_CREATION not found: check if there is a RefParameter without a condition.
2025-10-08 18:47:41,454 [WARN] IP:2250 - TX_MUTEX_NAME not found: check if there is a RefParameter without a condition.
2025-10-08 18:47:41,454 [WARN] IP:2250 - TX_Mutex_INHERITANCE not found: check if there is a RefParameter without a condition.
2025-10-08 18:47:41,454 [WARN] IP:2250 - TX_APP_MSG_QUEUE_CREATION not found: check if there is a RefParameter without a condition.
2025-10-08 18:47:41,454 [WARN] IP:2250 - TX_MSG_QUEUE_NAME not found: check if there is a RefParameter without a condition.
2025-10-08 18:47:41,454 [WARN] IP:2250 - TX_MSG_SIZE_WORDS not found: check if there is a RefParameter without a condition.
2025-10-08 18:47:41,454 [WARN] IP:2250 - TX_NB_MSG not found: check if there is a RefParameter without a condition.
2025-10-08 18:47:42,114 [INFO] ThirdPartyModel:298 - Start build external matchings
2025-10-08 18:47:42,492 [INFO] ThirdPartyModel:316 - End build external matchings
2025-10-08 18:47:42,506 [INFO] RtosManager:1018 - Current active RTOS is STMicroelectronics.X-CUBE-AZRTOS-H7.3.3.0 [Cortex-M7NS]
2025-10-08 18:47:42,519 [WARN] IP:2250 - TX_NO_TIMER not found: check if there is a RefParameter without a condition.
2025-10-08 18:47:42,519 [WARN] IP:2250 - TX_LOW_POWER_TICKLESS not found: check if there is a RefParameter without a condition.
2025-10-08 18:47:42,519 [WARN] IP:2250 - TX_LOW_POWER_USER_ENTER not found: check if there is a RefParameter without a condition.
2025-10-08 18:47:42,519 [WARN] IP:2250 - TX_LOW_POWER_USER_EXIT not found: check if there is a RefParameter without a condition.
2025-10-08 18:47:42,519 [WARN] IP:2250 - TX_LOW_POWER_USER_TIMER_ADJUST not found: check if there is a RefParameter without a condition.
2025-10-08 18:47:42,519 [WARN] IP:2250 - TX_LOW_POWER_TIMER_SETUP not found: check if there is a RefParameter without a condition.
2025-10-08 18:47:42,520 [WARN] IP:2250 - TX_BASEPRI_VALUE not found: check if there is a RefParameter without a condition.
2025-10-08 18:47:42,520 [WARN] IP:2250 - TX_APP_CREATION not found: check if there is a RefParameter without a condition.
2025-10-08 18:47:42,520 [WARN] IP:2250 - TX_APP_THREAD_ENTRY not found: check if there is a RefParameter without a condition.
2025-10-08 18:47:42,520 [WARN] IP:2250 - TX_APP_THREAD_NAME not found: check if there is a RefParameter without a condition.
2025-10-08 18:47:42,520 [WARN] IP:2250 - TX_APP_THREAD_PRIO not found: check if there is a RefParameter without a condition.
2025-10-08 18:47:42,520 [WARN] IP:2250 - TX_APP_STACK_SIZE not found: check if there is a RefParameter without a condition.
2025-10-08 18:47:42,520 [WARN] IP:2250 - TX_APP_SEM_CREATION not found: check if there is a RefParameter without a condition.
2025-10-08 18:47:42,520 [WARN] IP:2250 - TX_SEMAPHORE_NAME not found: check if there is a RefParameter without a condition.
2025-10-08 18:47:42,520 [WARN] IP:2250 - TX_SEMAPHORE_COUNT not found: check if there is a RefParameter without a condition.
2025-10-08 18:47:42,520 [WARN] IP:2250 - TX_APP_MUTEX_CREATION not found: check if there is a RefParameter without a condition.
2025-10-08 18:47:42,520 [WARN] IP:2250 - TX_MUTEX_NAME not found: check if there is a RefParameter without a condition.
2025-10-08 18:47:42,520 [WARN] IP:2250 - TX_Mutex_INHERITANCE not found: check if there is a RefParameter without a condition.
2025-10-08 18:47:42,520 [WARN] IP:2250 - TX_APP_MSG_QUEUE_CREATION not found: check if there is a RefParameter without a condition.
2025-10-08 18:47:42,520 [WARN] IP:2250 - TX_MSG_QUEUE_NAME not found: check if there is a RefParameter without a condition.
2025-10-08 18:47:42,520 [WARN] IP:2250 - TX_MSG_SIZE_WORDS not found: check if there is a RefParameter without a condition.
2025-10-08 18:47:42,520 [WARN] IP:2250 - TX_NB_MSG not found: check if there is a RefParameter without a condition.
2025-10-08 18:47:42,965 [INFO] UtilMem:75 - End LoadConfig() Used Memory: 651680600 Bytes (1073741824)
2025-10-08 18:47:43,183 [WARN] ThirdParty:833 - waiting for thirdparty lock release [change project]
2025-10-08 18:47:43,183 [INFO] ThirdParty:835 - entering critical section [change project]
2025-10-08 18:47:43,184 [INFO] ThirdParty:1030 - CMSIS Pack Vendor :STMicroelectronics X-CUBE-PM33A1 1.0.0
2025-10-08 18:47:43,184 [INFO] ThirdParty:1030 - CMSIS Pack Vendor :STMicroelectronics USBPD 4.1
2025-10-08 18:47:43,184 [INFO] ThirdParty:1030 - CMSIS Pack Vendor :STMicroelectronics X-CUBE-AZRTOS-H7 3.3.0
2025-10-08 18:47:43,184 [INFO] ThirdParty:1030 - CMSIS Pack Vendor :STMicroelectronics X-CUBE-NFC9 1.0.0
2025-10-08 18:47:43,184 [INFO] ThirdParty:1030 - CMSIS Pack Vendor :STMicroelectronics USB_HOST 2.0.0
2025-10-08 18:47:43,184 [INFO] ThirdParty:1030 - CMSIS Pack Vendor :STMicroelectronics FP-SNS-MOTENVWB1 1.4.0
2025-10-08 18:47:43,184 [INFO] ThirdParty:1030 - CMSIS Pack Vendor :STMicroelectronics X-CUBE-AZRTOS-F4 1.1.0
2025-10-08 18:47:43,184 [INFO] ThirdParty:1030 - CMSIS Pack Vendor :STMicroelectronics LIBJPEG 8.0.0
2025-10-08 18:47:43,184 [INFO] ThirdParty:1030 - CMSIS Pack Vendor :STMicroelectronics FP-ATR-ASTRA1 2.0.2
2025-10-08 18:47:43,184 [INFO] ThirdParty:1030 - CMSIS Pack Vendor :wolfSSL I-CUBE-wolfSSL 5.8.2
2025-10-08 18:47:43,184 [INFO] ThirdParty:1030 - CMSIS Pack Vendor :STMicroelectronics X-CUBE-BLE1 7.1.0
2025-10-08 18:47:43,184 [INFO] ThirdParty:1030 - CMSIS Pack Vendor :Avnet-IotConnect X-CUBE-IoTC-DA16k-PMOD 1.0.0
2025-10-08 18:47:43,184 [INFO] ThirdParty:1030 - CMSIS Pack Vendor :STMicroelectronics X-CUBE-SMBUS 2.1.0
2025-10-08 18:47:43,184 [INFO] ThirdParty:1030 - CMSIS Pack Vendor :wolfSSL I-CUBE-wolfMQTT 1.19.2
2025-10-08 18:47:43,184 [INFO] ThirdParty:1030 - CMSIS Pack Vendor :STMicroelectronics USB_DEVICE 3.0.0
2025-10-08 18:47:43,184 [INFO] ThirdParty:1030 - CMSIS Pack Vendor :STMicroelectronics X-CUBE-ISPU 2.1.0
2025-10-08 18:47:43,184 [INFO] ThirdParty:1030 - CMSIS Pack Vendor :STMicroelectronics X-CUBE-EEPRMA1 5.2.0
2025-10-08 18:47:43,184 [INFO] ThirdParty:1030 - CMSIS Pack Vendor :STMicroelectronics X-CUBE-BLEMGR 4.1.0
2025-10-08 18:47:43,184 [INFO] ThirdParty:1030 - CMSIS Pack Vendor :STMicroelectronics X-CUBE-AZRTOS-WB 2.0.0
2025-10-08 18:47:43,184 [INFO] ThirdParty:1030 - CMSIS Pack Vendor :STMicroelectronics X-CUBE-ST60 1.0.0
2025-10-08 18:47:43,184 [INFO] ThirdParty:1030 - CMSIS Pack Vendor :STMicroelectronics X-CUBE-GNSS1 7.0.1
2025-10-08 18:47:43,184 [INFO] ThirdParty:1030 - CMSIS Pack Vendor :STMicroelectronics X-CUBE-NFC12 1.0.0
2025-10-08 18:47:43,184 [INFO] ThirdParty:1030 - CMSIS Pack Vendor :STMicroelectronics X-CUBE-AZRTOS-F7 1.1.0
2025-10-08 18:47:43,184 [INFO] ThirdParty:1030 - CMSIS Pack Vendor :STMicroelectronics X-CUBE-AZRTOS-L5 2.0.0
2025-10-08 18:47:43,184 [INFO] ThirdParty:1030 - CMSIS Pack Vendor :STMicroelectronics X-CUBE-TOUCHGFX 4.25.0
2025-10-08 18:47:43,184 [INFO] ThirdParty:1030 - CMSIS Pack Vendor :STMicroelectronics USB_DEVICE 2.0.0
2025-10-08 18:47:43,184 [INFO] ThirdParty:1030 - CMSIS Pack Vendor :STMicroelectronics X-CUBE-NFC6 3.1.0
2025-10-08 18:47:43,184 [INFO] ThirdParty:1030 - CMSIS Pack Vendor :Cesanta I-CUBE-Mongoose 7.19.0
2025-10-08 18:47:43,184 [INFO] ThirdParty:1030 - CMSIS Pack Vendor :quantropi X-CUBE-qispace-sdk-base 2.1.0
2025-10-08 18:47:43,184 [INFO] ThirdParty:1030 - CMSIS Pack Vendor :STMicroelectronics FreeRTOS 0.0.1
2025-10-08 18:47:43,184 [INFO] ThirdParty:1030 - CMSIS Pack Vendor :STMicroelectronics X-CUBE-AZRTOS-G0 1.1.0
2025-10-08 18:47:43,184 [INFO] ThirdParty:1030 - CMSIS Pack Vendor :STMicroelectronics X-CUBE-SAFEA1 1.2.2
2025-10-08 18:47:43,184 [INFO] ThirdParty:1030 - CMSIS Pack Vendor :STMicroelectronics X-CUBE-NFC4 3.0.0
2025-10-08 18:47:43,184 [INFO] ThirdParty:1030 - CMSIS Pack Vendor :STMicroelectronics X-CUBE-SUBG2 5.0.0
2025-10-08 18:47:43,184 [INFO] ThirdParty:1030 - CMSIS Pack Vendor :STMicroelectronics X-CUBE-AZRTOS-H7RS 1.1.0
2025-10-08 18:47:43,184 [INFO] ThirdParty:1030 - CMSIS Pack Vendor :STMicroelectronics STM32_WPAN 1.0.0
2025-10-08 18:47:43,184 [INFO] ThirdParty:1030 - CMSIS Pack Vendor :EmbeddedOffice I-CUBE-FS-RTOS 1.0.1
2025-10-08 18:47:43,184 [INFO] ThirdParty:1030 - CMSIS Pack Vendor :STMicroelectronics lwIP 2.0.3
2025-10-08 18:47:43,184 [INFO] ThirdParty:1030 - CMSIS Pack Vendor :WES I-CUBE-Cesium 1.4.0
2025-10-08 18:47:43,184 [INFO] ThirdParty:1030 - CMSIS Pack Vendor :STMicroelectronics USB_HOST 1.0.0
2025-10-08 18:47:43,184 [INFO] ThirdParty:1030 - CMSIS Pack Vendor :Infineon AIROC-Wi-Fi-Bluetooth-STM32 1.7.1
2025-10-08 18:47:43,184 [INFO] ThirdParty:1030 - CMSIS Pack Vendor :STMicroelectronics X-CUBE-AZRTOS-G4 2.0.0
2025-10-08 18:47:43,184 [INFO] ThirdParty:1030 - CMSIS Pack Vendor :STMicroelectronics X-CUBE-WB05N 2.0.0
2025-10-08 18:47:43,184 [INFO] ThirdParty:1030 - CMSIS Pack Vendor :STMicroelectronics PDM2PCM 3.1.0
2025-10-08 18:47:43,184 [INFO] ThirdParty:1030 - CMSIS Pack Vendor :STMicroelectronics PDM2PCM 3.3.0
2025-10-08 18:47:43,184 [INFO] ThirdParty:1030 - CMSIS Pack Vendor :wolfSSL I-CUBE-wolfTPM 3.8.0
2025-10-08 18:47:43,184 [INFO] ThirdParty:1030 - CMSIS Pack Vendor :STMicroelectronics X-CUBE-AZRTOS-H7 3.4.0
2025-10-08 18:47:43,184 [INFO] ThirdParty:1030 - CMSIS Pack Vendor :STMicroelectronics X-CUBE-DISPLAY 3.0.0
2025-10-08 18:47:43,184 [INFO] ThirdParty:1030 - CMSIS Pack Vendor :wolfSSL I-CUBE-wolfSSH 1.4.20
2025-10-08 18:47:43,184 [INFO] ThirdParty:1030 - CMSIS Pack Vendor :STMicroelectronics X-CUBE-NFC7 2.0.0
2025-10-08 18:47:43,184 [INFO] ThirdParty:1030 - CMSIS Pack Vendor :STMicroelectronics X-CUBE-TCPP 4.2.0
2025-10-08 18:47:43,184 [INFO] ThirdParty:1030 - CMSIS Pack Vendor :RealThread X-CUBE-RT-Thread_Nano 4.1.1
2025-10-08 18:47:43,184 [INFO] ThirdParty:1030 - CMSIS Pack Vendor :STMicroelectronics FP-ATR-SIGFOX1 3.2.0
2025-10-08 18:47:43,185 [INFO] ThirdParty:1030 - CMSIS Pack Vendor :STMicroelectronics X-CUBE-NFC10 1.0.0
2025-10-08 18:47:43,185 [INFO] ThirdParty:1030 - CMSIS Pack Vendor :STMicroelectronics X-CUBE-FREERTOS 1.3.1
2025-10-08 18:47:43,185 [INFO] ThirdParty:1030 - CMSIS Pack Vendor :STMicroelectronics HAL Drivers 0.0.0
2025-10-08 18:47:43,185 [INFO] ThirdParty:1030 - CMSIS Pack Vendor :STMicroelectronics MBEDTLS 2.16.2
2025-10-08 18:47:43,185 [INFO] ThirdParty:1030 - CMSIS Pack Vendor :STMicroelectronics X-CUBE-IPS 3.1.0
2025-10-08 18:47:43,185 [INFO] ThirdParty:1030 - CMSIS Pack Vendor :STMicroelectronics X-CUBE-ALS 1.0.2
2025-10-08 18:47:43,185 [INFO] ThirdParty:1030 - CMSIS Pack Vendor :emotas I-CUBE-CANOPEN 1.3.0
2025-10-08 18:47:43,185 [INFO] ThirdParty:1030 - CMSIS Pack Vendor :STMicroelectronics MBEDTLS 2.14.1
2025-10-08 18:47:43,185 [INFO] ThirdParty:1030 - CMSIS Pack Vendor :ITTIA_DB I-CUBE-ITTIADB 8.9.0
2025-10-08 18:47:43,185 [INFO] ThirdParty:1030 - CMSIS Pack Vendor :STMicroelectronics X-CUBE-TOUCHGFX 4.26.0
2025-10-08 18:47:43,185 [INFO] ThirdParty:1030 - CMSIS Pack Vendor :STMicroelectronics X-CUBE-STSE01 1.0.0
2025-10-08 18:47:43,185 [INFO] ThirdParty:1030 - CMSIS Pack Vendor :STMicroelectronics X-CUBE-ST67W61 1.0.0
2025-10-08 18:47:43,185 [INFO] ThirdParty:1030 - CMSIS Pack Vendor :STMicroelectronics FP-SNS-STBOX1 2.1.0
2025-10-08 18:47:43,185 [INFO] ThirdParty:1030 - CMSIS Pack Vendor :STMicroelectronics X-CUBE-AI 10.2.0
2025-10-08 18:47:43,185 [INFO] ThirdParty:1030 - CMSIS Pack Vendor :STMicroelectronics FP-SNS-STAIOTCFT 1.0.0
2025-10-08 18:47:43,185 [INFO] ThirdParty:1030 - CMSIS Pack Vendor :STMicroelectronics ThreadX 1.0.0
2025-10-08 18:47:43,185 [INFO] ThirdParty:1030 - CMSIS Pack Vendor :STMicroelectronics FP-SNS-SMARTAG2 1.2.0
2025-10-08 18:47:43,185 [INFO] ThirdParty:1030 - CMSIS Pack Vendor :STMicroelectronics FP-SNS-FLIGHT1 5.1.0
2025-10-08 18:47:43,185 [INFO] ThirdParty:1030 - CMSIS Pack Vendor :STMicroelectronics X-CUBE-AZRTOS-WL 2.0.0
2025-10-08 18:47:43,185 [INFO] ThirdParty:1030 - CMSIS Pack Vendor :SEGGER I-CUBE-embOS 1.3.1
2025-10-08 18:47:43,185 [INFO] ThirdParty:1030 - CMSIS Pack Vendor :STMicroelectronics X-CUBE-ALGOBUILD 1.4.0
2025-10-08 18:47:43,185 [INFO] ThirdParty:1030 - CMSIS Pack Vendor :STMicroelectronics X-CUBE-DPower 1.3.0
2025-10-08 18:47:43,185 [INFO] ThirdParty:1030 - CMSIS Pack Vendor :STMicroelectronics X-CUBE-MEMS1 11.3.0
2025-10-08 18:47:43,185 [INFO] ThirdParty:1030 - CMSIS Pack Vendor :STMicroelectronics FP-SNS-MOTENV1 5.0.0
2025-10-08 18:47:43,185 [INFO] ThirdParty:1030 - CMSIS Pack Vendor :STMicroelectronics USB_DEVICE 1.0.0
2025-10-08 18:47:43,185 [INFO] ThirdParty:1030 - CMSIS Pack Vendor :STMicroelectronics X-CUBE-AZRTOS-L4 2.0.0
2025-10-08 18:47:43,185 [INFO] ThirdParty:1030 - CMSIS Pack Vendor :STMicroelectronics ThreadX 0.0.2
2025-10-08 18:47:43,185 [INFO] ThirdParty:1030 - CMSIS Pack Vendor :STMicroelectronics lwIP 2.1.2
2025-10-08 18:47:43,185 [INFO] ThirdParty:1030 - CMSIS Pack Vendor :STMicroelectronics X-CUBE-SFXS2LP1 4.0.0
2025-10-08 18:47:43,185 [INFO] ThirdParty:1030 - CMSIS Pack Vendor :STMicroelectronics X-CUBE-BLE2 3.3.0
2025-10-08 18:47:43,185 [INFO] ThirdParty:1030 - CMSIS Pack Vendor :STMicroelectronics X-CUBE-TOF1 3.4.3
2025-10-08 18:47:43,185 [INFO] ThirdParty:1030 - CMSIS Pack Vendor :STMicroelectronics PDM2PCM 3.2.0
2025-10-08 18:47:43,185 [INFO] ThirdParty:841 - exiting critical section [change project]
2025-10-08 18:47:43,528 [INFO] PinOutPanel:1589 - setPackage(No Configuration,No Configuration)
2025-10-08 18:47:43,528 [INFO] PinOutPanel:1589 - setPackage(STM32H753ZITx,LQFP144)
2025-10-08 18:47:44,251 [INFO] UtilMem:75 - Before build in PCC Used Memory: 638215936 Bytes (1073741824)
2025-10-08 18:47:44,635 [INFO] UtilMem:75 - After build in PCC Used Memory: 702179072 Bytes (1073741824)
2025-10-08 18:47:44,669 [INFO] IPUIPlugin:80 - create IPUIPlugin
2025-10-08 18:47:44,669 [INFO] IPUIPlugin:80 - create IPUIPlugin
2025-10-08 18:47:44,669 [INFO] IPUIPlugin:80 - create IPUIPlugin
2025-10-08 18:47:44,669 [INFO] IPUIPlugin:80 - create IPUIPlugin
2025-10-08 18:47:44,669 [INFO] IPUIPlugin:80 - create IPUIPlugin
2025-10-08 18:47:44,669 [INFO] IPUIPlugin:80 - create IPUIPlugin
2025-10-08 18:47:44,669 [INFO] IPUIPlugin:80 - create IPUIPlugin
2025-10-08 18:47:44,669 [INFO] IPUIPlugin:80 - create IPUIPlugin
2025-10-08 18:47:44,669 [INFO] IPUIPlugin:80 - create IPUIPlugin
2025-10-08 18:47:44,669 [INFO] IPUIPlugin:80 - create IPUIPlugin
2025-10-08 18:47:44,670 [INFO] IPUIPlugin:80 - create IPUIPlugin
2025-10-08 18:47:44,670 [INFO] IPUIPlugin:80 - create IPUIPlugin
2025-10-08 18:47:44,670 [INFO] IPUIPlugin:80 - create IPUIPlugin
2025-10-08 18:47:44,670 [INFO] IPUIPlugin:80 - create IPUIPlugin
2025-10-08 18:47:44,670 [INFO] IPUIPlugin:80 - create IPUIPlugin
2025-10-08 18:47:44,670 [INFO] IPUIPlugin:80 - create IPUIPlugin
2025-10-08 18:47:44,670 [INFO] IPUIPlugin:80 - create IPUIPlugin
2025-10-08 18:47:44,670 [INFO] IPUIPlugin:80 - create IPUIPlugin
2025-10-08 18:47:44,670 [INFO] IPUIPlugin:80 - create IPUIPlugin
2025-10-08 18:47:44,670 [INFO] IPUIPlugin:80 - create IPUIPlugin
2025-10-08 18:47:44,670 [INFO] IPUIPlugin:80 - create IPUIPlugin
2025-10-08 18:47:44,670 [INFO] IPUIPlugin:80 - create IPUIPlugin
2025-10-08 18:47:44,670 [INFO] IPUIPlugin:80 - create IPUIPlugin
2025-10-08 18:47:44,671 [INFO] IPUIPlugin:80 - create IPUIPlugin
2025-10-08 18:47:44,671 [INFO] IPUIPlugin:80 - create IPUIPlugin
2025-10-08 18:47:44,671 [INFO] IPUIPlugin:80 - create IPUIPlugin
2025-10-08 18:47:44,671 [INFO] IPUIPlugin:80 - create IPUIPlugin
2025-10-08 18:47:44,671 [INFO] IPUIPlugin:80 - create IPUIPlugin
2025-10-08 18:47:44,671 [INFO] IPUIPlugin:80 - create IPUIPlugin
2025-10-08 18:47:44,671 [INFO] IPUIPlugin:80 - create IPUIPlugin
2025-10-08 18:47:44,671 [INFO] IPUIPlugin:80 - create IPUIPlugin
2025-10-08 18:47:44,671 [INFO] IPUIPlugin:80 - create IPUIPlugin
2025-10-08 18:47:44,671 [INFO] IPUIPlugin:80 - create IPUIPlugin
2025-10-08 18:47:44,671 [INFO] IPUIPlugin:80 - create IPUIPlugin
2025-10-08 18:47:44,672 [INFO] IPUIPlugin:80 - create IPUIPlugin
2025-10-08 18:47:44,672 [INFO] IPUIPlugin:80 - create IPUIPlugin
2025-10-08 18:47:44,672 [INFO] IPUIPlugin:80 - create IPUIPlugin
2025-10-08 18:47:44,672 [INFO] IPUIPlugin:80 - create IPUIPlugin
2025-10-08 18:47:44,672 [INFO] IPUIPlugin:80 - create IPUIPlugin
2025-10-08 18:47:44,672 [INFO] IPUIPlugin:80 - create IPUIPlugin
2025-10-08 18:47:44,672 [INFO] IPUIPlugin:80 - create IPUIPlugin
2025-10-08 18:47:44,672 [INFO] IPUIPlugin:80 - create IPUIPlugin
2025-10-08 18:47:44,672 [INFO] IPUIPlugin:80 - create IPUIPlugin
2025-10-08 18:47:44,673 [INFO] IPUIPlugin:80 - create IPUIPlugin
2025-10-08 18:47:44,673 [INFO] IPUIPlugin:80 - create IPUIPlugin
2025-10-08 18:47:44,673 [INFO] IPUIPlugin:80 - create IPUIPlugin
2025-10-08 18:47:44,673 [INFO] IPUIPlugin:80 - create IPUIPlugin
2025-10-08 18:47:44,673 [INFO] IPUIPlugin:80 - create IPUIPlugin
2025-10-08 18:47:44,673 [INFO] IPUIPlugin:80 - create IPUIPlugin
2025-10-08 18:47:44,673 [INFO] IPUIPlugin:80 - create IPUIPlugin
2025-10-08 18:47:44,674 [INFO] IPUIPlugin:80 - create IPUIPlugin
2025-10-08 18:47:44,674 [INFO] IPUIPlugin:80 - create IPUIPlugin
2025-10-08 18:47:44,674 [INFO] IPUIPlugin:80 - create IPUIPlugin
2025-10-08 18:47:44,674 [INFO] IPUIPlugin:80 - create IPUIPlugin
2025-10-08 18:47:44,674 [INFO] IPUIPlugin:80 - create IPUIPlugin
2025-10-08 18:47:44,674 [INFO] IPUIPlugin:80 - create IPUIPlugin
2025-10-08 18:47:44,675 [INFO] IPUIPlugin:80 - create IPUIPlugin
2025-10-08 18:47:44,675 [INFO] IPUIPlugin:80 - create IPUIPlugin
2025-10-08 18:47:44,675 [INFO] IPUIPlugin:80 - create IPUIPlugin
2025-10-08 18:47:44,675 [INFO] IPUIPlugin:80 - create IPUIPlugin
2025-10-08 18:47:44,675 [INFO] IPUIPlugin:80 - create IPUIPlugin
2025-10-08 18:47:44,675 [INFO] IPUIPlugin:80 - create IPUIPlugin
2025-10-08 18:47:44,676 [INFO] IPUIPlugin:80 - create IPUIPlugin
2025-10-08 18:47:44,676 [INFO] IPUIPlugin:80 - create IPUIPlugin
2025-10-08 18:47:44,676 [INFO] IPUIPlugin:80 - create IPUIPlugin
2025-10-08 18:47:44,677 [INFO] IPUIPlugin:80 - create IPUIPlugin
2025-10-08 18:47:44,677 [INFO] IPUIPlugin:80 - create IPUIPlugin
2025-10-08 18:47:44,678 [INFO] IPUIPlugin:80 - create IPUIPlugin
2025-10-08 18:47:44,678 [INFO] IPUIPlugin:80 - create IPUIPlugin
2025-10-08 18:47:44,678 [INFO] IPUIPlugin:80 - create IPUIPlugin
2025-10-08 18:47:44,678 [INFO] IPUIPlugin:80 - create IPUIPlugin
2025-10-08 18:47:44,679 [INFO] IPUIPlugin:80 - create IPUIPlugin
2025-10-08 18:47:44,679 [INFO] IPUIPlugin:80 - create IPUIPlugin
2025-10-08 18:47:44,679 [INFO] IPUIPlugin:80 - create IPUIPlugin
2025-10-08 18:47:44,679 [INFO] IPUIPlugin:80 - create IPUIPlugin
2025-10-08 18:47:44,680 [INFO] IPUIPlugin:80 - create IPUIPlugin
2025-10-08 18:47:44,680 [INFO] IPUIPlugin:80 - create IPUIPlugin
2025-10-08 18:47:44,680 [INFO] IPUIPlugin:80 - create IPUIPlugin
2025-10-08 18:47:44,680 [INFO] IPUIPlugin:80 - create IPUIPlugin
2025-10-08 18:47:44,680 [INFO] IPUIPlugin:80 - create IPUIPlugin
2025-10-08 18:47:44,681 [INFO] IPUIPlugin:80 - create IPUIPlugin
2025-10-08 18:47:44,681 [INFO] IPUIPlugin:80 - create IPUIPlugin
2025-10-08 18:47:44,681 [INFO] IPUIPlugin:80 - create IPUIPlugin
2025-10-08 18:47:44,681 [INFO] IPUIPlugin:80 - create IPUIPlugin
2025-10-08 18:47:44,681 [INFO] IPUIPlugin:80 - create IPUIPlugin
2025-10-08 18:47:44,682 [INFO] IPUIPlugin:80 - create IPUIPlugin
2025-10-08 18:47:44,682 [INFO] IPUIPlugin:80 - create IPUIPlugin
2025-10-08 18:47:44,682 [INFO] IPUIPlugin:80 - create IPUIPlugin
2025-10-08 18:47:44,682 [INFO] IPUIPlugin:80 - create IPUIPlugin
2025-10-08 18:47:44,683 [INFO] IPUIPlugin:80 - create IPUIPlugin
2025-10-08 18:47:44,683 [INFO] IPUIPlugin:80 - create IPUIPlugin
2025-10-08 18:47:44,683 [INFO] IPUIPlugin:80 - create IPUIPlugin
2025-10-08 18:47:44,683 [INFO] IPUIPlugin:80 - create IPUIPlugin
2025-10-08 18:47:44,684 [INFO] IPUIPlugin:80 - create IPUIPlugin
2025-10-08 18:47:44,684 [INFO] IPUIPlugin:80 - create IPUIPlugin
2025-10-08 18:47:44,684 [INFO] IPUIPlugin:80 - create IPUIPlugin
2025-10-08 18:47:44,685 [INFO] IPUIPlugin:80 - create IPUIPlugin
2025-10-08 18:47:44,685 [INFO] IPUIPlugin:80 - create IPUIPlugin
2025-10-08 18:47:44,685 [INFO] IPUIPlugin:80 - create IPUIPlugin
2025-10-08 18:47:44,686 [INFO] IPUIPlugin:80 - create IPUIPlugin
2025-10-08 18:47:44,686 [INFO] IPUIPlugin:80 - create IPUIPlugin
2025-10-08 18:47:44,686 [INFO] IPUIPlugin:80 - create IPUIPlugin
2025-10-08 18:47:44,690 [INFO] ApiDbMcu:532 - Load IP Config File for PDM2PCM
2025-10-08 18:47:44,727 [INFO] CADModel:165 - CPN selected for project levelSTM32H753ZIT6
2025-10-08 18:47:44,727 [INFO] CADModel:114 - Register for checkConnection events
2025-10-08 18:47:44,731 [INFO] RtosManager:728 - Active RTOS found at IOC load: STMicroelectronics.X-CUBE-AZRTOS-H7.3.3.0 [Cortex-M7NS]
2025-10-08 18:47:44,773 [INFO] OpenFileManager:386 - Restore cursor
2025-10-08 18:47:45,019 [WARN] IP:2250 - TX_NO_TIMER not found: check if there is a RefParameter without a condition.
2025-10-08 18:47:45,019 [WARN] IP:2250 - TX_LOW_POWER_TICKLESS not found: check if there is a RefParameter without a condition.
2025-10-08 18:47:45,019 [WARN] IP:2250 - TX_LOW_POWER_USER_ENTER not found: check if there is a RefParameter without a condition.
2025-10-08 18:47:45,019 [WARN] IP:2250 - TX_LOW_POWER_USER_EXIT not found: check if there is a RefParameter without a condition.
2025-10-08 18:47:45,019 [WARN] IP:2250 - TX_LOW_POWER_USER_TIMER_ADJUST not found: check if there is a RefParameter without a condition.
2025-10-08 18:47:45,019 [WARN] IP:2250 - TX_LOW_POWER_TIMER_SETUP not found: check if there is a RefParameter without a condition.
2025-10-08 18:47:45,020 [WARN] IP:2250 - TX_BASEPRI_VALUE not found: check if there is a RefParameter without a condition.
2025-10-08 18:47:45,020 [WARN] IP:2250 - TX_APP_CREATION not found: check if there is a RefParameter without a condition.
2025-10-08 18:47:45,020 [WARN] IP:2250 - TX_APP_THREAD_ENTRY not found: check if there is a RefParameter without a condition.
2025-10-08 18:47:45,020 [WARN] IP:2250 - TX_APP_THREAD_NAME not found: check if there is a RefParameter without a condition.
2025-10-08 18:47:45,020 [WARN] IP:2250 - TX_APP_THREAD_PRIO not found: check if there is a RefParameter without a condition.
2025-10-08 18:47:45,020 [WARN] IP:2250 - TX_APP_STACK_SIZE not found: check if there is a RefParameter without a condition.
2025-10-08 18:47:45,020 [WARN] IP:2250 - TX_APP_SEM_CREATION not found: check if there is a RefParameter without a condition.
2025-10-08 18:47:45,020 [WARN] IP:2250 - TX_SEMAPHORE_NAME not found: check if there is a RefParameter without a condition.
2025-10-08 18:47:45,020 [WARN] IP:2250 - TX_SEMAPHORE_COUNT not found: check if there is a RefParameter without a condition.
2025-10-08 18:47:45,020 [WARN] IP:2250 - TX_APP_MUTEX_CREATION not found: check if there is a RefParameter without a condition.
2025-10-08 18:47:45,020 [WARN] IP:2250 - TX_MUTEX_NAME not found: check if there is a RefParameter without a condition.
2025-10-08 18:47:45,020 [WARN] IP:2250 - TX_Mutex_INHERITANCE not found: check if there is a RefParameter without a condition.
2025-10-08 18:47:45,020 [WARN] IP:2250 - TX_APP_MSG_QUEUE_CREATION not found: check if there is a RefParameter without a condition.
2025-10-08 18:47:45,020 [WARN] IP:2250 - TX_MSG_QUEUE_NAME not found: check if there is a RefParameter without a condition.
2025-10-08 18:47:45,020 [WARN] IP:2250 - TX_MSG_SIZE_WORDS not found: check if there is a RefParameter without a condition.
2025-10-08 18:47:45,020 [WARN] IP:2250 - TX_NB_MSG not found: check if there is a RefParameter without a condition.
2025-10-08 18:47:45,021 [WARN] IP:2250 - TX_NO_TIMER not found: check if there is a RefParameter without a condition.
2025-10-08 18:47:45,021 [WARN] IP:2250 - TX_LOW_POWER_TICKLESS not found: check if there is a RefParameter without a condition.
2025-10-08 18:47:45,021 [WARN] IP:2250 - TX_LOW_POWER_USER_ENTER not found: check if there is a RefParameter without a condition.
2025-10-08 18:47:45,021 [WARN] IP:2250 - TX_LOW_POWER_USER_EXIT not found: check if there is a RefParameter without a condition.
2025-10-08 18:47:45,021 [WARN] IP:2250 - TX_LOW_POWER_USER_TIMER_ADJUST not found: check if there is a RefParameter without a condition.
2025-10-08 18:47:45,021 [WARN] IP:2250 - TX_LOW_POWER_TIMER_SETUP not found: check if there is a RefParameter without a condition.
2025-10-08 18:47:45,021 [WARN] IP:2250 - TX_BASEPRI_VALUE not found: check if there is a RefParameter without a condition.
2025-10-08 18:47:45,021 [WARN] IP:2250 - TX_APP_CREATION not found: check if there is a RefParameter without a condition.
2025-10-08 18:47:45,021 [WARN] IP:2250 - TX_APP_THREAD_ENTRY not found: check if there is a RefParameter without a condition.
2025-10-08 18:47:45,021 [WARN] IP:2250 - TX_APP_THREAD_NAME not found: check if there is a RefParameter without a condition.
2025-10-08 18:47:45,021 [WARN] IP:2250 - TX_APP_THREAD_PRIO not found: check if there is a RefParameter without a condition.
2025-10-08 18:47:45,021 [WARN] IP:2250 - TX_APP_STACK_SIZE not found: check if there is a RefParameter without a condition.
2025-10-08 18:47:45,021 [WARN] IP:2250 - TX_APP_SEM_CREATION not found: check if there is a RefParameter without a condition.
2025-10-08 18:47:45,021 [WARN] IP:2250 - TX_SEMAPHORE_NAME not found: check if there is a RefParameter without a condition.
2025-10-08 18:47:45,021 [WARN] IP:2250 - TX_SEMAPHORE_COUNT not found: check if there is a RefParameter without a condition.
2025-10-08 18:47:45,021 [WARN] IP:2250 - TX_APP_MUTEX_CREATION not found: check if there is a RefParameter without a condition.
2025-10-08 18:47:45,021 [WARN] IP:2250 - TX_MUTEX_NAME not found: check if there is a RefParameter without a condition.
2025-10-08 18:47:45,021 [WARN] IP:2250 - TX_Mutex_INHERITANCE not found: check if there is a RefParameter without a condition.
2025-10-08 18:47:45,021 [WARN] IP:2250 - TX_APP_MSG_QUEUE_CREATION not found: check if there is a RefParameter without a condition.
2025-10-08 18:47:45,021 [WARN] IP:2250 - TX_MSG_QUEUE_NAME not found: check if there is a RefParameter without a condition.
2025-10-08 18:47:45,021 [WARN] IP:2250 - TX_MSG_SIZE_WORDS not found: check if there is a RefParameter without a condition.
2025-10-08 18:47:45,021 [WARN] IP:2250 - TX_NB_MSG not found: check if there is a RefParameter without a condition.
2025-10-08 18:49:26,549 [INFO] UtilMem:75 - End SaveConfig() Used Memory: 557047584 Bytes (1073741824)
2025-10-08 18:49:26,651 [INFO] UtilMem:75 - End SaveConfig() Used Memory: 587982624 Bytes (1073741824)
2025-10-08 18:49:27,245 [ERROR] IocParser:95 - Exception caught: Cannot invoke "java.lang.CharSequence.length()" because "this.text" is null
2025-10-08 18:49:27,435 [INFO] UtilMem:75 - End SaveConfig() Used Memory: 656770168 Bytes (1073741824)
2025-10-08 18:49:27,884 [INFO] BlockDiagram:2775 - set Specific Code input for plugin: RCC
2025-10-08 18:49:27,885 [INFO] BlockDiagram:2775 - set Specific Code input for plugin: NUCLEO-H753ZI
2025-10-08 18:49:27,885 [INFO] BlockDiagram:2775 - set Specific Code input for plugin: STMicroelectronics.X-CUBE-AZRTOS-H7.3.3.0
2025-10-08 18:49:27,885 [INFO] BlockDiagram:2775 - set Specific Code input for plugin: MEMORYMAP
2025-10-08 18:49:27,885 [INFO] BlockDiagram:2775 - set Specific Code input for plugin: SYS
2025-10-08 18:49:27,885 [INFO] BlockDiagram:2775 - set Specific Code input for plugin: NVIC
2025-10-08 18:49:27,885 [INFO] BlockDiagram:2775 - set Specific Code input for plugin: GPIO
2025-10-08 18:49:27,886 [WARN] IP:2250 - TX_NO_TIMER not found: check if there is a RefParameter without a condition.
2025-10-08 18:49:27,886 [WARN] IP:2250 - TX_LOW_POWER_TICKLESS not found: check if there is a RefParameter without a condition.
2025-10-08 18:49:27,886 [WARN] IP:2250 - TX_LOW_POWER_USER_ENTER not found: check if there is a RefParameter without a condition.
2025-10-08 18:49:27,886 [WARN] IP:2250 - TX_LOW_POWER_USER_EXIT not found: check if there is a RefParameter without a condition.
2025-10-08 18:49:27,886 [WARN] IP:2250 - TX_LOW_POWER_USER_TIMER_ADJUST not found: check if there is a RefParameter without a condition.
2025-10-08 18:49:27,886 [WARN] IP:2250 - TX_LOW_POWER_TIMER_SETUP not found: check if there is a RefParameter without a condition.
2025-10-08 18:49:27,886 [WARN] IP:2250 - TX_BASEPRI_VALUE not found: check if there is a RefParameter without a condition.
2025-10-08 18:49:27,886 [WARN] IP:2250 - TX_APP_CREATION not found: check if there is a RefParameter without a condition.
2025-10-08 18:49:27,886 [WARN] IP:2250 - TX_APP_THREAD_ENTRY not found: check if there is a RefParameter without a condition.
2025-10-08 18:49:27,886 [WARN] IP:2250 - TX_APP_THREAD_NAME not found: check if there is a RefParameter without a condition.
2025-10-08 18:49:27,886 [WARN] IP:2250 - TX_APP_THREAD_PRIO not found: check if there is a RefParameter without a condition.
2025-10-08 18:49:27,886 [WARN] IP:2250 - TX_APP_STACK_SIZE not found: check if there is a RefParameter without a condition.
2025-10-08 18:49:27,886 [WARN] IP:2250 - TX_APP_SEM_CREATION not found: check if there is a RefParameter without a condition.
2025-10-08 18:49:27,886 [WARN] IP:2250 - TX_SEMAPHORE_NAME not found: check if there is a RefParameter without a condition.
2025-10-08 18:49:27,886 [WARN] IP:2250 - TX_SEMAPHORE_COUNT not found: check if there is a RefParameter without a condition.
2025-10-08 18:49:27,886 [WARN] IP:2250 - TX_APP_MUTEX_CREATION not found: check if there is a RefParameter without a condition.
2025-10-08 18:49:27,886 [WARN] IP:2250 - TX_MUTEX_NAME not found: check if there is a RefParameter without a condition.
2025-10-08 18:49:27,886 [WARN] IP:2250 - TX_Mutex_INHERITANCE not found: check if there is a RefParameter without a condition.
2025-10-08 18:49:27,886 [WARN] IP:2250 - TX_APP_MSG_QUEUE_CREATION not found: check if there is a RefParameter without a condition.
2025-10-08 18:49:27,886 [WARN] IP:2250 - TX_MSG_QUEUE_NAME not found: check if there is a RefParameter without a condition.
2025-10-08 18:49:27,886 [WARN] IP:2250 - TX_MSG_SIZE_WORDS not found: check if there is a RefParameter without a condition.
2025-10-08 18:49:27,886 [WARN] IP:2250 - TX_NB_MSG not found: check if there is a RefParameter without a condition.
2025-10-08 18:49:27,889 [WARN] ThirdPartyIpManager:480 - Condition 'CM7 IAR Condition' not fulfilled in pack 'STMicroelectronics.X-CUBE-AZRTOS-H7.3.3.0'
2025-10-08 18:49:27,889 [WARN] ThirdPartyIpManager:480 - Condition 'CM7 IAR Condition' not fulfilled in pack 'STMicroelectronics.X-CUBE-AZRTOS-H7.3.3.0'
2025-10-08 18:49:27,889 [WARN] ThirdPartyIpManager:480 - Condition 'CM7 IAR Condition' not fulfilled in pack 'STMicroelectronics.X-CUBE-AZRTOS-H7.3.3.0'
2025-10-08 18:49:27,889 [WARN] ThirdPartyIpManager:480 - Condition 'CM7 IAR Condition' not fulfilled in pack 'STMicroelectronics.X-CUBE-AZRTOS-H7.3.3.0'
2025-10-08 18:49:27,889 [WARN] ThirdPartyIpManager:480 - Condition 'CM7 IAR Condition' not fulfilled in pack 'STMicroelectronics.X-CUBE-AZRTOS-H7.3.3.0'
2025-10-08 18:49:27,889 [WARN] ThirdPartyIpManager:480 - Condition 'CM7 IAR Condition' not fulfilled in pack 'STMicroelectronics.X-CUBE-AZRTOS-H7.3.3.0'
2025-10-08 18:49:27,889 [WARN] ThirdPartyIpManager:480 - Condition 'CM7 IAR Condition' not fulfilled in pack 'STMicroelectronics.X-CUBE-AZRTOS-H7.3.3.0'
2025-10-08 18:49:27,889 [WARN] ThirdPartyIpManager:480 - Condition 'CM7 IAR Condition' not fulfilled in pack 'STMicroelectronics.X-CUBE-AZRTOS-H7.3.3.0'
2025-10-08 18:49:27,889 [WARN] ThirdPartyIpManager:480 - Condition 'CM7 IAR Condition' not fulfilled in pack 'STMicroelectronics.X-CUBE-AZRTOS-H7.3.3.0'
2025-10-08 18:49:27,889 [WARN] ThirdPartyIpManager:480 - Condition 'CM7 IAR Condition' not fulfilled in pack 'STMicroelectronics.X-CUBE-AZRTOS-H7.3.3.0'
2025-10-08 18:49:27,889 [WARN] ThirdPartyIpManager:480 - Condition 'CM7 IAR Condition' not fulfilled in pack 'STMicroelectronics.X-CUBE-AZRTOS-H7.3.3.0'
2025-10-08 18:49:27,889 [WARN] ThirdPartyIpManager:480 - Condition 'CM4 IAR Condition' not fulfilled in pack 'STMicroelectronics.X-CUBE-AZRTOS-H7.3.3.0'
2025-10-08 18:49:27,889 [WARN] ThirdPartyIpManager:480 - Condition 'CM4 IAR Condition' not fulfilled in pack 'STMicroelectronics.X-CUBE-AZRTOS-H7.3.3.0'
2025-10-08 18:49:27,889 [WARN] ThirdPartyIpManager:480 - Condition 'CM4 IAR Condition' not fulfilled in pack 'STMicroelectronics.X-CUBE-AZRTOS-H7.3.3.0'
2025-10-08 18:49:27,889 [WARN] ThirdPartyIpManager:480 - Condition 'CM4 IAR Condition' not fulfilled in pack 'STMicroelectronics.X-CUBE-AZRTOS-H7.3.3.0'
2025-10-08 18:49:27,889 [WARN] ThirdPartyIpManager:480 - Condition 'CM4 IAR Condition' not fulfilled in pack 'STMicroelectronics.X-CUBE-AZRTOS-H7.3.3.0'
2025-10-08 18:49:27,889 [WARN] ThirdPartyIpManager:480 - Condition 'CM4 IAR Condition' not fulfilled in pack 'STMicroelectronics.X-CUBE-AZRTOS-H7.3.3.0'
2025-10-08 18:49:27,889 [WARN] ThirdPartyIpManager:480 - Condition 'CM4 IAR Condition' not fulfilled in pack 'STMicroelectronics.X-CUBE-AZRTOS-H7.3.3.0'
2025-10-08 18:49:27,890 [WARN] ThirdPartyIpManager:480 - Condition 'CM4 IAR Condition' not fulfilled in pack 'STMicroelectronics.X-CUBE-AZRTOS-H7.3.3.0'
2025-10-08 18:49:27,890 [WARN] ThirdPartyIpManager:480 - Condition 'CM4 IAR Condition' not fulfilled in pack 'STMicroelectronics.X-CUBE-AZRTOS-H7.3.3.0'
2025-10-08 18:49:27,890 [WARN] ThirdPartyIpManager:480 - Condition 'CM4 IAR Condition' not fulfilled in pack 'STMicroelectronics.X-CUBE-AZRTOS-H7.3.3.0'
2025-10-08 18:49:27,890 [WARN] ThirdPartyIpManager:480 - Condition 'CM4 IAR Condition' not fulfilled in pack 'STMicroelectronics.X-CUBE-AZRTOS-H7.3.3.0'
2025-10-08 18:49:27,892 [WARN] ThirdPartyIpManager:480 - Condition 'CM4 GNU Condition' not fulfilled in pack 'STMicroelectronics.X-CUBE-AZRTOS-H7.3.3.0'
2025-10-08 18:49:27,892 [WARN] ThirdPartyIpManager:480 - Condition 'CM4 GNU Condition' not fulfilled in pack 'STMicroelectronics.X-CUBE-AZRTOS-H7.3.3.0'
2025-10-08 18:49:27,892 [WARN] ThirdPartyIpManager:480 - Condition 'CM4 GNU Condition' not fulfilled in pack 'STMicroelectronics.X-CUBE-AZRTOS-H7.3.3.0'
2025-10-08 18:49:27,892 [WARN] ThirdPartyIpManager:480 - Condition 'CM4 GNU Condition' not fulfilled in pack 'STMicroelectronics.X-CUBE-AZRTOS-H7.3.3.0'
2025-10-08 18:49:27,892 [WARN] ThirdPartyIpManager:480 - Condition 'CM4 GNU Condition' not fulfilled in pack 'STMicroelectronics.X-CUBE-AZRTOS-H7.3.3.0'
2025-10-08 18:49:27,892 [WARN] ThirdPartyIpManager:480 - Condition 'CM4 GNU Condition' not fulfilled in pack 'STMicroelectronics.X-CUBE-AZRTOS-H7.3.3.0'
2025-10-08 18:49:27,892 [WARN] ThirdPartyIpManager:480 - Condition 'CM4 GNU Condition' not fulfilled in pack 'STMicroelectronics.X-CUBE-AZRTOS-H7.3.3.0'
2025-10-08 18:49:27,892 [WARN] ThirdPartyIpManager:480 - Condition 'CM4 GNU Condition' not fulfilled in pack 'STMicroelectronics.X-CUBE-AZRTOS-H7.3.3.0'
2025-10-08 18:49:27,892 [WARN] ThirdPartyIpManager:480 - Condition 'CM4 GNU Condition' not fulfilled in pack 'STMicroelectronics.X-CUBE-AZRTOS-H7.3.3.0'
2025-10-08 18:49:27,892 [WARN] ThirdPartyIpManager:480 - Condition 'CM4 GNU Condition' not fulfilled in pack 'STMicroelectronics.X-CUBE-AZRTOS-H7.3.3.0'
2025-10-08 18:49:27,892 [WARN] ThirdPartyIpManager:480 - Condition 'CM7 ARMC6 Condition' not fulfilled in pack 'STMicroelectronics.X-CUBE-AZRTOS-H7.3.3.0'
2025-10-08 18:49:27,892 [WARN] ThirdPartyIpManager:480 - Condition 'CM7 ARMC6 Condition' not fulfilled in pack 'STMicroelectronics.X-CUBE-AZRTOS-H7.3.3.0'
2025-10-08 18:49:27,892 [WARN] ThirdPartyIpManager:480 - Condition 'CM7 ARMC6 Condition' not fulfilled in pack 'STMicroelectronics.X-CUBE-AZRTOS-H7.3.3.0'
2025-10-08 18:49:27,892 [WARN] ThirdPartyIpManager:480 - Condition 'CM7 ARMC6 Condition' not fulfilled in pack 'STMicroelectronics.X-CUBE-AZRTOS-H7.3.3.0'
2025-10-08 18:49:27,892 [WARN] ThirdPartyIpManager:480 - Condition 'CM7 ARMC6 Condition' not fulfilled in pack 'STMicroelectronics.X-CUBE-AZRTOS-H7.3.3.0'
2025-10-08 18:49:27,892 [WARN] ThirdPartyIpManager:480 - Condition 'CM7 ARMC6 Condition' not fulfilled in pack 'STMicroelectronics.X-CUBE-AZRTOS-H7.3.3.0'
2025-10-08 18:49:27,892 [WARN] ThirdPartyIpManager:480 - Condition 'CM7 ARMC6 Condition' not fulfilled in pack 'STMicroelectronics.X-CUBE-AZRTOS-H7.3.3.0'
2025-10-08 18:49:27,892 [WARN] ThirdPartyIpManager:480 - Condition 'CM7 ARMC6 Condition' not fulfilled in pack 'STMicroelectronics.X-CUBE-AZRTOS-H7.3.3.0'
2025-10-08 18:49:27,892 [WARN] ThirdPartyIpManager:480 - Condition 'CM7 ARMC6 Condition' not fulfilled in pack 'STMicroelectronics.X-CUBE-AZRTOS-H7.3.3.0'
2025-10-08 18:49:27,892 [WARN] ThirdPartyIpManager:480 - Condition 'CM7 ARMC6 Condition' not fulfilled in pack 'STMicroelectronics.X-CUBE-AZRTOS-H7.3.3.0'
2025-10-08 18:49:27,892 [WARN] ThirdPartyIpManager:480 - Condition 'CM4 ARMC6 Condition' not fulfilled in pack 'STMicroelectronics.X-CUBE-AZRTOS-H7.3.3.0'
2025-10-08 18:49:27,892 [WARN] ThirdPartyIpManager:480 - Condition 'CM4 ARMC6 Condition' not fulfilled in pack 'STMicroelectronics.X-CUBE-AZRTOS-H7.3.3.0'
2025-10-08 18:49:27,892 [WARN] ThirdPartyIpManager:480 - Condition 'CM4 ARMC6 Condition' not fulfilled in pack 'STMicroelectronics.X-CUBE-AZRTOS-H7.3.3.0'
2025-10-08 18:49:27,892 [WARN] ThirdPartyIpManager:480 - Condition 'CM4 ARMC6 Condition' not fulfilled in pack 'STMicroelectronics.X-CUBE-AZRTOS-H7.3.3.0'
2025-10-08 18:49:27,892 [WARN] ThirdPartyIpManager:480 - Condition 'CM4 ARMC6 Condition' not fulfilled in pack 'STMicroelectronics.X-CUBE-AZRTOS-H7.3.3.0'
2025-10-08 18:49:27,892 [WARN] ThirdPartyIpManager:480 - Condition 'CM4 ARMC6 Condition' not fulfilled in pack 'STMicroelectronics.X-CUBE-AZRTOS-H7.3.3.0'
2025-10-08 18:49:27,892 [WARN] ThirdPartyIpManager:480 - Condition 'CM4 ARMC6 Condition' not fulfilled in pack 'STMicroelectronics.X-CUBE-AZRTOS-H7.3.3.0'
2025-10-08 18:49:27,892 [WARN] ThirdPartyIpManager:480 - Condition 'CM4 ARMC6 Condition' not fulfilled in pack 'STMicroelectronics.X-CUBE-AZRTOS-H7.3.3.0'
2025-10-08 18:49:27,892 [WARN] ThirdPartyIpManager:480 - Condition 'CM4 ARMC6 Condition' not fulfilled in pack 'STMicroelectronics.X-CUBE-AZRTOS-H7.3.3.0'
2025-10-08 18:49:27,892 [WARN] ThirdPartyIpManager:480 - Condition 'CM4 ARMC6 Condition' not fulfilled in pack 'STMicroelectronics.X-CUBE-AZRTOS-H7.3.3.0'
2025-10-08 18:49:27,893 [WARN] ThirdPartyIpManager:480 - Condition 'NX CORE Condition' not fulfilled in pack 'STMicroelectronics.X-CUBE-AZRTOS-H7.3.3.0'
2025-10-08 18:49:27,893 [WARN] ThirdPartyRefParameterProcessor:173 - Condition 'NX CORE Condition;(SIiCclassIiNetwork&SIiCgroupIiNetXDuo&SIiCsubIiNXOoCore)' has not the same result using Semaphore or Dynamic solver for pack 'STMicroelectronics.X-CUBE-AZRTOS-H7.3.3.0''
2025-10-08 18:49:27,893 [WARN] ThirdPartyIpManager:480 - Condition 'NX CORE Condition' not fulfilled in pack 'STMicroelectronics.X-CUBE-AZRTOS-H7.3.3.0'
2025-10-08 18:49:27,894 [WARN] ThirdPartyRefParameterProcessor:173 - Condition 'NX CORE Condition;(SIiCclassIiNetwork&SIiCgroupIiNetXDuo&SIiCsubIiNXOoCore)' has not the same result using Semaphore or Dynamic solver for pack 'STMicroelectronics.X-CUBE-AZRTOS-H7.3.3.0''
2025-10-08 18:49:27,894 [WARN] ThirdPartyIpManager:480 - Condition 'NX CORE Condition' not fulfilled in pack 'STMicroelectronics.X-CUBE-AZRTOS-H7.3.3.0'
2025-10-08 18:49:27,894 [WARN] ThirdPartyRefParameterProcessor:173 - Condition 'NX CORE Condition;(SIiCclassIiNetwork&SIiCgroupIiNetXDuo&SIiCsubIiNXOoCore)' has not the same result using Semaphore or Dynamic solver for pack 'STMicroelectronics.X-CUBE-AZRTOS-H7.3.3.0''
2025-10-08 18:49:27,894 [WARN] ThirdPartyIpManager:480 - Condition 'NX CORE Condition' not fulfilled in pack 'STMicroelectronics.X-CUBE-AZRTOS-H7.3.3.0'
2025-10-08 18:49:27,894 [WARN] ThirdPartyRefParameterProcessor:173 - Condition 'NX CORE Condition;(SIiCclassIiNetwork&SIiCgroupIiNetXDuo&SIiCsubIiNXOoCore)' has not the same result using Semaphore or Dynamic solver for pack 'STMicroelectronics.X-CUBE-AZRTOS-H7.3.3.0''
2025-10-08 18:49:27,894 [WARN] ThirdPartyIpManager:480 - Condition 'NX CORE Condition' not fulfilled in pack 'STMicroelectronics.X-CUBE-AZRTOS-H7.3.3.0'
2025-10-08 18:49:27,894 [WARN] ThirdPartyRefParameterProcessor:173 - Condition 'NX CORE Condition;(SIiCclassIiNetwork&SIiCgroupIiNetXDuo&SIiCsubIiNXOoCore)' has not the same result using Semaphore or Dynamic solver for pack 'STMicroelectronics.X-CUBE-AZRTOS-H7.3.3.0''
2025-10-08 18:49:27,894 [WARN] ThirdPartyIpManager:480 - Condition 'UX_CORESTACK_Condition' not fulfilled in pack 'STMicroelectronics.X-CUBE-AZRTOS-H7.3.3.0'
2025-10-08 18:49:27,894 [WARN] ThirdPartyRefParameterProcessor:173 - Condition 'UX_CORESTACK_Condition;(SIiCclassIiUSB&SIiCgroupIiUSBX&SIiCsubIiCoreSystem)' has not the same result using Semaphore or Dynamic solver for pack 'STMicroelectronics.X-CUBE-AZRTOS-H7.3.3.0''
2025-10-08 18:49:27,894 [WARN] ThirdPartyIpManager:480 - Condition 'UX_CORESTACK_Condition' not fulfilled in pack 'STMicroelectronics.X-CUBE-AZRTOS-H7.3.3.0'
2025-10-08 18:49:27,894 [WARN] ThirdPartyRefParameterProcessor:173 - Condition 'UX_CORESTACK_Condition;(SIiCclassIiUSB&SIiCgroupIiUSBX&SIiCsubIiCoreSystem)' has not the same result using Semaphore or Dynamic solver for pack 'STMicroelectronics.X-CUBE-AZRTOS-H7.3.3.0''
2025-10-08 18:49:27,894 [WARN] ThirdPartyIpManager:480 - Condition 'UX_CORESTACK_Condition' not fulfilled in pack 'STMicroelectronics.X-CUBE-AZRTOS-H7.3.3.0'
2025-10-08 18:49:27,894 [WARN] ThirdPartyRefParameterProcessor:173 - Condition 'UX_CORESTACK_Condition;(SIiCclassIiUSB&SIiCgroupIiUSBX&SIiCsubIiCoreSystem)' has not the same result using Semaphore or Dynamic solver for pack 'STMicroelectronics.X-CUBE-AZRTOS-H7.3.3.0''
2025-10-08 18:49:27,894 [WARN] ThirdPartyIpManager:480 - Condition 'UX_CORESTACK_Condition' not fulfilled in pack 'STMicroelectronics.X-CUBE-AZRTOS-H7.3.3.0'
2025-10-08 18:49:27,894 [WARN] ThirdPartyRefParameterProcessor:173 - Condition 'UX_CORESTACK_Condition;(SIiCclassIiUSB&SIiCgroupIiUSBX&SIiCsubIiCoreSystem)' has not the same result using Semaphore or Dynamic solver for pack 'STMicroelectronics.X-CUBE-AZRTOS-H7.3.3.0''
2025-10-08 18:49:27,894 [WARN] ThirdPartyIpManager:480 - Condition 'UX_CORESTACK_Condition' not fulfilled in pack 'STMicroelectronics.X-CUBE-AZRTOS-H7.3.3.0'
2025-10-08 18:49:27,894 [WARN] ThirdPartyRefParameterProcessor:173 - Condition 'UX_CORESTACK_Condition;(SIiCclassIiUSB&SIiCgroupIiUSBX&SIiCsubIiCoreSystem)' has not the same result using Semaphore or Dynamic solver for pack 'STMicroelectronics.X-CUBE-AZRTOS-H7.3.3.0''
2025-10-08 18:49:27,896 [WARN] ThirdPartyIpManager:480 - Condition 'FX Common Condition' not fulfilled in pack 'STMicroelectronics.X-CUBE-AZRTOS-H7.3.3.0'
2025-10-08 18:49:27,897 [WARN] ThirdPartyRefParameterProcessor:173 - Condition 'FX Common Condition;(SIiCclassIiFileOoSystem&SIiCgroupIiFileX&SIiCsubIiCore)' has not the same result using Semaphore or Dynamic solver for pack 'STMicroelectronics.X-CUBE-AZRTOS-H7.3.3.0''
2025-10-08 18:49:27,897 [WARN] ThirdPartyIpManager:480 - Condition 'FX Common Condition' not fulfilled in pack 'STMicroelectronics.X-CUBE-AZRTOS-H7.3.3.0'
2025-10-08 18:49:27,897 [WARN] ThirdPartyRefParameterProcessor:173 - Condition 'FX Common Condition;(SIiCclassIiFileOoSystem&SIiCgroupIiFileX&SIiCsubIiCore)' has not the same result using Semaphore or Dynamic solver for pack 'STMicroelectronics.X-CUBE-AZRTOS-H7.3.3.0''
2025-10-08 18:49:27,898 [WARN] ThirdPartyIpManager:480 - Condition 'FX Common Condition' not fulfilled in pack 'STMicroelectronics.X-CUBE-AZRTOS-H7.3.3.0'
2025-10-08 18:49:27,898 [WARN] ThirdPartyRefParameterProcessor:173 - Condition 'FX Common Condition;(SIiCclassIiFileOoSystem&SIiCgroupIiFileX&SIiCsubIiCore)' has not the same result using Semaphore or Dynamic solver for pack 'STMicroelectronics.X-CUBE-AZRTOS-H7.3.3.0''
2025-10-08 18:49:27,898 [WARN] ThirdPartyIpManager:480 - Condition 'FX Common Condition' not fulfilled in pack 'STMicroelectronics.X-CUBE-AZRTOS-H7.3.3.0'
2025-10-08 18:49:27,898 [WARN] ThirdPartyRefParameterProcessor:173 - Condition 'FX Common Condition;(SIiCclassIiFileOoSystem&SIiCgroupIiFileX&SIiCsubIiCore)' has not the same result using Semaphore or Dynamic solver for pack 'STMicroelectronics.X-CUBE-AZRTOS-H7.3.3.0''
2025-10-08 18:49:27,898 [WARN] ThirdPartyIpManager:480 - Condition 'FX Common Condition' not fulfilled in pack 'STMicroelectronics.X-CUBE-AZRTOS-H7.3.3.0'
2025-10-08 18:49:27,898 [WARN] ThirdPartyRefParameterProcessor:173 - Condition 'FX Common Condition;(SIiCclassIiFileOoSystem&SIiCgroupIiFileX&SIiCsubIiCore)' has not the same result using Semaphore or Dynamic solver for pack 'STMicroelectronics.X-CUBE-AZRTOS-H7.3.3.0''
2025-10-08 18:49:27,900 [INFO] CodeGenerator:892 - code generatio: config db path: C:\ST\STM32CubeIDE_1.19.0\STM32CubeIDE\plugins\com.st.stm32cube.common.mx_6.15.0.202507011659\\db\
2025-10-08 18:49:27,950 [WARN] IP:2250 - TX_NO_TIMER not found: check if there is a RefParameter without a condition.
2025-10-08 18:49:27,951 [WARN] IP:2250 - TX_LOW_POWER_TICKLESS not found: check if there is a RefParameter without a condition.
2025-10-08 18:49:27,951 [WARN] IP:2250 - TX_LOW_POWER_USER_ENTER not found: check if there is a RefParameter without a condition.
2025-10-08 18:49:27,951 [WARN] IP:2250 - TX_LOW_POWER_USER_EXIT not found: check if there is a RefParameter without a condition.
2025-10-08 18:49:27,951 [WARN] IP:2250 - TX_LOW_POWER_USER_TIMER_ADJUST not found: check if there is a RefParameter without a condition.
2025-10-08 18:49:27,951 [WARN] IP:2250 - TX_LOW_POWER_TIMER_SETUP not found: check if there is a RefParameter without a condition.
2025-10-08 18:49:27,951 [WARN] IP:2250 - TX_BASEPRI_VALUE not found: check if there is a RefParameter without a condition.
2025-10-08 18:49:27,951 [WARN] IP:2250 - TX_APP_CREATION not found: check if there is a RefParameter without a condition.
2025-10-08 18:49:27,951 [WARN] IP:2250 - TX_APP_THREAD_ENTRY not found: check if there is a RefParameter without a condition.
2025-10-08 18:49:27,951 [WARN] IP:2250 - TX_APP_THREAD_NAME not found: check if there is a RefParameter without a condition.
2025-10-08 18:49:27,951 [WARN] IP:2250 - TX_APP_THREAD_PRIO not found: check if there is a RefParameter without a condition.
2025-10-08 18:49:27,951 [WARN] IP:2250 - TX_APP_STACK_SIZE not found: check if there is a RefParameter without a condition.
2025-10-08 18:49:27,951 [WARN] IP:2250 - TX_APP_SEM_CREATION not found: check if there is a RefParameter without a condition.
2025-10-08 18:49:27,951 [WARN] IP:2250 - TX_SEMAPHORE_NAME not found: check if there is a RefParameter without a condition.
2025-10-08 18:49:27,951 [WARN] IP:2250 - TX_SEMAPHORE_COUNT not found: check if there is a RefParameter without a condition.
2025-10-08 18:49:27,951 [WARN] IP:2250 - TX_APP_MUTEX_CREATION not found: check if there is a RefParameter without a condition.
2025-10-08 18:49:27,951 [WARN] IP:2250 - TX_MUTEX_NAME not found: check if there is a RefParameter without a condition.
2025-10-08 18:49:27,951 [WARN] IP:2250 - TX_Mutex_INHERITANCE not found: check if there is a RefParameter without a condition.
2025-10-08 18:49:27,951 [WARN] IP:2250 - TX_APP_MSG_QUEUE_CREATION not found: check if there is a RefParameter without a condition.
2025-10-08 18:49:27,951 [WARN] IP:2250 - TX_MSG_QUEUE_NAME not found: check if there is a RefParameter without a condition.
2025-10-08 18:49:27,951 [WARN] IP:2250 - TX_MSG_SIZE_WORDS not found: check if there is a RefParameter without a condition.
2025-10-08 18:49:27,951 [WARN] IP:2250 - TX_NB_MSG not found: check if there is a RefParameter without a condition.
2025-10-08 18:49:28,099 [INFO] IP:3329 - RTE Config file name : RTE_Component
2025-10-08 18:49:28,100 [INFO] IP:3347 - RTE template : RTE_Components.ftl
2025-10-08 18:49:28,114 [INFO] CodeEngine:265 - oldGeneratedFile, C:\Users\oopav\PSR\Cvika\PKR_Ex_1\MXTmpFiles\license.tmp_save
2025-10-08 18:49:28,277 [INFO] CodeEngine:289 - Generated code: C:\Users\oopav\PSR\Cvika\PKR_Ex_1\MXTmpFiles\license.tmp
2025-10-08 18:49:28,377 [INFO] CodeEngine:265 - oldGeneratedFile, C:\Users\oopav\PSR\Cvika\PKR_Ex_1\MXTmpFiles\gpio.tmp_save
2025-10-08 18:49:28,470 [INFO] CodeEngine:289 - Generated code: C:\Users\oopav\PSR\Cvika\PKR_Ex_1\MXTmpFiles\gpio.tmp
2025-10-08 18:49:28,522 [WARN] IPConfigManager:103 - WARNING: Missing Config File for MEMORYMAP ip!!
2025-10-08 18:49:28,743 [INFO] Middleware:1452 - No code input for Bsp Dependency
2025-10-08 18:49:28,758 [INFO] Middleware:1452 - No code input for Bsp Dependency
2025-10-08 18:49:28,768 [INFO] CodeEngine:265 - oldGeneratedFile, C:\Users\oopav\PSR\Cvika\PKR_Ex_1\Core\Inc\tx_user.h_save
2025-10-08 18:49:28,843 [INFO] CodeEngine:289 - Generated code: C:\Users\oopav\PSR\Cvika\PKR_Ex_1\Core\Inc\tx_user.h
2025-10-08 18:49:28,860 [INFO] CodeEngine:265 - oldGeneratedFile, C:\Users\oopav\PSR\Cvika\PKR_Ex_1\Core\Src\tx_initialize_low_level.S_save
2025-10-08 18:49:28,961 [INFO] CodeEngine:289 - Generated code: C:\Users\oopav\PSR\Cvika\PKR_Ex_1\Core\Src\tx_initialize_low_level.S
2025-10-08 18:49:28,972 [INFO] CodeEngine:265 - oldGeneratedFile, C:\Users\oopav\PSR\Cvika\PKR_Ex_1\AZURE_RTOS\App\app_azure_rtos_config.h_save
2025-10-08 18:49:29,037 [INFO] CodeEngine:289 - Generated code: C:\Users\oopav\PSR\Cvika\PKR_Ex_1\AZURE_RTOS\App\app_azure_rtos_config.h
2025-10-08 18:49:29,048 [INFO] CodeEngine:265 - oldGeneratedFile, C:\Users\oopav\PSR\Cvika\PKR_Ex_1\Core\Src\app_threadx.c_save
2025-10-08 18:49:29,108 [INFO] CodeEngine:289 - Generated code: C:\Users\oopav\PSR\Cvika\PKR_Ex_1\Core\Src\app_threadx.c
2025-10-08 18:49:29,118 [INFO] CodeEngine:265 - oldGeneratedFile, C:\Users\oopav\PSR\Cvika\PKR_Ex_1\Core\Inc\app_threadx.h_save
2025-10-08 18:49:29,170 [INFO] CodeEngine:289 - Generated code: C:\Users\oopav\PSR\Cvika\PKR_Ex_1\Core\Inc\app_threadx.h
2025-10-08 18:49:29,180 [INFO] CodeEngine:265 - oldGeneratedFile, C:\Users\oopav\PSR\Cvika\PKR_Ex_1\AZURE_RTOS\App\app_azure_rtos.c_save
2025-10-08 18:49:29,236 [INFO] CodeEngine:289 - Generated code: C:\Users\oopav\PSR\Cvika\PKR_Ex_1\AZURE_RTOS\App\app_azure_rtos.c
2025-10-08 18:49:29,247 [INFO] CodeEngine:265 - oldGeneratedFile, C:\Users\oopav\PSR\Cvika\PKR_Ex_1\AZURE_RTOS\App\app_azure_rtos.h_save
2025-10-08 18:49:29,302 [INFO] CodeEngine:289 - Generated code: C:\Users\oopav\PSR\Cvika\PKR_Ex_1\AZURE_RTOS\App\app_azure_rtos.h
2025-10-08 18:49:29,314 [INFO] CodeEngine:265 - oldGeneratedFile, C:\Users\oopav\PSR\Cvika\PKR_Ex_1\MXTmpFiles\cortex.tmp_save
2025-10-08 18:49:29,386 [INFO] CodeEngine:289 - Generated code: C:\Users\oopav\PSR\Cvika\PKR_Ex_1\MXTmpFiles\cortex.tmp
2025-10-08 18:49:29,416 [INFO] CodeEngine:265 - oldGeneratedFile, C:\Users\oopav\PSR\Cvika\PKR_Ex_1\Core\Inc\stm32h7xx_nucleo_conf.h_save
2025-10-08 18:49:29,480 [INFO] CodeEngine:289 - Generated code: C:\Users\oopav\PSR\Cvika\PKR_Ex_1\Core\Inc\stm32h7xx_nucleo_conf.h
2025-10-08 18:49:29,482 [INFO] CodeEngine:265 - oldGeneratedFile, C:\Users\oopav\PSR\Cvika\PKR_Ex_1\MXTmpFiles\bsp_inc.tmp_save
2025-10-08 18:49:29,532 [INFO] CodeEngine:289 - Generated code: C:\Users\oopav\PSR\Cvika\PKR_Ex_1\MXTmpFiles\bsp_inc.tmp
2025-10-08 18:49:29,532 [INFO] CodeEngine:265 - oldGeneratedFile, C:\Users\oopav\PSR\Cvika\PKR_Ex_1\MXTmpFiles\bsp_common_vars.tmp_save
2025-10-08 18:49:29,586 [INFO] CodeEngine:289 - Generated code: C:\Users\oopav\PSR\Cvika\PKR_Ex_1\MXTmpFiles\bsp_common_vars.tmp
2025-10-08 18:49:29,590 [INFO] CodeEngine:265 - oldGeneratedFile, C:\Users\oopav\PSR\Cvika\PKR_Ex_1\MXTmpFiles\bsp_common_init.tmp_save
2025-10-08 18:49:29,642 [INFO] CodeEngine:289 - Generated code: C:\Users\oopav\PSR\Cvika\PKR_Ex_1\MXTmpFiles\bsp_common_init.tmp
2025-10-08 18:49:29,642 [INFO] CodeEngine:265 - oldGeneratedFile, C:\Users\oopav\PSR\Cvika\PKR_Ex_1\MXTmpFiles\bsp_common_demo_before_while.tmp_save
2025-10-08 18:49:29,695 [INFO] CodeEngine:289 - Generated code: C:\Users\oopav\PSR\Cvika\PKR_Ex_1\MXTmpFiles\bsp_common_demo_before_while.tmp
2025-10-08 18:49:29,695 [INFO] CodeEngine:265 - oldGeneratedFile, C:\Users\oopav\PSR\Cvika\PKR_Ex_1\MXTmpFiles\bsp_common_demo_inside_while.tmp_save
2025-10-08 18:49:29,741 [INFO] CodeEngine:289 - Generated code: C:\Users\oopav\PSR\Cvika\PKR_Ex_1\MXTmpFiles\bsp_common_demo_inside_while.tmp
2025-10-08 18:49:29,751 [INFO] CodeEngine:265 - oldGeneratedFile, C:\Users\oopav\PSR\Cvika\PKR_Ex_1\MXTmpFiles\bsp_common_demo_fct.tmp_save
2025-10-08 18:49:29,792 [INFO] CodeEngine:289 - Generated code: C:\Users\oopav\PSR\Cvika\PKR_Ex_1\MXTmpFiles\bsp_common_demo_fct.tmp
2025-10-08 18:49:29,814 [INFO] CodeEngine:265 - oldGeneratedFile, C:\Users\oopav\PSR\Cvika\PKR_Ex_1\Core\Src\stm32h7xx_it.c_save
2025-10-08 18:49:30,006 [INFO] CodeEngine:289 - Generated code: C:\Users\oopav\PSR\Cvika\PKR_Ex_1\Core\Src\stm32h7xx_it.c
2025-10-08 18:49:30,006 [INFO] CodeEngine:265 - oldGeneratedFile, C:\Users\oopav\PSR\Cvika\PKR_Ex_1\Core\Inc\stm32h7xx_it.h_save
2025-10-08 18:49:30,057 [INFO] CodeEngine:289 - Generated code: C:\Users\oopav\PSR\Cvika\PKR_Ex_1\Core\Inc\stm32h7xx_it.h
2025-10-08 18:49:30,057 [INFO] IP:3329 - RTE Config file name : RTE_Component
2025-10-08 18:49:30,057 [INFO] IP:3347 - RTE template : RTE_Components.ftl
2025-10-08 18:49:30,057 [INFO] CodeGenerator:2312 - Add RTE Code Input 
2025-10-08 18:49:30,073 [INFO] CodeEngine:265 - oldGeneratedFile, C:\Users\oopav\PSR\Cvika\PKR_Ex_1\Core\Inc\RTE_Components.h_save
2025-10-08 18:49:30,124 [INFO] CodeEngine:289 - Generated code: C:\Users\oopav\PSR\Cvika\PKR_Ex_1\Core\Inc\RTE_Components.h
2025-10-08 18:49:30,209 [INFO] CodeEngine:265 - oldGeneratedFile, C:\Users\oopav\PSR\Cvika\PKR_Ex_1\Core\Src\stm32h7xx_hal_msp.c_save
2025-10-08 18:49:30,286 [INFO] CodeEngine:289 - Generated code: C:\Users\oopav\PSR\Cvika\PKR_Ex_1\Core\Src\stm32h7xx_hal_msp.c
2025-10-08 18:49:30,295 [INFO] CodeEngine:265 - oldGeneratedFile, C:\Users\oopav\PSR\Cvika\PKR_Ex_1\MXTmpFiles\system.tmp_save
2025-10-08 18:49:30,345 [INFO] CodeEngine:289 - Generated code: C:\Users\oopav\PSR\Cvika\PKR_Ex_1\MXTmpFiles\system.tmp
2025-10-08 18:49:30,352 [INFO] CodeEngine:265 - oldGeneratedFile, C:\Users\oopav\PSR\Cvika\PKR_Ex_1\Core\Src\stm32h7xx_hal_timebase_tim.c_save
2025-10-08 18:49:30,406 [INFO] CodeEngine:289 - Generated code: C:\Users\oopav\PSR\Cvika\PKR_Ex_1\Core\Src\stm32h7xx_hal_timebase_tim.c
2025-10-08 18:49:30,417 [INFO] CodeEngine:321 - oldGeneratedFile, C:\Users\oopav\PSR\Cvika\PKR_Ex_1\Core\Inc\stm32h7xx_hal_conf.h_save
2025-10-08 18:49:30,473 [INFO] CodeEngine:345 - Generated code: C:\Users\oopav\PSR\Cvika\PKR_Ex_1\Core\Inc\stm32h7xx_hal_conf.h
2025-10-08 18:49:30,509 [INFO] ApiDbMcu:532 - Load IP Config File for RCC
2025-10-08 18:49:30,525 [INFO] CodeEngine:265 - oldGeneratedFile, C:\Users\oopav\PSR\Cvika\PKR_Ex_1\Core\Inc\main.h_save
2025-10-08 18:49:30,599 [INFO] CodeEngine:289 - Generated code: C:\Users\oopav\PSR\Cvika\PKR_Ex_1\Core\Inc\main.h
2025-10-08 18:49:30,607 [INFO] CodeEngine:265 - oldGeneratedFile, C:\Users\oopav\PSR\Cvika\PKR_Ex_1\Core\Src\main.c_save
2025-10-08 18:49:30,687 [INFO] CodeEngine:289 - Generated code: C:\Users\oopav\PSR\Cvika\PKR_Ex_1\Core\Src\main.c
2025-10-08 18:49:31,263 [INFO] ProjectBuilder:3606 - Time for Copy HAL[1] : 300mS.
2025-10-08 18:49:31,264 [ERROR] Middleware:2950 - Invalid RefComponent list
2025-10-08 18:49:31,264 [ERROR] Middleware:2950 - Invalid RefComponent list
2025-10-08 18:49:31,264 [ERROR] Middleware:2950 - Invalid RefComponent list
2025-10-08 18:49:31,264 [ERROR] Middleware:2950 - Invalid RefComponent list
2025-10-08 18:49:31,264 [ERROR] Middleware:2950 - Invalid RefComponent list
2025-10-08 18:49:31,264 [ERROR] Middleware:2950 - Invalid RefComponent list
2025-10-08 18:49:31,264 [ERROR] Middleware:2950 - Invalid RefComponent list
2025-10-08 18:49:31,264 [ERROR] Middleware:2950 - Invalid RefComponent list
2025-10-08 18:49:31,264 [ERROR] Middleware:2950 - Invalid RefComponent list
2025-10-08 18:49:31,264 [ERROR] Middleware:2950 - Invalid RefComponent list
2025-10-08 18:49:31,264 [ERROR] Middleware:2950 - Invalid RefComponent list
2025-10-08 18:49:31,264 [ERROR] Middleware:2950 - Invalid RefComponent list
2025-10-08 18:49:31,264 [ERROR] Middleware:2950 - Invalid RefComponent list
2025-10-08 18:49:31,264 [ERROR] Middleware:2950 - Invalid RefComponent list
2025-10-08 18:49:31,264 [ERROR] Middleware:2950 - Invalid RefComponent list
2025-10-08 18:49:31,264 [ERROR] Middleware:2950 - Invalid RefComponent list
2025-10-08 18:49:31,264 [ERROR] Middleware:2950 - Invalid RefComponent list
2025-10-08 18:49:31,264 [ERROR] Middleware:2950 - Invalid RefComponent list
2025-10-08 18:49:31,264 [ERROR] Middleware:2950 - Invalid RefComponent list
2025-10-08 18:49:31,264 [ERROR] Middleware:2950 - Invalid RefComponent list
2025-10-08 18:49:31,264 [ERROR] Middleware:2950 - Invalid RefComponent list
2025-10-08 18:49:31,265 [ERROR] Middleware:2950 - Invalid RefComponent list
2025-10-08 18:49:31,265 [ERROR] Middleware:2950 - Invalid RefComponent list
2025-10-08 18:49:31,265 [ERROR] Middleware:2950 - Invalid RefComponent list
2025-10-08 18:49:31,265 [ERROR] Middleware:2950 - Invalid RefComponent list
2025-10-08 18:49:31,265 [ERROR] Middleware:2950 - Invalid RefComponent list
2025-10-08 18:49:31,265 [ERROR] Middleware:2950 - Invalid RefComponent list
2025-10-08 18:49:31,265 [ERROR] Middleware:2950 - Invalid RefComponent list
2025-10-08 18:49:31,265 [ERROR] Middleware:2950 - Invalid RefComponent list
2025-10-08 18:49:31,265 [ERROR] Middleware:2950 - Invalid RefComponent list
2025-10-08 18:49:31,265 [ERROR] Middleware:2950 - Invalid RefComponent list
2025-10-08 18:49:31,265 [ERROR] Middleware:2950 - Invalid RefComponent list
2025-10-08 18:49:31,265 [ERROR] Middleware:2950 - Invalid RefComponent list
2025-10-08 18:49:31,265 [ERROR] Middleware:2950 - Invalid RefComponent list
2025-10-08 18:49:31,265 [ERROR] Middleware:2950 - Invalid RefComponent list
2025-10-08 18:49:31,265 [ERROR] Middleware:2950 - Invalid RefComponent list
2025-10-08 18:49:31,265 [ERROR] Middleware:2950 - Invalid RefComponent list
2025-10-08 18:49:31,265 [ERROR] Middleware:2950 - Invalid RefComponent list
2025-10-08 18:49:31,265 [ERROR] Middleware:2950 - Invalid RefComponent list
2025-10-08 18:49:31,265 [ERROR] Middleware:2950 - Invalid RefComponent list
2025-10-08 18:49:31,266 [ERROR] Middleware:2950 - Invalid RefComponent list
2025-10-08 18:49:31,266 [ERROR] Middleware:2950 - Invalid RefComponent list
2025-10-08 18:49:31,266 [ERROR] Middleware:2950 - Invalid RefComponent list
2025-10-08 18:49:31,266 [ERROR] Middleware:2950 - Invalid RefComponent list
2025-10-08 18:49:31,266 [ERROR] Middleware:2950 - Invalid RefComponent list
2025-10-08 18:49:31,266 [ERROR] Middleware:2950 - Invalid RefComponent list
2025-10-08 18:49:31,266 [ERROR] Middleware:2950 - Invalid RefComponent list
2025-10-08 18:49:31,266 [ERROR] Middleware:2950 - Invalid RefComponent list
2025-10-08 18:49:31,266 [ERROR] Middleware:2950 - Invalid RefComponent list
2025-10-08 18:49:31,266 [ERROR] Middleware:2950 - Invalid RefComponent list
2025-10-08 18:49:31,266 [ERROR] Middleware:2950 - Invalid RefComponent list
2025-10-08 18:49:31,266 [ERROR] Middleware:2950 - Invalid RefComponent list
2025-10-08 18:49:31,266 [ERROR] Middleware:2950 - Invalid RefComponent list
2025-10-08 18:49:31,266 [ERROR] Middleware:2950 - Invalid RefComponent list
2025-10-08 18:49:31,266 [ERROR] Middleware:2950 - Invalid RefComponent list
2025-10-08 18:49:31,266 [ERROR] Middleware:2950 - Invalid RefComponent list
2025-10-08 18:49:31,266 [ERROR] Middleware:2950 - Invalid RefComponent list
2025-10-08 18:49:31,266 [ERROR] Middleware:2950 - Invalid RefComponent list
2025-10-08 18:49:31,266 [ERROR] Middleware:2950 - Invalid RefComponent list
2025-10-08 18:49:31,266 [ERROR] Middleware:2950 - Invalid RefComponent list
2025-10-08 18:49:31,266 [ERROR] Middleware:2950 - Invalid RefComponent list
2025-10-08 18:49:31,266 [ERROR] Middleware:2950 - Invalid RefComponent list
2025-10-08 18:49:31,266 [ERROR] Middleware:2950 - Invalid RefComponent list
2025-10-08 18:49:31,266 [ERROR] Middleware:2950 - Invalid RefComponent list
2025-10-08 18:49:31,266 [ERROR] Middleware:2950 - Invalid RefComponent list
2025-10-08 18:49:31,266 [ERROR] Middleware:2950 - Invalid RefComponent list
2025-10-08 18:49:31,266 [ERROR] Middleware:2950 - Invalid RefComponent list
2025-10-08 18:49:31,266 [ERROR] Middleware:2950 - Invalid RefComponent list
2025-10-08 18:49:31,266 [ERROR] Middleware:2950 - Invalid RefComponent list
2025-10-08 18:49:31,266 [ERROR] Middleware:2950 - Invalid RefComponent list
2025-10-08 18:49:31,266 [ERROR] Middleware:2950 - Invalid RefComponent list
2025-10-08 18:49:31,266 [ERROR] Middleware:2950 - Invalid RefComponent list
2025-10-08 18:49:31,266 [ERROR] Middleware:2950 - Invalid RefComponent list
2025-10-08 18:49:31,266 [ERROR] Middleware:2950 - Invalid RefComponent list
2025-10-08 18:49:31,266 [ERROR] Middleware:2950 - Invalid RefComponent list
2025-10-08 18:49:31,266 [ERROR] Middleware:2950 - Invalid RefComponent list
2025-10-08 18:49:31,266 [ERROR] Middleware:2950 - Invalid RefComponent list
2025-10-08 18:49:31,266 [ERROR] Middleware:2950 - Invalid RefComponent list
2025-10-08 18:49:31,267 [ERROR] Middleware:2950 - Invalid RefComponent list
2025-10-08 18:49:31,267 [ERROR] Middleware:2950 - Invalid RefComponent list
2025-10-08 18:49:31,267 [WARN] ThirdPartyIpManager:480 - Condition 'CM7 IAR Condition' not fulfilled in pack 'STMicroelectronics.X-CUBE-AZRTOS-H7.3.3.0'
2025-10-08 18:49:31,267 [WARN] ThirdPartyIpManager:480 - Condition 'CM7 IAR Condition' not fulfilled in pack 'STMicroelectronics.X-CUBE-AZRTOS-H7.3.3.0'
2025-10-08 18:49:31,267 [WARN] ThirdPartyIpManager:480 - Condition 'CM7 IAR Condition' not fulfilled in pack 'STMicroelectronics.X-CUBE-AZRTOS-H7.3.3.0'
2025-10-08 18:49:31,268 [WARN] ThirdPartyIpManager:480 - Condition 'CM7 IAR Condition' not fulfilled in pack 'STMicroelectronics.X-CUBE-AZRTOS-H7.3.3.0'
2025-10-08 18:49:31,268 [WARN] ThirdPartyIpManager:480 - Condition 'CM7 IAR Condition' not fulfilled in pack 'STMicroelectronics.X-CUBE-AZRTOS-H7.3.3.0'
2025-10-08 18:49:31,268 [WARN] ThirdPartyIpManager:480 - Condition 'CM7 IAR Condition' not fulfilled in pack 'STMicroelectronics.X-CUBE-AZRTOS-H7.3.3.0'
2025-10-08 18:49:31,268 [WARN] ThirdPartyIpManager:480 - Condition 'CM7 IAR Condition' not fulfilled in pack 'STMicroelectronics.X-CUBE-AZRTOS-H7.3.3.0'
2025-10-08 18:49:31,268 [WARN] ThirdPartyIpManager:480 - Condition 'CM7 IAR Condition' not fulfilled in pack 'STMicroelectronics.X-CUBE-AZRTOS-H7.3.3.0'
2025-10-08 18:49:31,268 [WARN] ThirdPartyIpManager:480 - Condition 'CM7 IAR Condition' not fulfilled in pack 'STMicroelectronics.X-CUBE-AZRTOS-H7.3.3.0'
2025-10-08 18:49:31,268 [WARN] ThirdPartyIpManager:480 - Condition 'CM7 IAR Condition' not fulfilled in pack 'STMicroelectronics.X-CUBE-AZRTOS-H7.3.3.0'
2025-10-08 18:49:31,268 [WARN] ThirdPartyIpManager:480 - Condition 'CM7 IAR Condition' not fulfilled in pack 'STMicroelectronics.X-CUBE-AZRTOS-H7.3.3.0'
2025-10-08 18:49:31,268 [WARN] ThirdPartyIpManager:480 - Condition 'CM4 IAR Condition' not fulfilled in pack 'STMicroelectronics.X-CUBE-AZRTOS-H7.3.3.0'
2025-10-08 18:49:31,268 [WARN] ThirdPartyIpManager:480 - Condition 'CM4 IAR Condition' not fulfilled in pack 'STMicroelectronics.X-CUBE-AZRTOS-H7.3.3.0'
2025-10-08 18:49:31,268 [WARN] ThirdPartyIpManager:480 - Condition 'CM4 IAR Condition' not fulfilled in pack 'STMicroelectronics.X-CUBE-AZRTOS-H7.3.3.0'
2025-10-08 18:49:31,268 [WARN] ThirdPartyIpManager:480 - Condition 'CM4 IAR Condition' not fulfilled in pack 'STMicroelectronics.X-CUBE-AZRTOS-H7.3.3.0'
2025-10-08 18:49:31,268 [WARN] ThirdPartyIpManager:480 - Condition 'CM4 IAR Condition' not fulfilled in pack 'STMicroelectronics.X-CUBE-AZRTOS-H7.3.3.0'
2025-10-08 18:49:31,268 [WARN] ThirdPartyIpManager:480 - Condition 'CM4 IAR Condition' not fulfilled in pack 'STMicroelectronics.X-CUBE-AZRTOS-H7.3.3.0'
2025-10-08 18:49:31,268 [WARN] ThirdPartyIpManager:480 - Condition 'CM4 IAR Condition' not fulfilled in pack 'STMicroelectronics.X-CUBE-AZRTOS-H7.3.3.0'
2025-10-08 18:49:31,268 [WARN] ThirdPartyIpManager:480 - Condition 'CM4 IAR Condition' not fulfilled in pack 'STMicroelectronics.X-CUBE-AZRTOS-H7.3.3.0'
2025-10-08 18:49:31,268 [WARN] ThirdPartyIpManager:480 - Condition 'CM4 IAR Condition' not fulfilled in pack 'STMicroelectronics.X-CUBE-AZRTOS-H7.3.3.0'
2025-10-08 18:49:31,268 [WARN] ThirdPartyIpManager:480 - Condition 'CM4 IAR Condition' not fulfilled in pack 'STMicroelectronics.X-CUBE-AZRTOS-H7.3.3.0'
2025-10-08 18:49:31,268 [WARN] ThirdPartyIpManager:480 - Condition 'CM4 IAR Condition' not fulfilled in pack 'STMicroelectronics.X-CUBE-AZRTOS-H7.3.3.0'
2025-10-08 18:49:31,268 [WARN] ThirdPartyIpManager:480 - Condition 'CM4 GNU Condition' not fulfilled in pack 'STMicroelectronics.X-CUBE-AZRTOS-H7.3.3.0'
2025-10-08 18:49:31,268 [WARN] ThirdPartyIpManager:480 - Condition 'CM4 GNU Condition' not fulfilled in pack 'STMicroelectronics.X-CUBE-AZRTOS-H7.3.3.0'
2025-10-08 18:49:31,268 [WARN] ThirdPartyIpManager:480 - Condition 'CM4 GNU Condition' not fulfilled in pack 'STMicroelectronics.X-CUBE-AZRTOS-H7.3.3.0'
2025-10-08 18:49:31,268 [WARN] ThirdPartyIpManager:480 - Condition 'CM4 GNU Condition' not fulfilled in pack 'STMicroelectronics.X-CUBE-AZRTOS-H7.3.3.0'
2025-10-08 18:49:31,268 [WARN] ThirdPartyIpManager:480 - Condition 'CM4 GNU Condition' not fulfilled in pack 'STMicroelectronics.X-CUBE-AZRTOS-H7.3.3.0'
2025-10-08 18:49:31,268 [WARN] ThirdPartyIpManager:480 - Condition 'CM4 GNU Condition' not fulfilled in pack 'STMicroelectronics.X-CUBE-AZRTOS-H7.3.3.0'
2025-10-08 18:49:31,268 [WARN] ThirdPartyIpManager:480 - Condition 'CM4 GNU Condition' not fulfilled in pack 'STMicroelectronics.X-CUBE-AZRTOS-H7.3.3.0'
2025-10-08 18:49:31,268 [WARN] ThirdPartyIpManager:480 - Condition 'CM4 GNU Condition' not fulfilled in pack 'STMicroelectronics.X-CUBE-AZRTOS-H7.3.3.0'
2025-10-08 18:49:31,268 [WARN] ThirdPartyIpManager:480 - Condition 'CM4 GNU Condition' not fulfilled in pack 'STMicroelectronics.X-CUBE-AZRTOS-H7.3.3.0'
2025-10-08 18:49:31,268 [WARN] ThirdPartyIpManager:480 - Condition 'CM4 GNU Condition' not fulfilled in pack 'STMicroelectronics.X-CUBE-AZRTOS-H7.3.3.0'
2025-10-08 18:49:31,268 [WARN] ThirdPartyIpManager:480 - Condition 'CM7 ARMC6 Condition' not fulfilled in pack 'STMicroelectronics.X-CUBE-AZRTOS-H7.3.3.0'
2025-10-08 18:49:31,268 [WARN] ThirdPartyIpManager:480 - Condition 'CM7 ARMC6 Condition' not fulfilled in pack 'STMicroelectronics.X-CUBE-AZRTOS-H7.3.3.0'
2025-10-08 18:49:31,269 [WARN] ThirdPartyIpManager:480 - Condition 'CM7 ARMC6 Condition' not fulfilled in pack 'STMicroelectronics.X-CUBE-AZRTOS-H7.3.3.0'
2025-10-08 18:49:31,269 [WARN] ThirdPartyIpManager:480 - Condition 'CM7 ARMC6 Condition' not fulfilled in pack 'STMicroelectronics.X-CUBE-AZRTOS-H7.3.3.0'
2025-10-08 18:49:31,269 [WARN] ThirdPartyIpManager:480 - Condition 'CM7 ARMC6 Condition' not fulfilled in pack 'STMicroelectronics.X-CUBE-AZRTOS-H7.3.3.0'
2025-10-08 18:49:31,269 [WARN] ThirdPartyIpManager:480 - Condition 'CM7 ARMC6 Condition' not fulfilled in pack 'STMicroelectronics.X-CUBE-AZRTOS-H7.3.3.0'
2025-10-08 18:49:31,269 [WARN] ThirdPartyIpManager:480 - Condition 'CM7 ARMC6 Condition' not fulfilled in pack 'STMicroelectronics.X-CUBE-AZRTOS-H7.3.3.0'
2025-10-08 18:49:31,269 [WARN] ThirdPartyIpManager:480 - Condition 'CM7 ARMC6 Condition' not fulfilled in pack 'STMicroelectronics.X-CUBE-AZRTOS-H7.3.3.0'
2025-10-08 18:49:31,269 [WARN] ThirdPartyIpManager:480 - Condition 'CM7 ARMC6 Condition' not fulfilled in pack 'STMicroelectronics.X-CUBE-AZRTOS-H7.3.3.0'
2025-10-08 18:49:31,269 [WARN] ThirdPartyIpManager:480 - Condition 'CM7 ARMC6 Condition' not fulfilled in pack 'STMicroelectronics.X-CUBE-AZRTOS-H7.3.3.0'
2025-10-08 18:49:31,269 [WARN] ThirdPartyIpManager:480 - Condition 'CM4 ARMC6 Condition' not fulfilled in pack 'STMicroelectronics.X-CUBE-AZRTOS-H7.3.3.0'
2025-10-08 18:49:31,269 [WARN] ThirdPartyIpManager:480 - Condition 'CM4 ARMC6 Condition' not fulfilled in pack 'STMicroelectronics.X-CUBE-AZRTOS-H7.3.3.0'
2025-10-08 18:49:31,269 [WARN] ThirdPartyIpManager:480 - Condition 'CM4 ARMC6 Condition' not fulfilled in pack 'STMicroelectronics.X-CUBE-AZRTOS-H7.3.3.0'
2025-10-08 18:49:31,269 [WARN] ThirdPartyIpManager:480 - Condition 'CM4 ARMC6 Condition' not fulfilled in pack 'STMicroelectronics.X-CUBE-AZRTOS-H7.3.3.0'
2025-10-08 18:49:31,269 [WARN] ThirdPartyIpManager:480 - Condition 'CM4 ARMC6 Condition' not fulfilled in pack 'STMicroelectronics.X-CUBE-AZRTOS-H7.3.3.0'
2025-10-08 18:49:31,269 [WARN] ThirdPartyIpManager:480 - Condition 'CM4 ARMC6 Condition' not fulfilled in pack 'STMicroelectronics.X-CUBE-AZRTOS-H7.3.3.0'
2025-10-08 18:49:31,269 [WARN] ThirdPartyIpManager:480 - Condition 'CM4 ARMC6 Condition' not fulfilled in pack 'STMicroelectronics.X-CUBE-AZRTOS-H7.3.3.0'
2025-10-08 18:49:31,269 [WARN] ThirdPartyIpManager:480 - Condition 'CM4 ARMC6 Condition' not fulfilled in pack 'STMicroelectronics.X-CUBE-AZRTOS-H7.3.3.0'
2025-10-08 18:49:31,269 [WARN] ThirdPartyIpManager:480 - Condition 'CM4 ARMC6 Condition' not fulfilled in pack 'STMicroelectronics.X-CUBE-AZRTOS-H7.3.3.0'
2025-10-08 18:49:31,269 [WARN] ThirdPartyIpManager:480 - Condition 'CM4 ARMC6 Condition' not fulfilled in pack 'STMicroelectronics.X-CUBE-AZRTOS-H7.3.3.0'
2025-10-08 18:49:31,269 [WARN] ThirdPartyIpManager:480 - Condition 'NX CORE Condition' not fulfilled in pack 'STMicroelectronics.X-CUBE-AZRTOS-H7.3.3.0'
2025-10-08 18:49:31,269 [WARN] ThirdPartyRefParameterProcessor:173 - Condition 'NX CORE Condition;(SIiCclassIiNetwork&SIiCgroupIiNetXDuo&SIiCsubIiNXOoCore)' has not the same result using Semaphore or Dynamic solver for pack 'STMicroelectronics.X-CUBE-AZRTOS-H7.3.3.0''
2025-10-08 18:49:31,270 [WARN] ThirdPartyIpManager:480 - Condition 'NX CORE Condition' not fulfilled in pack 'STMicroelectronics.X-CUBE-AZRTOS-H7.3.3.0'
2025-10-08 18:49:31,270 [WARN] ThirdPartyRefParameterProcessor:173 - Condition 'NX CORE Condition;(SIiCclassIiNetwork&SIiCgroupIiNetXDuo&SIiCsubIiNXOoCore)' has not the same result using Semaphore or Dynamic solver for pack 'STMicroelectronics.X-CUBE-AZRTOS-H7.3.3.0''
2025-10-08 18:49:31,270 [WARN] ThirdPartyIpManager:480 - Condition 'NX CORE Condition' not fulfilled in pack 'STMicroelectronics.X-CUBE-AZRTOS-H7.3.3.0'
2025-10-08 18:49:31,270 [WARN] ThirdPartyRefParameterProcessor:173 - Condition 'NX CORE Condition;(SIiCclassIiNetwork&SIiCgroupIiNetXDuo&SIiCsubIiNXOoCore)' has not the same result using Semaphore or Dynamic solver for pack 'STMicroelectronics.X-CUBE-AZRTOS-H7.3.3.0''
2025-10-08 18:49:31,270 [WARN] ThirdPartyIpManager:480 - Condition 'NX CORE Condition' not fulfilled in pack 'STMicroelectronics.X-CUBE-AZRTOS-H7.3.3.0'
2025-10-08 18:49:31,270 [WARN] ThirdPartyRefParameterProcessor:173 - Condition 'NX CORE Condition;(SIiCclassIiNetwork&SIiCgroupIiNetXDuo&SIiCsubIiNXOoCore)' has not the same result using Semaphore or Dynamic solver for pack 'STMicroelectronics.X-CUBE-AZRTOS-H7.3.3.0''
2025-10-08 18:49:31,270 [WARN] ThirdPartyIpManager:480 - Condition 'NX CORE Condition' not fulfilled in pack 'STMicroelectronics.X-CUBE-AZRTOS-H7.3.3.0'
2025-10-08 18:49:31,270 [WARN] ThirdPartyRefParameterProcessor:173 - Condition 'NX CORE Condition;(SIiCclassIiNetwork&SIiCgroupIiNetXDuo&SIiCsubIiNXOoCore)' has not the same result using Semaphore or Dynamic solver for pack 'STMicroelectronics.X-CUBE-AZRTOS-H7.3.3.0''
2025-10-08 18:49:31,270 [WARN] ThirdPartyIpManager:480 - Condition 'UX_CORESTACK_Condition' not fulfilled in pack 'STMicroelectronics.X-CUBE-AZRTOS-H7.3.3.0'
2025-10-08 18:49:31,270 [WARN] ThirdPartyRefParameterProcessor:173 - Condition 'UX_CORESTACK_Condition;(SIiCclassIiUSB&SIiCgroupIiUSBX&SIiCsubIiCoreSystem)' has not the same result using Semaphore or Dynamic solver for pack 'STMicroelectronics.X-CUBE-AZRTOS-H7.3.3.0''
2025-10-08 18:49:31,270 [WARN] ThirdPartyIpManager:480 - Condition 'UX_CORESTACK_Condition' not fulfilled in pack 'STMicroelectronics.X-CUBE-AZRTOS-H7.3.3.0'
2025-10-08 18:49:31,270 [WARN] ThirdPartyRefParameterProcessor:173 - Condition 'UX_CORESTACK_Condition;(SIiCclassIiUSB&SIiCgroupIiUSBX&SIiCsubIiCoreSystem)' has not the same result using Semaphore or Dynamic solver for pack 'STMicroelectronics.X-CUBE-AZRTOS-H7.3.3.0''
2025-10-08 18:49:31,270 [WARN] ThirdPartyIpManager:480 - Condition 'UX_CORESTACK_Condition' not fulfilled in pack 'STMicroelectronics.X-CUBE-AZRTOS-H7.3.3.0'
2025-10-08 18:49:31,270 [WARN] ThirdPartyRefParameterProcessor:173 - Condition 'UX_CORESTACK_Condition;(SIiCclassIiUSB&SIiCgroupIiUSBX&SIiCsubIiCoreSystem)' has not the same result using Semaphore or Dynamic solver for pack 'STMicroelectronics.X-CUBE-AZRTOS-H7.3.3.0''
2025-10-08 18:49:31,270 [WARN] ThirdPartyIpManager:480 - Condition 'UX_CORESTACK_Condition' not fulfilled in pack 'STMicroelectronics.X-CUBE-AZRTOS-H7.3.3.0'
2025-10-08 18:49:31,270 [WARN] ThirdPartyRefParameterProcessor:173 - Condition 'UX_CORESTACK_Condition;(SIiCclassIiUSB&SIiCgroupIiUSBX&SIiCsubIiCoreSystem)' has not the same result using Semaphore or Dynamic solver for pack 'STMicroelectronics.X-CUBE-AZRTOS-H7.3.3.0''
2025-10-08 18:49:31,270 [WARN] ThirdPartyIpManager:480 - Condition 'UX_CORESTACK_Condition' not fulfilled in pack 'STMicroelectronics.X-CUBE-AZRTOS-H7.3.3.0'
2025-10-08 18:49:31,270 [WARN] ThirdPartyRefParameterProcessor:173 - Condition 'UX_CORESTACK_Condition;(SIiCclassIiUSB&SIiCgroupIiUSBX&SIiCsubIiCoreSystem)' has not the same result using Semaphore or Dynamic solver for pack 'STMicroelectronics.X-CUBE-AZRTOS-H7.3.3.0''
2025-10-08 18:49:31,270 [WARN] ThirdPartyIpManager:480 - Condition 'FX Common Condition' not fulfilled in pack 'STMicroelectronics.X-CUBE-AZRTOS-H7.3.3.0'
2025-10-08 18:49:31,270 [WARN] ThirdPartyRefParameterProcessor:173 - Condition 'FX Common Condition;(SIiCclassIiFileOoSystem&SIiCgroupIiFileX&SIiCsubIiCore)' has not the same result using Semaphore or Dynamic solver for pack 'STMicroelectronics.X-CUBE-AZRTOS-H7.3.3.0''
2025-10-08 18:49:31,270 [WARN] ThirdPartyIpManager:480 - Condition 'FX Common Condition' not fulfilled in pack 'STMicroelectronics.X-CUBE-AZRTOS-H7.3.3.0'
2025-10-08 18:49:31,270 [WARN] ThirdPartyRefParameterProcessor:173 - Condition 'FX Common Condition;(SIiCclassIiFileOoSystem&SIiCgroupIiFileX&SIiCsubIiCore)' has not the same result using Semaphore or Dynamic solver for pack 'STMicroelectronics.X-CUBE-AZRTOS-H7.3.3.0''
2025-10-08 18:49:31,270 [WARN] ThirdPartyIpManager:480 - Condition 'FX Common Condition' not fulfilled in pack 'STMicroelectronics.X-CUBE-AZRTOS-H7.3.3.0'
2025-10-08 18:49:31,270 [WARN] ThirdPartyRefParameterProcessor:173 - Condition 'FX Common Condition;(SIiCclassIiFileOoSystem&SIiCgroupIiFileX&SIiCsubIiCore)' has not the same result using Semaphore or Dynamic solver for pack 'STMicroelectronics.X-CUBE-AZRTOS-H7.3.3.0''
2025-10-08 18:49:31,270 [WARN] ThirdPartyIpManager:480 - Condition 'FX Common Condition' not fulfilled in pack 'STMicroelectronics.X-CUBE-AZRTOS-H7.3.3.0'
2025-10-08 18:49:31,270 [WARN] ThirdPartyRefParameterProcessor:173 - Condition 'FX Common Condition;(SIiCclassIiFileOoSystem&SIiCgroupIiFileX&SIiCsubIiCore)' has not the same result using Semaphore or Dynamic solver for pack 'STMicroelectronics.X-CUBE-AZRTOS-H7.3.3.0''
2025-10-08 18:49:31,270 [WARN] ThirdPartyIpManager:480 - Condition 'FX Common Condition' not fulfilled in pack 'STMicroelectronics.X-CUBE-AZRTOS-H7.3.3.0'
2025-10-08 18:49:31,271 [WARN] ThirdPartyRefParameterProcessor:173 - Condition 'FX Common Condition;(SIiCclassIiFileOoSystem&SIiCgroupIiFileX&SIiCsubIiCore)' has not the same result using Semaphore or Dynamic solver for pack 'STMicroelectronics.X-CUBE-AZRTOS-H7.3.3.0''
2025-10-08 18:49:31,501 [INFO] ProjectBuilder:9437 - Time for Copy ThirdParty[1] : 226mS.
2025-10-08 18:49:31,511 [INFO] ProjectBuilder:5216 - Project Generator version: 4.7.0-B52
2025-10-08 18:49:31,578 [INFO] ConfigFileManager:1595 - The Die is : DIE450
2025-10-08 18:49:31,590 [INFO] ApiDbMcu:532 - Load IP Config File for FATFS
2025-10-08 18:49:31,593 [INFO] ApiDbMcu:532 - Load IP Config File for FREERTOS
2025-10-08 18:49:31,595 [INFO] ApiDbMcu:532 - Load IP Config File for LIBJPEG
2025-10-08 18:49:31,604 [INFO] ApiDbMcu:532 - Load IP Config File for LWIP
2025-10-08 18:49:31,610 [INFO] ApiDbMcu:532 - Load IP Config File for MBEDTLS
2025-10-08 18:49:31,615 [INFO] ApiDbMcu:532 - Load IP Config File for USB_DEVICE
2025-10-08 18:49:31,618 [INFO] ApiDbMcu:532 - Load IP Config File for USB_HOST
2025-10-08 18:49:33,092 [INFO] ProjectBuilder:5496 - Time for Generating toolchain IDE Files: 1581mS.
2025-10-08 18:49:33,093 [INFO] ProjectBuilder:3463 - Time for Copy CMSIS : 0mS.
2025-10-08 18:49:33,108 [INFO] ProjectBuilder:3463 - Time for Copy CMSIS : 0mS.
2025-10-08 19:00:05,183 [INFO] WebApp:194 - Connection lost
2025-10-08 19:00:17,639 [INFO] WebApp:191 - Connection restablished
2025-10-08 19:00:20,321 [INFO] WebApp:194 - Connection lost
2025-10-08 19:00:20,605 [INFO] WebApp:191 - Connection restablished
2025-10-08 19:01:26,082 [INFO] WebApp:194 - Connection lost
2025-10-08 19:01:37,348 [INFO] WebApp:191 - Connection restablished
2025-10-08 19:01:40,322 [INFO] WebApp:194 - Connection lost
2025-10-08 19:01:40,642 [INFO] WebApp:191 - Connection restablished
2025-10-08 19:04:15,012 [INFO] WebApp:194 - Connection lost
2025-10-08 19:04:15,386 [INFO] WebApp:191 - Connection restablished
2025-10-08 19:04:19,319 [INFO] WebApp:194 - Connection lost
2025-10-08 19:04:20,261 [INFO] WebApp:191 - Connection restablished
2025-10-08 19:05:07,307 [INFO] WebApp:194 - Connection lost
2025-10-08 19:05:07,691 [INFO] WebApp:191 - Connection restablished
2025-10-08 19:05:13,329 [INFO] WebApp:194 - Connection lost
2025-10-08 19:05:13,706 [INFO] WebApp:191 - Connection restablished
2025-10-08 19:05:19,846 [INFO] WebApp:194 - Connection lost
2025-10-08 19:05:20,095 [INFO] WebApp:191 - Connection restablished
2025-10-08 19:05:23,822 [INFO] WebApp:194 - Connection lost
2025-10-08 19:05:24,215 [INFO] WebApp:191 - Connection restablished
2025-10-08 19:07:42,797 [INFO] WebApp:194 - Connection lost
2025-10-08 19:07:44,308 [INFO] WebApp:191 - Connection restablished
2025-10-08 19:07:47,834 [INFO] WebApp:194 - Connection lost
2025-10-08 19:07:48,261 [INFO] WebApp:191 - Connection restablished
2025-10-08 19:08:05,438 [INFO] MainUpdater:2872 - connection check result : 10
2025-10-08 19:08:05,439 [INFO] MainUpdater:2872 - connection check result : 10
2025-10-08 19:08:05,459 [ERROR] IocParser:95 - Exception caught: Cannot invoke "java.lang.CharSequence.length()" because "this.text" is null
2025-10-08 19:08:05,551 [INFO] MicroXplorer:468 - Change Database Path : 
2025-10-08 19:08:05,551 [INFO] MicroXplorer:498 - Change Database Version : DB.6.0.150
2025-10-08 19:08:05,563 [ERROR] ProjectManagerView:395 - 
java.lang.NullPointerException: Cannot invoke "javax.swing.JTextField.getText()" because the return value of "java.util.List.get(int)" is null
	at com.st.microxplorer.plugins.projectmanager.gui.ProjectChoiceTab$9.caretUpdate(ProjectChoiceTab.java:2706) ~[filemanager.jar:?]
	at javax.swing.text.JTextComponent.fireCaretUpdate(JTextComponent.java:408) ~[?:?]
	at javax.swing.text.JTextComponent$MutableCaretEvent.fire(JTextComponent.java:4484) ~[?:?]
	at javax.swing.text.JTextComponent$MutableCaretEvent.stateChanged(JTextComponent.java:4506) ~[?:?]
	at javax.swing.text.DefaultCaret.fireStateChanged(DefaultCaret.java:857) ~[?:?]
	at javax.swing.text.DefaultCaret.changeCaretPosition(DefaultCaret.java:1343) ~[?:?]
	at javax.swing.text.DefaultCaret.handleSetDot(DefaultCaret.java:1242) ~[?:?]
	at javax.swing.text.DefaultCaret.setDot(DefaultCaret.java:1223) ~[?:?]
	at javax.swing.text.DefaultCaret$Handler.insertUpdate(DefaultCaret.java:1819) ~[?:?]
	at javax.swing.text.AbstractDocument.fireInsertUpdate(AbstractDocument.java:227) ~[?:?]
	at javax.swing.text.AbstractDocument.handleInsertString(AbstractDocument.java:781) ~[?:?]
	at javax.swing.text.AbstractDocument.insertString(AbstractDocument.java:740) ~[?:?]
	at javax.swing.text.PlainDocument.insertString(PlainDocument.java:131) ~[?:?]
	at javax.swing.text.AbstractDocument.replace(AbstractDocument.java:699) ~[?:?]
	at javax.swing.text.JTextComponent.setText(JTextComponent.java:1725) ~[?:?]
	at com.st.microxplorer.plugins.projectmanager.gui.ProjectChoiceTab.createHeapStackFields(ProjectChoiceTab.java:993) ~[filemanager.jar:?]
	at com.st.microxplorer.plugins.projectmanager.gui.ProjectChoiceTab.buildLinkSettingsPanel(ProjectChoiceTab.java:3813) ~[filemanager.jar:?]
	at com.st.microxplorer.plugins.projectmanager.gui.ProjectChoiceTab.defineWindowsFields(ProjectChoiceTab.java:1987) ~[filemanager.jar:?]
	at com.st.microxplorer.plugins.projectmanager.gui.ProjectChoiceTab.updateSettings(ProjectChoiceTab.java:558) ~[filemanager.jar:?]
	at com.st.microxplorer.plugins.projectmanager.gui.ProjectSettingsPanel.UpdateDialog(ProjectSettingsPanel.java:247) ~[filemanager.jar:?]
	at com.st.microxplorer.plugins.projectmanager.ProjectManagerView.propertyChange(ProjectManagerView.java:392) ~[filemanager.jar:?]
	at java.beans.PropertyChangeSupport.fire(PropertyChangeSupport.java:343) ~[?:?]
	at java.beans.PropertyChangeSupport.firePropertyChange(PropertyChangeSupport.java:335) ~[?:?]
	at java.beans.PropertyChangeSupport.firePropertyChange(PropertyChangeSupport.java:268) ~[?:?]
	at com.st.microxplorer.util.MXPropertyChangeSupport.firePropertyChange(MXPropertyChangeSupport.java:54) ~[STM32CubeMX.jar:?]
	at com.st.microxplorer.mxsystem.MxSystem.closeConfig(MxSystem.java:899) ~[STM32CubeMX.jar:?]
	at com.st.microxplorer.maingui.MainPanel.closeConfig(MainPanel.java:792) ~[STM32CubeMX.jar:?]
	at com.st.microxplorer.plugins.filemanager.engine.OpenFileManager.loadConfigurationFile(OpenFileManager.java:288) ~[filemanager.jar:?]
	at com.st.microxplorer.plugins.filemanager.engine.MainFileManager.userLoadConfig(MainFileManager.java:364) ~[filemanager.jar:?]
	at com.st.microxplorer.plugins.filemanager.engine.MainFileManager.userLoadConfig(MainFileManager.java:342) ~[filemanager.jar:?]
	at com.st.microxplorer.plugins.filemanager.FileManagerView.getSpecificTask(FileManagerView.java:264) ~[filemanager.jar:?]
	at com.st.stm32cube.common.mx.editor.CubeMxEditor.getMxTabbedPaneInstance(CubeMxEditor.java:1198) ~[com.st.stm32cube.common.mx_6.15.0.202507011659/:?]
	at com.st.stm32cube.common.mx.editor.CubeMxEditor$12$1.createSwingComponent(CubeMxEditor.java:1068) ~[com.st.stm32cube.common.mx_6.15.0.202507011659/:?]
	at com.st.stm32cube.common.mx.oss.core.awtswtbridge.EmbeddedSwingComposite.doComponentCreation(EmbeddedSwingComposite.java:492) ~[com.st.stm32cube.common.mx.oss_6.15.0.202507011659/:?]
	at com.st.stm32cube.common.mx.oss.core.awtswtbridge.EmbeddedSwingComposite$4.run(EmbeddedSwingComposite.java:291) ~[com.st.stm32cube.common.mx.oss_6.15.0.202507011659/:?]
	at com.st.stm32cube.common.mx.oss.core.awtswtbridge.AwtEnvironment$2.run(AwtEnvironment.java:166) ~[com.st.stm32cube.common.mx.oss_6.15.0.202507011659/:?]
	at java.awt.event.InvocationEvent.dispatch(InvocationEvent.java:318) ~[?:?]
	at java.awt.EventQueue.dispatchEventImpl(EventQueue.java:773) ~[?:?]
	at java.awt.EventQueue$4.run(EventQueue.java:720) ~[?:?]
	at java.awt.EventQueue$4.run(EventQueue.java:714) ~[?:?]
	at java.security.AccessController.doPrivileged(AccessController.java:400) ~[?:?]
	at java.security.ProtectionDomain$JavaSecurityAccessImpl.doIntersectionPrivilege(ProtectionDomain.java:87) ~[?:?]
	at java.awt.EventQueue.dispatchEvent(EventQueue.java:742) ~[?:?]
	at java.awt.EventDispatchThread.pumpOneEventForFilters(EventDispatchThread.java:203) ~[?:?]
	at java.awt.EventDispatchThread.pumpEventsForFilter(EventDispatchThread.java:124) ~[?:?]
	at java.awt.EventDispatchThread.pumpEventsForHierarchy(EventDispatchThread.java:113) ~[?:?]
	at java.awt.EventDispatchThread.pumpEvents(EventDispatchThread.java:109) ~[?:?]
	at java.awt.EventDispatchThread.pumpEvents(EventDispatchThread.java:101) ~[?:?]
	at java.awt.EventDispatchThread.run(EventDispatchThread.java:90) ~[?:?]
2025-10-08 19:08:05,564 [WARN] ThirdParty:871 - waiting for thirdparty lock release [close project]
2025-10-08 19:08:05,564 [INFO] ThirdParty:873 - entering critical section [close project]
2025-10-08 19:08:05,564 [INFO] ThirdParty:883 - exiting critical section [close project]
2025-10-08 19:08:05,567 [INFO] PinOutPanel:1589 - setPackage(No Configuration,No Configuration)
2025-10-08 19:08:05,579 [WARN] IpParametersView:155 - Warning: This peripheral hasn't parameters
2025-10-08 19:08:05,586 [WARN] MainPanel:289 - <html><b><center>Warning: This peripheral has no parameters to be configured<br></b></html>
2025-10-08 19:08:05,597 [INFO] UtilMem:75 - Begin LoadConfig() Used Memory: 725348432 Bytes (1073741824)
2025-10-08 19:08:05,597 [INFO] MicroXplorer:468 - Change Database Path : 
2025-10-08 19:08:05,598 [INFO] MicroXplorer:498 - Change Database Version : DB.6.0.150
2025-10-08 19:08:05,598 [INFO] OpenFileManager:355 - Change cursor
2025-10-08 19:08:05,624 [INFO] RulesReader:64 - Compatibility file has been processed (317 Rules)
2025-10-08 19:08:05,629 [INFO] Mcu:2029 - Initializing MCU STM32H753ZITx STM32H753ZITx STM32H753ZIT6
2025-10-08 19:08:09,361 [INFO] Context:786 - Trying to add GPIOservice into a context  which must be forbidden
2025-10-08 19:08:11,003 [INFO] ApiDbMcu:532 - Load IP Config File for STMicroelectronics.X-CUBE-AZRTOS-H7.3.3.0
2025-10-08 19:08:11,146 [INFO] ApiDbMcu:532 - Load IP Config File for NUCLEO-H753ZI
2025-10-08 19:08:11,278 [INFO] ImportTextPane:234 - (OptionalMessage_ERROR) Pin21 (VP_RIF_VS_RIF1) cannot be retrieved for this MCU
2025-10-08 19:08:11,285 [INFO] ImportTextPane:234 - (OptionalMessage_ERROR) Unable to find key (Mcu.IP6) in loaded IOC file
2025-10-08 19:08:11,285 [INFO] ImportTextPane:234 - (OptionalMessage_ERROR) Unknown IP (dummy)
2025-10-08 19:08:11,354 [INFO] RtosManager:558 - Registered RTOS mode: class=CMSIS, group=RTOS, mode=CMSIS_V1, owner=FREERTOS
2025-10-08 19:08:11,355 [INFO] RtosManager:558 - Registered RTOS mode: class=CMSIS, group=RTOS2, mode=CMSIS_V2, owner=FREERTOS
2025-10-08 19:08:11,355 [INFO] RtosManager:558 - Registered RTOS mode: class=RTOS, group=Core, mode=CMSIS_V1, owner=FREERTOS
2025-10-08 19:08:11,355 [INFO] RtosManager:558 - Registered RTOS mode: class=RTOS, group=Core, mode=CMSIS_V2, owner=FREERTOS
2025-10-08 19:08:11,355 [WARN] ModelIntegratedComponent:184 - Missing modes for component STMicroelectronics:FreeRTOS:0.0.1:STMicroelectronics:RTOS:FreeRTOS:Core:::10.2.0:
2025-10-08 19:08:11,380 [WARN] ModelIntegratedComponent:63 - No mode defined for component null
2025-10-08 19:08:11,380 [WARN] ModelIntegratedComponent:63 - No mode defined for component null
2025-10-08 19:08:11,380 [WARN] ModelIntegratedComponent:63 - No mode defined for component null
2025-10-08 19:08:11,380 [WARN] ModelIntegratedComponent:63 - No mode defined for component null
2025-10-08 19:08:11,380 [WARN] ModelIntegratedComponent:63 - No mode defined for component null
2025-10-08 19:08:11,380 [WARN] ModelIntegratedComponent:63 - No mode defined for component null
2025-10-08 19:08:11,380 [WARN] ModelIntegratedComponent:63 - No mode defined for component null
2025-10-08 19:08:11,380 [WARN] ModelIntegratedComponent:63 - No mode defined for component null
2025-10-08 19:08:11,380 [WARN] ModelIntegratedComponent:63 - No mode defined for component null
2025-10-08 19:08:11,380 [WARN] ModelIntegratedComponent:63 - No mode defined for component null
2025-10-08 19:08:11,380 [WARN] ModelIntegratedComponent:63 - No mode defined for component null
2025-10-08 19:08:11,380 [WARN] ModelIntegratedComponent:63 - No mode defined for component null
2025-10-08 19:08:11,380 [WARN] ModelIntegratedComponent:63 - No mode defined for component null
2025-10-08 19:08:11,380 [WARN] ModelIntegratedComponent:63 - No mode defined for component null
2025-10-08 19:08:11,380 [WARN] ModelIntegratedComponent:63 - No mode defined for component null
2025-10-08 19:08:11,380 [WARN] ModelIntegratedComponent:63 - No mode defined for component null
2025-10-08 19:08:11,380 [WARN] ModelIntegratedComponent:63 - No mode defined for component null
2025-10-08 19:08:11,380 [WARN] ModelIntegratedComponent:63 - No mode defined for component null
2025-10-08 19:08:11,380 [WARN] ModelIntegratedComponent:63 - No mode defined for component null
2025-10-08 19:08:11,381 [WARN] ModelIntegratedComponent:63 - No mode defined for component null
2025-10-08 19:08:11,381 [WARN] ModelIntegratedComponent:63 - No mode defined for component null
2025-10-08 19:08:11,381 [WARN] ModelIntegratedComponent:63 - No mode defined for component null
2025-10-08 19:08:11,381 [WARN] ModelIntegratedComponent:63 - No mode defined for component null
2025-10-08 19:08:11,381 [WARN] ModelIntegratedComponent:63 - No mode defined for component null
2025-10-08 19:08:11,381 [WARN] ModelIntegratedComponent:63 - No mode defined for component null
2025-10-08 19:08:11,381 [WARN] ModelIntegratedComponent:63 - No mode defined for component null
2025-10-08 19:08:11,381 [WARN] ModelIntegratedComponent:63 - No mode defined for component null
2025-10-08 19:08:11,381 [WARN] ModelIntegratedComponent:63 - No mode defined for component null
2025-10-08 19:08:11,381 [WARN] ModelIntegratedComponent:63 - No mode defined for component null
2025-10-08 19:08:11,381 [WARN] ModelIntegratedComponent:63 - No mode defined for component null
2025-10-08 19:08:11,381 [WARN] ModelIntegratedComponent:63 - No mode defined for component null
2025-10-08 19:08:11,381 [WARN] ModelIntegratedComponent:63 - No mode defined for component null
2025-10-08 19:08:11,381 [WARN] ModelIntegratedComponent:63 - No mode defined for component null
2025-10-08 19:08:11,381 [WARN] ModelIntegratedComponent:63 - No mode defined for component null
2025-10-08 19:08:11,381 [WARN] ModelIntegratedComponent:63 - No mode defined for component null
2025-10-08 19:08:11,381 [WARN] ModelPack:524 - Component already loaded: STMicroelectronics:HAL Drivers:0.0.0:STMicroelectronics:Device:STMicro_Driver:XSPI:HAL::0.0.1:HAL_XSPI
2025-10-08 19:08:11,532 [WARN] IP:2250 - TX_NO_TIMER not found: check if there is a RefParameter without a condition.
2025-10-08 19:08:11,532 [WARN] IP:2250 - TX_LOW_POWER_TICKLESS not found: check if there is a RefParameter without a condition.
2025-10-08 19:08:11,532 [WARN] IP:2250 - TX_LOW_POWER_USER_ENTER not found: check if there is a RefParameter without a condition.
2025-10-08 19:08:11,532 [WARN] IP:2250 - TX_LOW_POWER_USER_EXIT not found: check if there is a RefParameter without a condition.
2025-10-08 19:08:11,532 [WARN] IP:2250 - TX_LOW_POWER_USER_TIMER_ADJUST not found: check if there is a RefParameter without a condition.
2025-10-08 19:08:11,532 [WARN] IP:2250 - TX_LOW_POWER_TIMER_SETUP not found: check if there is a RefParameter without a condition.
2025-10-08 19:08:11,532 [WARN] IP:2250 - TX_BASEPRI_VALUE not found: check if there is a RefParameter without a condition.
2025-10-08 19:08:11,533 [WARN] IP:2250 - TX_APP_CREATION not found: check if there is a RefParameter without a condition.
2025-10-08 19:08:11,533 [WARN] IP:2250 - TX_APP_THREAD_ENTRY not found: check if there is a RefParameter without a condition.
2025-10-08 19:08:11,533 [WARN] IP:2250 - TX_APP_THREAD_NAME not found: check if there is a RefParameter without a condition.
2025-10-08 19:08:11,533 [WARN] IP:2250 - TX_APP_THREAD_PRIO not found: check if there is a RefParameter without a condition.
2025-10-08 19:08:11,533 [WARN] IP:2250 - TX_APP_STACK_SIZE not found: check if there is a RefParameter without a condition.
2025-10-08 19:08:11,533 [WARN] IP:2250 - TX_APP_SEM_CREATION not found: check if there is a RefParameter without a condition.
2025-10-08 19:08:11,533 [WARN] IP:2250 - TX_SEMAPHORE_NAME not found: check if there is a RefParameter without a condition.
2025-10-08 19:08:11,533 [WARN] IP:2250 - TX_SEMAPHORE_COUNT not found: check if there is a RefParameter without a condition.
2025-10-08 19:08:11,533 [WARN] IP:2250 - TX_APP_MUTEX_CREATION not found: check if there is a RefParameter without a condition.
2025-10-08 19:08:11,533 [WARN] IP:2250 - TX_MUTEX_NAME not found: check if there is a RefParameter without a condition.
2025-10-08 19:08:11,533 [WARN] IP:2250 - TX_Mutex_INHERITANCE not found: check if there is a RefParameter without a condition.
2025-10-08 19:08:11,533 [WARN] IP:2250 - TX_APP_MSG_QUEUE_CREATION not found: check if there is a RefParameter without a condition.
2025-10-08 19:08:11,533 [WARN] IP:2250 - TX_MSG_QUEUE_NAME not found: check if there is a RefParameter without a condition.
2025-10-08 19:08:11,533 [WARN] IP:2250 - TX_MSG_SIZE_WORDS not found: check if there is a RefParameter without a condition.
2025-10-08 19:08:11,533 [WARN] IP:2250 - TX_NB_MSG not found: check if there is a RefParameter without a condition.
2025-10-08 19:08:11,534 [WARN] IP:2250 - TX_NO_TIMER not found: check if there is a RefParameter without a condition.
2025-10-08 19:08:11,534 [WARN] IP:2250 - TX_BASEPRI_VALUE not found: check if there is a RefParameter without a condition.
2025-10-08 19:08:11,534 [WARN] IP:2250 - TX_APP_CREATION not found: check if there is a RefParameter without a condition.
2025-10-08 19:08:11,534 [WARN] IP:2250 - TX_APP_THREAD_ENTRY not found: check if there is a RefParameter without a condition.
2025-10-08 19:08:11,534 [WARN] IP:2250 - TX_APP_THREAD_NAME not found: check if there is a RefParameter without a condition.
2025-10-08 19:08:11,534 [WARN] IP:2250 - TX_APP_THREAD_PRIO not found: check if there is a RefParameter without a condition.
2025-10-08 19:08:11,534 [WARN] IP:2250 - TX_APP_STACK_SIZE not found: check if there is a RefParameter without a condition.
2025-10-08 19:08:11,534 [WARN] IP:2250 - TX_APP_SEM_CREATION not found: check if there is a RefParameter without a condition.
2025-10-08 19:08:11,534 [WARN] IP:2250 - TX_SEMAPHORE_NAME not found: check if there is a RefParameter without a condition.
2025-10-08 19:08:11,534 [WARN] IP:2250 - TX_SEMAPHORE_COUNT not found: check if there is a RefParameter without a condition.
2025-10-08 19:08:11,534 [WARN] IP:2250 - TX_APP_MUTEX_CREATION not found: check if there is a RefParameter without a condition.
2025-10-08 19:08:11,534 [WARN] IP:2250 - TX_MUTEX_NAME not found: check if there is a RefParameter without a condition.
2025-10-08 19:08:11,534 [WARN] IP:2250 - TX_Mutex_INHERITANCE not found: check if there is a RefParameter without a condition.
2025-10-08 19:08:11,534 [WARN] IP:2250 - TX_APP_MSG_QUEUE_CREATION not found: check if there is a RefParameter without a condition.
2025-10-08 19:08:11,534 [WARN] IP:2250 - TX_MSG_QUEUE_NAME not found: check if there is a RefParameter without a condition.
2025-10-08 19:08:11,534 [WARN] IP:2250 - TX_MSG_SIZE_WORDS not found: check if there is a RefParameter without a condition.
2025-10-08 19:08:11,534 [WARN] IP:2250 - TX_NB_MSG not found: check if there is a RefParameter without a condition.
2025-10-08 19:08:11,535 [WARN] IP:2250 - TX_NO_TIMER not found: check if there is a RefParameter without a condition.
2025-10-08 19:08:11,535 [WARN] IP:2250 - TX_BASEPRI_VALUE not found: check if there is a RefParameter without a condition.
2025-10-08 19:08:11,535 [WARN] IP:2250 - TX_APP_CREATION not found: check if there is a RefParameter without a condition.
2025-10-08 19:08:11,535 [WARN] IP:2250 - TX_APP_THREAD_ENTRY not found: check if there is a RefParameter without a condition.
2025-10-08 19:08:11,535 [WARN] IP:2250 - TX_APP_THREAD_NAME not found: check if there is a RefParameter without a condition.
2025-10-08 19:08:11,535 [WARN] IP:2250 - TX_APP_THREAD_PRIO not found: check if there is a RefParameter without a condition.
2025-10-08 19:08:11,535 [WARN] IP:2250 - TX_APP_STACK_SIZE not found: check if there is a RefParameter without a condition.
2025-10-08 19:08:11,535 [WARN] IP:2250 - TX_APP_SEM_CREATION not found: check if there is a RefParameter without a condition.
2025-10-08 19:08:11,535 [WARN] IP:2250 - TX_SEMAPHORE_NAME not found: check if there is a RefParameter without a condition.
2025-10-08 19:08:11,535 [WARN] IP:2250 - TX_SEMAPHORE_COUNT not found: check if there is a RefParameter without a condition.
2025-10-08 19:08:11,535 [WARN] IP:2250 - TX_APP_MUTEX_CREATION not found: check if there is a RefParameter without a condition.
2025-10-08 19:08:11,535 [WARN] IP:2250 - TX_MUTEX_NAME not found: check if there is a RefParameter without a condition.
2025-10-08 19:08:11,535 [WARN] IP:2250 - TX_Mutex_INHERITANCE not found: check if there is a RefParameter without a condition.
2025-10-08 19:08:11,535 [WARN] IP:2250 - TX_APP_MSG_QUEUE_CREATION not found: check if there is a RefParameter without a condition.
2025-10-08 19:08:11,535 [WARN] IP:2250 - TX_MSG_QUEUE_NAME not found: check if there is a RefParameter without a condition.
2025-10-08 19:08:11,535 [WARN] IP:2250 - TX_MSG_SIZE_WORDS not found: check if there is a RefParameter without a condition.
2025-10-08 19:08:11,535 [WARN] IP:2250 - TX_NB_MSG not found: check if there is a RefParameter without a condition.
2025-10-08 19:08:11,535 [WARN] IP:2250 - TX_NO_TIMER not found: check if there is a RefParameter without a condition.
2025-10-08 19:08:11,535 [WARN] IP:2250 - TX_BASEPRI_VALUE not found: check if there is a RefParameter without a condition.
2025-10-08 19:08:11,535 [WARN] IP:2250 - TX_APP_CREATION not found: check if there is a RefParameter without a condition.
2025-10-08 19:08:11,535 [WARN] IP:2250 - TX_APP_THREAD_ENTRY not found: check if there is a RefParameter without a condition.
2025-10-08 19:08:11,535 [WARN] IP:2250 - TX_APP_THREAD_NAME not found: check if there is a RefParameter without a condition.
2025-10-08 19:08:11,536 [WARN] IP:2250 - TX_APP_THREAD_PRIO not found: check if there is a RefParameter without a condition.
2025-10-08 19:08:11,536 [WARN] IP:2250 - TX_APP_STACK_SIZE not found: check if there is a RefParameter without a condition.
2025-10-08 19:08:11,536 [WARN] IP:2250 - TX_APP_SEM_CREATION not found: check if there is a RefParameter without a condition.
2025-10-08 19:08:11,536 [WARN] IP:2250 - TX_SEMAPHORE_NAME not found: check if there is a RefParameter without a condition.
2025-10-08 19:08:11,536 [WARN] IP:2250 - TX_SEMAPHORE_COUNT not found: check if there is a RefParameter without a condition.
2025-10-08 19:08:11,536 [WARN] IP:2250 - TX_APP_MUTEX_CREATION not found: check if there is a RefParameter without a condition.
2025-10-08 19:08:11,536 [WARN] IP:2250 - TX_MUTEX_NAME not found: check if there is a RefParameter without a condition.
2025-10-08 19:08:11,536 [WARN] IP:2250 - TX_Mutex_INHERITANCE not found: check if there is a RefParameter without a condition.
2025-10-08 19:08:11,536 [WARN] IP:2250 - TX_APP_MSG_QUEUE_CREATION not found: check if there is a RefParameter without a condition.
2025-10-08 19:08:11,536 [WARN] IP:2250 - TX_MSG_QUEUE_NAME not found: check if there is a RefParameter without a condition.
2025-10-08 19:08:11,536 [WARN] IP:2250 - TX_MSG_SIZE_WORDS not found: check if there is a RefParameter without a condition.
2025-10-08 19:08:11,536 [WARN] IP:2250 - TX_NB_MSG not found: check if there is a RefParameter without a condition.
2025-10-08 19:08:11,536 [INFO] RtosManager:558 - Registered RTOS mode: class=RTOS, group=ThreadX, mode=RTOSJjThreadX, owner=STMicroelectronics.X-CUBE-AZRTOS-H7.3.3.0
2025-10-08 19:08:11,537 [WARN] IP:2250 - TX_APP_CREATION not found: check if there is a RefParameter without a condition.
2025-10-08 19:08:11,537 [WARN] IP:2250 - TX_APP_THREAD_ENTRY not found: check if there is a RefParameter without a condition.
2025-10-08 19:08:11,537 [WARN] IP:2250 - TX_APP_THREAD_NAME not found: check if there is a RefParameter without a condition.
2025-10-08 19:08:11,537 [WARN] IP:2250 - TX_APP_THREAD_PRIO not found: check if there is a RefParameter without a condition.
2025-10-08 19:08:11,537 [WARN] IP:2250 - TX_APP_STACK_SIZE not found: check if there is a RefParameter without a condition.
2025-10-08 19:08:11,537 [WARN] IP:2250 - TX_APP_SEM_CREATION not found: check if there is a RefParameter without a condition.
2025-10-08 19:08:11,537 [WARN] IP:2250 - TX_SEMAPHORE_NAME not found: check if there is a RefParameter without a condition.
2025-10-08 19:08:11,537 [WARN] IP:2250 - TX_SEMAPHORE_COUNT not found: check if there is a RefParameter without a condition.
2025-10-08 19:08:11,537 [WARN] IP:2250 - TX_APP_MUTEX_CREATION not found: check if there is a RefParameter without a condition.
2025-10-08 19:08:11,537 [WARN] IP:2250 - TX_MUTEX_NAME not found: check if there is a RefParameter without a condition.
2025-10-08 19:08:11,537 [WARN] IP:2250 - TX_Mutex_INHERITANCE not found: check if there is a RefParameter without a condition.
2025-10-08 19:08:11,537 [WARN] IP:2250 - TX_APP_MSG_QUEUE_CREATION not found: check if there is a RefParameter without a condition.
2025-10-08 19:08:11,537 [WARN] IP:2250 - TX_MSG_QUEUE_NAME not found: check if there is a RefParameter without a condition.
2025-10-08 19:08:11,537 [WARN] IP:2250 - TX_MSG_SIZE_WORDS not found: check if there is a RefParameter without a condition.
2025-10-08 19:08:11,537 [WARN] IP:2250 - TX_NB_MSG not found: check if there is a RefParameter without a condition.
2025-10-08 19:08:11,537 [INFO] RtosManager:558 - Registered RTOS mode: class=RTOS, group=ThreadX, mode=RTOSJjThreadX, owner=STMicroelectronics.X-CUBE-AZRTOS-H7.3.3.0
2025-10-08 19:08:11,537 [WARN] IP:2250 - TX_NO_TIMER not found: check if there is a RefParameter without a condition.
2025-10-08 19:08:11,537 [WARN] IP:2250 - TX_BASEPRI_VALUE not found: check if there is a RefParameter without a condition.
2025-10-08 19:08:11,537 [WARN] IP:2250 - TX_APP_CREATION not found: check if there is a RefParameter without a condition.
2025-10-08 19:08:11,537 [WARN] IP:2250 - TX_APP_THREAD_ENTRY not found: check if there is a RefParameter without a condition.
2025-10-08 19:08:11,537 [WARN] IP:2250 - TX_APP_THREAD_NAME not found: check if there is a RefParameter without a condition.
2025-10-08 19:08:11,537 [WARN] IP:2250 - TX_APP_THREAD_PRIO not found: check if there is a RefParameter without a condition.
2025-10-08 19:08:11,537 [WARN] IP:2250 - TX_APP_STACK_SIZE not found: check if there is a RefParameter without a condition.
2025-10-08 19:08:11,538 [WARN] IP:2250 - TX_APP_SEM_CREATION not found: check if there is a RefParameter without a condition.
2025-10-08 19:08:11,538 [WARN] IP:2250 - TX_SEMAPHORE_NAME not found: check if there is a RefParameter without a condition.
2025-10-08 19:08:11,538 [WARN] IP:2250 - TX_SEMAPHORE_COUNT not found: check if there is a RefParameter without a condition.
2025-10-08 19:08:11,538 [WARN] IP:2250 - TX_APP_MUTEX_CREATION not found: check if there is a RefParameter without a condition.
2025-10-08 19:08:11,538 [WARN] IP:2250 - TX_MUTEX_NAME not found: check if there is a RefParameter without a condition.
2025-10-08 19:08:11,538 [WARN] IP:2250 - TX_Mutex_INHERITANCE not found: check if there is a RefParameter without a condition.
2025-10-08 19:08:11,538 [WARN] IP:2250 - TX_APP_MSG_QUEUE_CREATION not found: check if there is a RefParameter without a condition.
2025-10-08 19:08:11,538 [WARN] IP:2250 - TX_MSG_QUEUE_NAME not found: check if there is a RefParameter without a condition.
2025-10-08 19:08:11,538 [WARN] IP:2250 - TX_MSG_SIZE_WORDS not found: check if there is a RefParameter without a condition.
2025-10-08 19:08:11,538 [WARN] IP:2250 - TX_NB_MSG not found: check if there is a RefParameter without a condition.
2025-10-08 19:08:11,538 [INFO] RtosManager:558 - Registered RTOS mode: class=RTOS, group=ThreadX, mode=RTOSJjThreadX, owner=STMicroelectronics.X-CUBE-AZRTOS-H7.3.3.0
2025-10-08 19:08:11,538 [WARN] IP:2250 - TX_NO_TIMER not found: check if there is a RefParameter without a condition.
2025-10-08 19:08:11,538 [WARN] IP:2250 - TX_BASEPRI_VALUE not found: check if there is a RefParameter without a condition.
2025-10-08 19:08:11,538 [WARN] IP:2250 - TX_APP_CREATION not found: check if there is a RefParameter without a condition.
2025-10-08 19:08:11,538 [WARN] IP:2250 - TX_APP_THREAD_ENTRY not found: check if there is a RefParameter without a condition.
2025-10-08 19:08:11,538 [WARN] IP:2250 - TX_APP_THREAD_NAME not found: check if there is a RefParameter without a condition.
2025-10-08 19:08:11,538 [WARN] IP:2250 - TX_APP_THREAD_PRIO not found: check if there is a RefParameter without a condition.
2025-10-08 19:08:11,538 [WARN] IP:2250 - TX_APP_STACK_SIZE not found: check if there is a RefParameter without a condition.
2025-10-08 19:08:11,538 [WARN] IP:2250 - TX_APP_SEM_CREATION not found: check if there is a RefParameter without a condition.
2025-10-08 19:08:11,538 [WARN] IP:2250 - TX_SEMAPHORE_NAME not found: check if there is a RefParameter without a condition.
2025-10-08 19:08:11,538 [WARN] IP:2250 - TX_SEMAPHORE_COUNT not found: check if there is a RefParameter without a condition.
2025-10-08 19:08:11,538 [WARN] IP:2250 - TX_APP_MUTEX_CREATION not found: check if there is a RefParameter without a condition.
2025-10-08 19:08:11,538 [WARN] IP:2250 - TX_MUTEX_NAME not found: check if there is a RefParameter without a condition.
2025-10-08 19:08:11,538 [WARN] IP:2250 - TX_Mutex_INHERITANCE not found: check if there is a RefParameter without a condition.
2025-10-08 19:08:11,539 [WARN] IP:2250 - TX_APP_MSG_QUEUE_CREATION not found: check if there is a RefParameter without a condition.
2025-10-08 19:08:11,539 [WARN] IP:2250 - TX_MSG_QUEUE_NAME not found: check if there is a RefParameter without a condition.
2025-10-08 19:08:11,539 [WARN] IP:2250 - TX_MSG_SIZE_WORDS not found: check if there is a RefParameter without a condition.
2025-10-08 19:08:11,539 [WARN] IP:2250 - TX_NB_MSG not found: check if there is a RefParameter without a condition.
2025-10-08 19:08:11,539 [INFO] RtosManager:558 - Registered RTOS mode: class=RTOS, group=ThreadX, mode=RTOSJjThreadX, owner=STMicroelectronics.X-CUBE-AZRTOS-H7.3.3.0
2025-10-08 19:08:11,539 [WARN] IP:2250 - TX_NO_TIMER not found: check if there is a RefParameter without a condition.
2025-10-08 19:08:11,539 [WARN] IP:2250 - TX_BASEPRI_VALUE not found: check if there is a RefParameter without a condition.
2025-10-08 19:08:11,539 [WARN] IP:2250 - TX_APP_CREATION not found: check if there is a RefParameter without a condition.
2025-10-08 19:08:11,539 [WARN] IP:2250 - TX_APP_THREAD_ENTRY not found: check if there is a RefParameter without a condition.
2025-10-08 19:08:11,539 [WARN] IP:2250 - TX_APP_THREAD_NAME not found: check if there is a RefParameter without a condition.
2025-10-08 19:08:11,539 [WARN] IP:2250 - TX_APP_THREAD_PRIO not found: check if there is a RefParameter without a condition.
2025-10-08 19:08:11,539 [WARN] IP:2250 - TX_APP_STACK_SIZE not found: check if there is a RefParameter without a condition.
2025-10-08 19:08:11,539 [WARN] IP:2250 - TX_APP_SEM_CREATION not found: check if there is a RefParameter without a condition.
2025-10-08 19:08:11,539 [WARN] IP:2250 - TX_SEMAPHORE_NAME not found: check if there is a RefParameter without a condition.
2025-10-08 19:08:11,539 [WARN] IP:2250 - TX_SEMAPHORE_COUNT not found: check if there is a RefParameter without a condition.
2025-10-08 19:08:11,539 [WARN] IP:2250 - TX_APP_MUTEX_CREATION not found: check if there is a RefParameter without a condition.
2025-10-08 19:08:11,539 [WARN] IP:2250 - TX_MUTEX_NAME not found: check if there is a RefParameter without a condition.
2025-10-08 19:08:11,539 [WARN] IP:2250 - TX_Mutex_INHERITANCE not found: check if there is a RefParameter without a condition.
2025-10-08 19:08:11,539 [WARN] IP:2250 - TX_APP_MSG_QUEUE_CREATION not found: check if there is a RefParameter without a condition.
2025-10-08 19:08:11,539 [WARN] IP:2250 - TX_MSG_QUEUE_NAME not found: check if there is a RefParameter without a condition.
2025-10-08 19:08:11,539 [WARN] IP:2250 - TX_MSG_SIZE_WORDS not found: check if there is a RefParameter without a condition.
2025-10-08 19:08:11,539 [WARN] IP:2250 - TX_NB_MSG not found: check if there is a RefParameter without a condition.
2025-10-08 19:08:11,840 [INFO] ThirdPartyModel:298 - Start build external matchings
2025-10-08 19:08:12,200 [INFO] ThirdPartyModel:316 - End build external matchings
2025-10-08 19:08:12,220 [INFO] RtosManager:1018 - Current active RTOS is STMicroelectronics.X-CUBE-AZRTOS-H7.3.3.0 [Cortex-M7NS]
2025-10-08 19:08:12,229 [WARN] IP:2250 - TX_NO_TIMER not found: check if there is a RefParameter without a condition.
2025-10-08 19:08:12,229 [WARN] IP:2250 - TX_LOW_POWER_TICKLESS not found: check if there is a RefParameter without a condition.
2025-10-08 19:08:12,229 [WARN] IP:2250 - TX_LOW_POWER_USER_ENTER not found: check if there is a RefParameter without a condition.
2025-10-08 19:08:12,229 [WARN] IP:2250 - TX_LOW_POWER_USER_EXIT not found: check if there is a RefParameter without a condition.
2025-10-08 19:08:12,229 [WARN] IP:2250 - TX_LOW_POWER_USER_TIMER_ADJUST not found: check if there is a RefParameter without a condition.
2025-10-08 19:08:12,229 [WARN] IP:2250 - TX_LOW_POWER_TIMER_SETUP not found: check if there is a RefParameter without a condition.
2025-10-08 19:08:12,229 [WARN] IP:2250 - TX_BASEPRI_VALUE not found: check if there is a RefParameter without a condition.
2025-10-08 19:08:12,229 [WARN] IP:2250 - TX_APP_CREATION not found: check if there is a RefParameter without a condition.
2025-10-08 19:08:12,229 [WARN] IP:2250 - TX_APP_THREAD_ENTRY not found: check if there is a RefParameter without a condition.
2025-10-08 19:08:12,229 [WARN] IP:2250 - TX_APP_THREAD_NAME not found: check if there is a RefParameter without a condition.
2025-10-08 19:08:12,229 [WARN] IP:2250 - TX_APP_THREAD_PRIO not found: check if there is a RefParameter without a condition.
2025-10-08 19:08:12,229 [WARN] IP:2250 - TX_APP_STACK_SIZE not found: check if there is a RefParameter without a condition.
2025-10-08 19:08:12,229 [WARN] IP:2250 - TX_APP_SEM_CREATION not found: check if there is a RefParameter without a condition.
2025-10-08 19:08:12,229 [WARN] IP:2250 - TX_SEMAPHORE_NAME not found: check if there is a RefParameter without a condition.
2025-10-08 19:08:12,229 [WARN] IP:2250 - TX_SEMAPHORE_COUNT not found: check if there is a RefParameter without a condition.
2025-10-08 19:08:12,229 [WARN] IP:2250 - TX_APP_MUTEX_CREATION not found: check if there is a RefParameter without a condition.
2025-10-08 19:08:12,229 [WARN] IP:2250 - TX_MUTEX_NAME not found: check if there is a RefParameter without a condition.
2025-10-08 19:08:12,229 [WARN] IP:2250 - TX_Mutex_INHERITANCE not found: check if there is a RefParameter without a condition.
2025-10-08 19:08:12,229 [WARN] IP:2250 - TX_APP_MSG_QUEUE_CREATION not found: check if there is a RefParameter without a condition.
2025-10-08 19:08:12,230 [WARN] IP:2250 - TX_MSG_QUEUE_NAME not found: check if there is a RefParameter without a condition.
2025-10-08 19:08:12,230 [WARN] IP:2250 - TX_MSG_SIZE_WORDS not found: check if there is a RefParameter without a condition.
2025-10-08 19:08:12,230 [WARN] IP:2250 - TX_NB_MSG not found: check if there is a RefParameter without a condition.
2025-10-08 19:08:12,850 [INFO] UtilMem:75 - End LoadConfig() Used Memory: 663899064 Bytes (1073741824)
2025-10-08 19:08:12,915 [WARN] ThirdParty:833 - waiting for thirdparty lock release [change project]
2025-10-08 19:08:12,915 [INFO] ThirdParty:835 - entering critical section [change project]
2025-10-08 19:08:12,915 [INFO] ThirdParty:1030 - CMSIS Pack Vendor :STMicroelectronics X-CUBE-PM33A1 1.0.0
2025-10-08 19:08:12,915 [INFO] ThirdParty:1030 - CMSIS Pack Vendor :STMicroelectronics USBPD 4.1
2025-10-08 19:08:12,915 [INFO] ThirdParty:1030 - CMSIS Pack Vendor :STMicroelectronics X-CUBE-AZRTOS-H7 3.3.0
2025-10-08 19:08:12,915 [INFO] ThirdParty:1030 - CMSIS Pack Vendor :STMicroelectronics X-CUBE-NFC9 1.0.0
2025-10-08 19:08:12,915 [INFO] ThirdParty:1030 - CMSIS Pack Vendor :STMicroelectronics USB_HOST 2.0.0
2025-10-08 19:08:12,915 [INFO] ThirdParty:1030 - CMSIS Pack Vendor :STMicroelectronics FP-SNS-MOTENVWB1 1.4.0
2025-10-08 19:08:12,916 [INFO] ThirdParty:1030 - CMSIS Pack Vendor :STMicroelectronics X-CUBE-AZRTOS-F4 1.1.0
2025-10-08 19:08:12,916 [INFO] ThirdParty:1030 - CMSIS Pack Vendor :STMicroelectronics LIBJPEG 8.0.0
2025-10-08 19:08:12,916 [INFO] ThirdParty:1030 - CMSIS Pack Vendor :STMicroelectronics FP-ATR-ASTRA1 2.0.2
2025-10-08 19:08:12,916 [INFO] ThirdParty:1030 - CMSIS Pack Vendor :wolfSSL I-CUBE-wolfSSL 5.8.2
2025-10-08 19:08:12,916 [INFO] ThirdParty:1030 - CMSIS Pack Vendor :STMicroelectronics X-CUBE-BLE1 7.1.0
2025-10-08 19:08:12,916 [INFO] ThirdParty:1030 - CMSIS Pack Vendor :Avnet-IotConnect X-CUBE-IoTC-DA16k-PMOD 1.0.0
2025-10-08 19:08:12,916 [INFO] ThirdParty:1030 - CMSIS Pack Vendor :STMicroelectronics X-CUBE-SMBUS 2.1.0
2025-10-08 19:08:12,916 [INFO] ThirdParty:1030 - CMSIS Pack Vendor :wolfSSL I-CUBE-wolfMQTT 1.19.2
2025-10-08 19:08:12,916 [INFO] ThirdParty:1030 - CMSIS Pack Vendor :STMicroelectronics USB_DEVICE 3.0.0
2025-10-08 19:08:12,916 [INFO] ThirdParty:1030 - CMSIS Pack Vendor :STMicroelectronics X-CUBE-ISPU 2.1.0
2025-10-08 19:08:12,916 [INFO] ThirdParty:1030 - CMSIS Pack Vendor :STMicroelectronics X-CUBE-EEPRMA1 5.2.0
2025-10-08 19:08:12,916 [INFO] ThirdParty:1030 - CMSIS Pack Vendor :STMicroelectronics X-CUBE-BLEMGR 4.1.0
2025-10-08 19:08:12,916 [INFO] ThirdParty:1030 - CMSIS Pack Vendor :STMicroelectronics X-CUBE-AZRTOS-WB 2.0.0
2025-10-08 19:08:12,916 [INFO] ThirdParty:1030 - CMSIS Pack Vendor :STMicroelectronics X-CUBE-ST60 1.0.0
2025-10-08 19:08:12,916 [INFO] ThirdParty:1030 - CMSIS Pack Vendor :STMicroelectronics X-CUBE-GNSS1 7.0.1
2025-10-08 19:08:12,916 [INFO] ThirdParty:1030 - CMSIS Pack Vendor :STMicroelectronics X-CUBE-NFC12 1.0.0
2025-10-08 19:08:12,916 [INFO] ThirdParty:1030 - CMSIS Pack Vendor :STMicroelectronics X-CUBE-AZRTOS-F7 1.1.0
2025-10-08 19:08:12,916 [INFO] ThirdParty:1030 - CMSIS Pack Vendor :STMicroelectronics X-CUBE-AZRTOS-L5 2.0.0
2025-10-08 19:08:12,916 [INFO] ThirdParty:1030 - CMSIS Pack Vendor :STMicroelectronics X-CUBE-TOUCHGFX 4.25.0
2025-10-08 19:08:12,916 [INFO] ThirdParty:1030 - CMSIS Pack Vendor :STMicroelectronics USB_DEVICE 2.0.0
2025-10-08 19:08:12,916 [INFO] ThirdParty:1030 - CMSIS Pack Vendor :STMicroelectronics X-CUBE-NFC6 3.1.0
2025-10-08 19:08:12,916 [INFO] ThirdParty:1030 - CMSIS Pack Vendor :Cesanta I-CUBE-Mongoose 7.19.0
2025-10-08 19:08:12,916 [INFO] ThirdParty:1030 - CMSIS Pack Vendor :quantropi X-CUBE-qispace-sdk-base 2.1.0
2025-10-08 19:08:12,916 [INFO] ThirdParty:1030 - CMSIS Pack Vendor :STMicroelectronics FreeRTOS 0.0.1
2025-10-08 19:08:12,916 [INFO] ThirdParty:1030 - CMSIS Pack Vendor :STMicroelectronics X-CUBE-AZRTOS-G0 1.1.0
2025-10-08 19:08:12,916 [INFO] ThirdParty:1030 - CMSIS Pack Vendor :STMicroelectronics X-CUBE-SAFEA1 1.2.2
2025-10-08 19:08:12,917 [INFO] ThirdParty:1030 - CMSIS Pack Vendor :STMicroelectronics X-CUBE-NFC4 3.0.0
2025-10-08 19:08:12,917 [INFO] ThirdParty:1030 - CMSIS Pack Vendor :STMicroelectronics X-CUBE-SUBG2 5.0.0
2025-10-08 19:08:12,917 [INFO] ThirdParty:1030 - CMSIS Pack Vendor :STMicroelectronics X-CUBE-AZRTOS-H7RS 1.1.0
2025-10-08 19:08:12,917 [INFO] ThirdParty:1030 - CMSIS Pack Vendor :STMicroelectronics STM32_WPAN 1.0.0
2025-10-08 19:08:12,917 [INFO] ThirdParty:1030 - CMSIS Pack Vendor :EmbeddedOffice I-CUBE-FS-RTOS 1.0.1
2025-10-08 19:08:12,917 [INFO] ThirdParty:1030 - CMSIS Pack Vendor :STMicroelectronics lwIP 2.0.3
2025-10-08 19:08:12,917 [INFO] ThirdParty:1030 - CMSIS Pack Vendor :WES I-CUBE-Cesium 1.4.0
2025-10-08 19:08:12,917 [INFO] ThirdParty:1030 - CMSIS Pack Vendor :STMicroelectronics USB_HOST 1.0.0
2025-10-08 19:08:12,917 [INFO] ThirdParty:1030 - CMSIS Pack Vendor :Infineon AIROC-Wi-Fi-Bluetooth-STM32 1.7.1
2025-10-08 19:08:12,917 [INFO] ThirdParty:1030 - CMSIS Pack Vendor :STMicroelectronics X-CUBE-AZRTOS-G4 2.0.0
2025-10-08 19:08:12,917 [INFO] ThirdParty:1030 - CMSIS Pack Vendor :STMicroelectronics X-CUBE-WB05N 2.0.0
2025-10-08 19:08:12,917 [INFO] ThirdParty:1030 - CMSIS Pack Vendor :STMicroelectronics PDM2PCM 3.1.0
2025-10-08 19:08:12,917 [INFO] ThirdParty:1030 - CMSIS Pack Vendor :STMicroelectronics PDM2PCM 3.3.0
2025-10-08 19:08:12,917 [INFO] ThirdParty:1030 - CMSIS Pack Vendor :wolfSSL I-CUBE-wolfTPM 3.8.0
2025-10-08 19:08:12,917 [INFO] ThirdParty:1030 - CMSIS Pack Vendor :STMicroelectronics X-CUBE-AZRTOS-H7 3.4.0
2025-10-08 19:08:12,917 [INFO] ThirdParty:1030 - CMSIS Pack Vendor :STMicroelectronics X-CUBE-DISPLAY 3.0.0
2025-10-08 19:08:12,917 [INFO] ThirdParty:1030 - CMSIS Pack Vendor :wolfSSL I-CUBE-wolfSSH 1.4.20
2025-10-08 19:08:12,917 [INFO] ThirdParty:1030 - CMSIS Pack Vendor :STMicroelectronics X-CUBE-NFC7 2.0.0
2025-10-08 19:08:12,917 [INFO] ThirdParty:1030 - CMSIS Pack Vendor :STMicroelectronics X-CUBE-TCPP 4.2.0
2025-10-08 19:08:12,917 [INFO] ThirdParty:1030 - CMSIS Pack Vendor :RealThread X-CUBE-RT-Thread_Nano 4.1.1
2025-10-08 19:08:12,917 [INFO] ThirdParty:1030 - CMSIS Pack Vendor :STMicroelectronics FP-ATR-SIGFOX1 3.2.0
2025-10-08 19:08:12,917 [INFO] ThirdParty:1030 - CMSIS Pack Vendor :STMicroelectronics X-CUBE-NFC10 1.0.0
2025-10-08 19:08:12,917 [INFO] ThirdParty:1030 - CMSIS Pack Vendor :STMicroelectronics X-CUBE-FREERTOS 1.3.1
2025-10-08 19:08:12,917 [INFO] ThirdParty:1030 - CMSIS Pack Vendor :STMicroelectronics HAL Drivers 0.0.0
2025-10-08 19:08:12,917 [INFO] ThirdParty:1030 - CMSIS Pack Vendor :STMicroelectronics MBEDTLS 2.16.2
2025-10-08 19:08:12,917 [INFO] ThirdParty:1030 - CMSIS Pack Vendor :STMicroelectronics X-CUBE-IPS 3.1.0
2025-10-08 19:08:12,917 [INFO] ThirdParty:1030 - CMSIS Pack Vendor :STMicroelectronics X-CUBE-ALS 1.0.2
2025-10-08 19:08:12,917 [INFO] ThirdParty:1030 - CMSIS Pack Vendor :emotas I-CUBE-CANOPEN 1.3.0
2025-10-08 19:08:12,917 [INFO] ThirdParty:1030 - CMSIS Pack Vendor :STMicroelectronics MBEDTLS 2.14.1
2025-10-08 19:08:12,917 [INFO] ThirdParty:1030 - CMSIS Pack Vendor :ITTIA_DB I-CUBE-ITTIADB 8.9.0
2025-10-08 19:08:12,917 [INFO] ThirdParty:1030 - CMSIS Pack Vendor :STMicroelectronics X-CUBE-TOUCHGFX 4.26.0
2025-10-08 19:08:12,917 [INFO] ThirdParty:1030 - CMSIS Pack Vendor :STMicroelectronics X-CUBE-STSE01 1.0.0
2025-10-08 19:08:12,917 [INFO] ThirdParty:1030 - CMSIS Pack Vendor :STMicroelectronics X-CUBE-ST67W61 1.0.0
2025-10-08 19:08:12,918 [INFO] ThirdParty:1030 - CMSIS Pack Vendor :STMicroelectronics FP-SNS-STBOX1 2.1.0
2025-10-08 19:08:12,918 [INFO] ThirdParty:1030 - CMSIS Pack Vendor :STMicroelectronics X-CUBE-AI 10.2.0
2025-10-08 19:08:12,918 [INFO] ThirdParty:1030 - CMSIS Pack Vendor :STMicroelectronics FP-SNS-STAIOTCFT 1.0.0
2025-10-08 19:08:12,918 [INFO] ThirdParty:1030 - CMSIS Pack Vendor :STMicroelectronics ThreadX 1.0.0
2025-10-08 19:08:12,918 [INFO] ThirdParty:1030 - CMSIS Pack Vendor :STMicroelectronics FP-SNS-SMARTAG2 1.2.0
2025-10-08 19:08:12,918 [INFO] ThirdParty:1030 - CMSIS Pack Vendor :STMicroelectronics FP-SNS-FLIGHT1 5.1.0
2025-10-08 19:08:12,918 [INFO] ThirdParty:1030 - CMSIS Pack Vendor :STMicroelectronics X-CUBE-AZRTOS-WL 2.0.0
2025-10-08 19:08:12,918 [INFO] ThirdParty:1030 - CMSIS Pack Vendor :SEGGER I-CUBE-embOS 1.3.1
2025-10-08 19:08:12,918 [INFO] ThirdParty:1030 - CMSIS Pack Vendor :STMicroelectronics X-CUBE-ALGOBUILD 1.4.0
2025-10-08 19:08:12,918 [INFO] ThirdParty:1030 - CMSIS Pack Vendor :STMicroelectronics X-CUBE-DPower 1.3.0
2025-10-08 19:08:12,918 [INFO] ThirdParty:1030 - CMSIS Pack Vendor :STMicroelectronics X-CUBE-MEMS1 11.3.0
2025-10-08 19:08:12,918 [INFO] ThirdParty:1030 - CMSIS Pack Vendor :STMicroelectronics FP-SNS-MOTENV1 5.0.0
2025-10-08 19:08:12,918 [INFO] ThirdParty:1030 - CMSIS Pack Vendor :STMicroelectronics USB_DEVICE 1.0.0
2025-10-08 19:08:12,918 [INFO] ThirdParty:1030 - CMSIS Pack Vendor :STMicroelectronics X-CUBE-AZRTOS-L4 2.0.0
2025-10-08 19:08:12,918 [INFO] ThirdParty:1030 - CMSIS Pack Vendor :STMicroelectronics ThreadX 0.0.2
2025-10-08 19:08:12,918 [INFO] ThirdParty:1030 - CMSIS Pack Vendor :STMicroelectronics lwIP 2.1.2
2025-10-08 19:08:12,918 [INFO] ThirdParty:1030 - CMSIS Pack Vendor :STMicroelectronics X-CUBE-SFXS2LP1 4.0.0
2025-10-08 19:08:12,918 [INFO] ThirdParty:1030 - CMSIS Pack Vendor :STMicroelectronics X-CUBE-BLE2 3.3.0
2025-10-08 19:08:12,918 [INFO] ThirdParty:1030 - CMSIS Pack Vendor :STMicroelectronics X-CUBE-TOF1 3.4.3
2025-10-08 19:08:12,918 [INFO] ThirdParty:1030 - CMSIS Pack Vendor :STMicroelectronics PDM2PCM 3.2.0
2025-10-08 19:08:12,918 [INFO] ThirdParty:841 - exiting critical section [change project]
2025-10-08 19:08:13,294 [INFO] PinOutPanel:1589 - setPackage(No Configuration,No Configuration)
2025-10-08 19:08:13,295 [INFO] PinOutPanel:1589 - setPackage(STM32H753ZITx,LQFP144)
2025-10-08 19:08:13,835 [INFO] UtilMem:75 - Before build in PCC Used Memory: 654032592 Bytes (1073741824)
2025-10-08 19:08:14,206 [INFO] UtilMem:75 - After build in PCC Used Memory: 717995728 Bytes (1073741824)
2025-10-08 19:08:14,243 [INFO] IPUIPlugin:80 - create IPUIPlugin
2025-10-08 19:08:14,243 [INFO] IPUIPlugin:80 - create IPUIPlugin
2025-10-08 19:08:14,243 [INFO] IPUIPlugin:80 - create IPUIPlugin
2025-10-08 19:08:14,243 [INFO] IPUIPlugin:80 - create IPUIPlugin
2025-10-08 19:08:14,243 [INFO] IPUIPlugin:80 - create IPUIPlugin
2025-10-08 19:08:14,243 [INFO] IPUIPlugin:80 - create IPUIPlugin
2025-10-08 19:08:14,243 [INFO] IPUIPlugin:80 - create IPUIPlugin
2025-10-08 19:08:14,243 [INFO] IPUIPlugin:80 - create IPUIPlugin
2025-10-08 19:08:14,243 [INFO] IPUIPlugin:80 - create IPUIPlugin
2025-10-08 19:08:14,244 [INFO] IPUIPlugin:80 - create IPUIPlugin
2025-10-08 19:08:14,244 [INFO] IPUIPlugin:80 - create IPUIPlugin
2025-10-08 19:08:14,244 [INFO] IPUIPlugin:80 - create IPUIPlugin
2025-10-08 19:08:14,244 [INFO] IPUIPlugin:80 - create IPUIPlugin
2025-10-08 19:08:14,244 [INFO] IPUIPlugin:80 - create IPUIPlugin
2025-10-08 19:08:14,244 [INFO] IPUIPlugin:80 - create IPUIPlugin
2025-10-08 19:08:14,244 [INFO] IPUIPlugin:80 - create IPUIPlugin
2025-10-08 19:08:14,244 [INFO] IPUIPlugin:80 - create IPUIPlugin
2025-10-08 19:08:14,244 [INFO] IPUIPlugin:80 - create IPUIPlugin
2025-10-08 19:08:14,245 [INFO] IPUIPlugin:80 - create IPUIPlugin
2025-10-08 19:08:14,245 [INFO] IPUIPlugin:80 - create IPUIPlugin
2025-10-08 19:08:14,245 [INFO] IPUIPlugin:80 - create IPUIPlugin
2025-10-08 19:08:14,245 [INFO] IPUIPlugin:80 - create IPUIPlugin
2025-10-08 19:08:14,245 [INFO] IPUIPlugin:80 - create IPUIPlugin
2025-10-08 19:08:14,245 [INFO] IPUIPlugin:80 - create IPUIPlugin
2025-10-08 19:08:14,245 [INFO] IPUIPlugin:80 - create IPUIPlugin
2025-10-08 19:08:14,245 [INFO] IPUIPlugin:80 - create IPUIPlugin
2025-10-08 19:08:14,245 [INFO] IPUIPlugin:80 - create IPUIPlugin
2025-10-08 19:08:14,246 [INFO] IPUIPlugin:80 - create IPUIPlugin
2025-10-08 19:08:14,246 [INFO] IPUIPlugin:80 - create IPUIPlugin
2025-10-08 19:08:14,246 [INFO] IPUIPlugin:80 - create IPUIPlugin
2025-10-08 19:08:14,246 [INFO] IPUIPlugin:80 - create IPUIPlugin
2025-10-08 19:08:14,246 [INFO] IPUIPlugin:80 - create IPUIPlugin
2025-10-08 19:08:14,246 [INFO] IPUIPlugin:80 - create IPUIPlugin
2025-10-08 19:08:14,246 [INFO] IPUIPlugin:80 - create IPUIPlugin
2025-10-08 19:08:14,246 [INFO] IPUIPlugin:80 - create IPUIPlugin
2025-10-08 19:08:14,247 [INFO] IPUIPlugin:80 - create IPUIPlugin
2025-10-08 19:08:14,247 [INFO] IPUIPlugin:80 - create IPUIPlugin
2025-10-08 19:08:14,247 [INFO] IPUIPlugin:80 - create IPUIPlugin
2025-10-08 19:08:14,247 [INFO] IPUIPlugin:80 - create IPUIPlugin
2025-10-08 19:08:14,247 [INFO] IPUIPlugin:80 - create IPUIPlugin
2025-10-08 19:08:14,248 [INFO] IPUIPlugin:80 - create IPUIPlugin
2025-10-08 19:08:14,248 [INFO] IPUIPlugin:80 - create IPUIPlugin
2025-10-08 19:08:14,248 [INFO] IPUIPlugin:80 - create IPUIPlugin
2025-10-08 19:08:14,248 [INFO] IPUIPlugin:80 - create IPUIPlugin
2025-10-08 19:08:14,248 [INFO] IPUIPlugin:80 - create IPUIPlugin
2025-10-08 19:08:14,249 [INFO] IPUIPlugin:80 - create IPUIPlugin
2025-10-08 19:08:14,249 [INFO] IPUIPlugin:80 - create IPUIPlugin
2025-10-08 19:08:14,249 [INFO] IPUIPlugin:80 - create IPUIPlugin
2025-10-08 19:08:14,250 [INFO] IPUIPlugin:80 - create IPUIPlugin
2025-10-08 19:08:14,250 [INFO] IPUIPlugin:80 - create IPUIPlugin
2025-10-08 19:08:14,250 [INFO] IPUIPlugin:80 - create IPUIPlugin
2025-10-08 19:08:14,251 [INFO] IPUIPlugin:80 - create IPUIPlugin
2025-10-08 19:08:14,251 [INFO] IPUIPlugin:80 - create IPUIPlugin
2025-10-08 19:08:14,252 [INFO] IPUIPlugin:80 - create IPUIPlugin
2025-10-08 19:08:14,252 [INFO] IPUIPlugin:80 - create IPUIPlugin
2025-10-08 19:08:14,253 [INFO] IPUIPlugin:80 - create IPUIPlugin
2025-10-08 19:08:14,253 [INFO] IPUIPlugin:80 - create IPUIPlugin
2025-10-08 19:08:14,254 [INFO] IPUIPlugin:80 - create IPUIPlugin
2025-10-08 19:08:14,254 [INFO] IPUIPlugin:80 - create IPUIPlugin
2025-10-08 19:08:14,254 [INFO] IPUIPlugin:80 - create IPUIPlugin
2025-10-08 19:08:14,255 [INFO] IPUIPlugin:80 - create IPUIPlugin
2025-10-08 19:08:14,255 [INFO] IPUIPlugin:80 - create IPUIPlugin
2025-10-08 19:08:14,255 [INFO] IPUIPlugin:80 - create IPUIPlugin
2025-10-08 19:08:14,255 [INFO] IPUIPlugin:80 - create IPUIPlugin
2025-10-08 19:08:14,256 [INFO] IPUIPlugin:80 - create IPUIPlugin
2025-10-08 19:08:14,256 [INFO] IPUIPlugin:80 - create IPUIPlugin
2025-10-08 19:08:14,256 [INFO] IPUIPlugin:80 - create IPUIPlugin
2025-10-08 19:08:14,257 [INFO] IPUIPlugin:80 - create IPUIPlugin
2025-10-08 19:08:14,257 [INFO] IPUIPlugin:80 - create IPUIPlugin
2025-10-08 19:08:14,257 [INFO] IPUIPlugin:80 - create IPUIPlugin
2025-10-08 19:08:14,258 [INFO] IPUIPlugin:80 - create IPUIPlugin
2025-10-08 19:08:14,258 [INFO] IPUIPlugin:80 - create IPUIPlugin
2025-10-08 19:08:14,259 [INFO] IPUIPlugin:80 - create IPUIPlugin
2025-10-08 19:08:14,259 [INFO] IPUIPlugin:80 - create IPUIPlugin
2025-10-08 19:08:14,259 [INFO] IPUIPlugin:80 - create IPUIPlugin
2025-10-08 19:08:14,260 [INFO] IPUIPlugin:80 - create IPUIPlugin
2025-10-08 19:08:14,260 [INFO] IPUIPlugin:80 - create IPUIPlugin
2025-10-08 19:08:14,261 [INFO] IPUIPlugin:80 - create IPUIPlugin
2025-10-08 19:08:14,261 [INFO] IPUIPlugin:80 - create IPUIPlugin
2025-10-08 19:08:14,261 [INFO] IPUIPlugin:80 - create IPUIPlugin
2025-10-08 19:08:14,261 [INFO] IPUIPlugin:80 - create IPUIPlugin
2025-10-08 19:08:14,262 [INFO] IPUIPlugin:80 - create IPUIPlugin
2025-10-08 19:08:14,262 [INFO] IPUIPlugin:80 - create IPUIPlugin
2025-10-08 19:08:14,263 [INFO] IPUIPlugin:80 - create IPUIPlugin
2025-10-08 19:08:14,263 [INFO] IPUIPlugin:80 - create IPUIPlugin
2025-10-08 19:08:14,263 [INFO] IPUIPlugin:80 - create IPUIPlugin
2025-10-08 19:08:14,263 [INFO] IPUIPlugin:80 - create IPUIPlugin
2025-10-08 19:08:14,264 [INFO] IPUIPlugin:80 - create IPUIPlugin
2025-10-08 19:08:14,264 [INFO] IPUIPlugin:80 - create IPUIPlugin
2025-10-08 19:08:14,265 [INFO] IPUIPlugin:80 - create IPUIPlugin
2025-10-08 19:08:14,265 [INFO] IPUIPlugin:80 - create IPUIPlugin
2025-10-08 19:08:14,266 [INFO] IPUIPlugin:80 - create IPUIPlugin
2025-10-08 19:08:14,266 [INFO] IPUIPlugin:80 - create IPUIPlugin
2025-10-08 19:08:14,267 [INFO] IPUIPlugin:80 - create IPUIPlugin
2025-10-08 19:08:14,268 [INFO] IPUIPlugin:80 - create IPUIPlugin
2025-10-08 19:08:14,268 [INFO] IPUIPlugin:80 - create IPUIPlugin
2025-10-08 19:08:14,270 [INFO] IPUIPlugin:80 - create IPUIPlugin
2025-10-08 19:08:14,270 [INFO] IPUIPlugin:80 - create IPUIPlugin
2025-10-08 19:08:14,271 [INFO] IPUIPlugin:80 - create IPUIPlugin
2025-10-08 19:08:14,272 [INFO] IPUIPlugin:80 - create IPUIPlugin
2025-10-08 19:08:14,272 [INFO] IPUIPlugin:80 - create IPUIPlugin
2025-10-08 19:08:14,273 [INFO] IPUIPlugin:80 - create IPUIPlugin
2025-10-08 19:08:14,278 [INFO] ApiDbMcu:532 - Load IP Config File for PDM2PCM
2025-10-08 19:08:14,321 [INFO] CADModel:165 - CPN selected for project levelSTM32H753ZIT6
2025-10-08 19:08:14,321 [INFO] CADModel:114 - Register for checkConnection events
2025-10-08 19:08:14,324 [INFO] RtosManager:728 - Active RTOS found at IOC load: STMicroelectronics.X-CUBE-AZRTOS-H7.3.3.0 [Cortex-M7NS]
2025-10-08 19:08:14,395 [INFO] OpenFileManager:386 - Restore cursor
2025-10-08 19:08:14,673 [WARN] IP:2250 - TX_NO_TIMER not found: check if there is a RefParameter without a condition.
2025-10-08 19:08:14,673 [WARN] IP:2250 - TX_LOW_POWER_TICKLESS not found: check if there is a RefParameter without a condition.
2025-10-08 19:08:14,673 [WARN] IP:2250 - TX_LOW_POWER_USER_ENTER not found: check if there is a RefParameter without a condition.
2025-10-08 19:08:14,673 [WARN] IP:2250 - TX_LOW_POWER_USER_EXIT not found: check if there is a RefParameter without a condition.
2025-10-08 19:08:14,673 [WARN] IP:2250 - TX_LOW_POWER_USER_TIMER_ADJUST not found: check if there is a RefParameter without a condition.
2025-10-08 19:08:14,673 [WARN] IP:2250 - TX_LOW_POWER_TIMER_SETUP not found: check if there is a RefParameter without a condition.
2025-10-08 19:08:14,673 [WARN] IP:2250 - TX_BASEPRI_VALUE not found: check if there is a RefParameter without a condition.
2025-10-08 19:08:14,673 [WARN] IP:2250 - TX_APP_CREATION not found: check if there is a RefParameter without a condition.
2025-10-08 19:08:14,673 [WARN] IP:2250 - TX_APP_THREAD_ENTRY not found: check if there is a RefParameter without a condition.
2025-10-08 19:08:14,673 [WARN] IP:2250 - TX_APP_THREAD_NAME not found: check if there is a RefParameter without a condition.
2025-10-08 19:08:14,673 [WARN] IP:2250 - TX_APP_THREAD_PRIO not found: check if there is a RefParameter without a condition.
2025-10-08 19:08:14,673 [WARN] IP:2250 - TX_APP_STACK_SIZE not found: check if there is a RefParameter without a condition.
2025-10-08 19:08:14,673 [WARN] IP:2250 - TX_APP_SEM_CREATION not found: check if there is a RefParameter without a condition.
2025-10-08 19:08:14,673 [WARN] IP:2250 - TX_SEMAPHORE_NAME not found: check if there is a RefParameter without a condition.
2025-10-08 19:08:14,673 [WARN] IP:2250 - TX_SEMAPHORE_COUNT not found: check if there is a RefParameter without a condition.
2025-10-08 19:08:14,673 [WARN] IP:2250 - TX_APP_MUTEX_CREATION not found: check if there is a RefParameter without a condition.
2025-10-08 19:08:14,673 [WARN] IP:2250 - TX_MUTEX_NAME not found: check if there is a RefParameter without a condition.
2025-10-08 19:08:14,673 [WARN] IP:2250 - TX_Mutex_INHERITANCE not found: check if there is a RefParameter without a condition.
2025-10-08 19:08:14,673 [WARN] IP:2250 - TX_APP_MSG_QUEUE_CREATION not found: check if there is a RefParameter without a condition.
2025-10-08 19:08:14,674 [WARN] IP:2250 - TX_MSG_QUEUE_NAME not found: check if there is a RefParameter without a condition.
2025-10-08 19:08:14,674 [WARN] IP:2250 - TX_MSG_SIZE_WORDS not found: check if there is a RefParameter without a condition.
2025-10-08 19:08:14,674 [WARN] IP:2250 - TX_NB_MSG not found: check if there is a RefParameter without a condition.
2025-10-08 19:08:14,675 [WARN] IP:2250 - TX_NO_TIMER not found: check if there is a RefParameter without a condition.
2025-10-08 19:08:14,675 [WARN] IP:2250 - TX_LOW_POWER_TICKLESS not found: check if there is a RefParameter without a condition.
2025-10-08 19:08:14,675 [WARN] IP:2250 - TX_LOW_POWER_USER_ENTER not found: check if there is a RefParameter without a condition.
2025-10-08 19:08:14,675 [WARN] IP:2250 - TX_LOW_POWER_USER_EXIT not found: check if there is a RefParameter without a condition.
2025-10-08 19:08:14,675 [WARN] IP:2250 - TX_LOW_POWER_USER_TIMER_ADJUST not found: check if there is a RefParameter without a condition.
2025-10-08 19:08:14,675 [WARN] IP:2250 - TX_LOW_POWER_TIMER_SETUP not found: check if there is a RefParameter without a condition.
2025-10-08 19:08:14,675 [WARN] IP:2250 - TX_BASEPRI_VALUE not found: check if there is a RefParameter without a condition.
2025-10-08 19:08:14,675 [WARN] IP:2250 - TX_APP_CREATION not found: check if there is a RefParameter without a condition.
2025-10-08 19:08:14,675 [WARN] IP:2250 - TX_APP_THREAD_ENTRY not found: check if there is a RefParameter without a condition.
2025-10-08 19:08:14,675 [WARN] IP:2250 - TX_APP_THREAD_NAME not found: check if there is a RefParameter without a condition.
2025-10-08 19:08:14,675 [WARN] IP:2250 - TX_APP_THREAD_PRIO not found: check if there is a RefParameter without a condition.
2025-10-08 19:08:14,675 [WARN] IP:2250 - TX_APP_STACK_SIZE not found: check if there is a RefParameter without a condition.
2025-10-08 19:08:14,675 [WARN] IP:2250 - TX_APP_SEM_CREATION not found: check if there is a RefParameter without a condition.
2025-10-08 19:08:14,676 [WARN] IP:2250 - TX_SEMAPHORE_NAME not found: check if there is a RefParameter without a condition.
2025-10-08 19:08:14,676 [WARN] IP:2250 - TX_SEMAPHORE_COUNT not found: check if there is a RefParameter without a condition.
2025-10-08 19:08:14,676 [WARN] IP:2250 - TX_APP_MUTEX_CREATION not found: check if there is a RefParameter without a condition.
2025-10-08 19:08:14,676 [WARN] IP:2250 - TX_MUTEX_NAME not found: check if there is a RefParameter without a condition.
2025-10-08 19:08:14,676 [WARN] IP:2250 - TX_Mutex_INHERITANCE not found: check if there is a RefParameter without a condition.
2025-10-08 19:08:14,676 [WARN] IP:2250 - TX_APP_MSG_QUEUE_CREATION not found: check if there is a RefParameter without a condition.
2025-10-08 19:08:14,676 [WARN] IP:2250 - TX_MSG_QUEUE_NAME not found: check if there is a RefParameter without a condition.
2025-10-08 19:08:14,676 [WARN] IP:2250 - TX_MSG_SIZE_WORDS not found: check if there is a RefParameter without a condition.
2025-10-08 19:08:14,676 [WARN] IP:2250 - TX_NB_MSG not found: check if there is a RefParameter without a condition.
2025-10-08 19:08:32,122 [INFO] Gpio:278 - dependency for GPIO []
2025-10-08 19:09:11,443 [WARN] IP:2250 - TX_NO_TIMER not found: check if there is a RefParameter without a condition.
2025-10-08 19:09:11,444 [WARN] IP:2250 - TX_LOW_POWER_TICKLESS not found: check if there is a RefParameter without a condition.
2025-10-08 19:09:11,445 [WARN] IP:2250 - TX_LOW_POWER_USER_ENTER not found: check if there is a RefParameter without a condition.
2025-10-08 19:09:11,445 [WARN] IP:2250 - TX_LOW_POWER_USER_EXIT not found: check if there is a RefParameter without a condition.
2025-10-08 19:09:11,445 [WARN] IP:2250 - TX_LOW_POWER_USER_TIMER_ADJUST not found: check if there is a RefParameter without a condition.
2025-10-08 19:09:11,446 [WARN] IP:2250 - TX_LOW_POWER_TIMER_SETUP not found: check if there is a RefParameter without a condition.
2025-10-08 19:09:11,447 [WARN] IP:2250 - TX_BASEPRI_VALUE not found: check if there is a RefParameter without a condition.
2025-10-08 19:09:11,447 [WARN] IP:2250 - TX_APP_CREATION not found: check if there is a RefParameter without a condition.
2025-10-08 19:09:11,447 [WARN] IP:2250 - TX_APP_THREAD_ENTRY not found: check if there is a RefParameter without a condition.
2025-10-08 19:09:11,448 [WARN] IP:2250 - TX_APP_THREAD_NAME not found: check if there is a RefParameter without a condition.
2025-10-08 19:09:11,448 [WARN] IP:2250 - TX_APP_THREAD_PRIO not found: check if there is a RefParameter without a condition.
2025-10-08 19:09:11,448 [WARN] IP:2250 - TX_APP_STACK_SIZE not found: check if there is a RefParameter without a condition.
2025-10-08 19:09:11,448 [WARN] IP:2250 - TX_APP_SEM_CREATION not found: check if there is a RefParameter without a condition.
2025-10-08 19:09:11,448 [WARN] IP:2250 - TX_SEMAPHORE_NAME not found: check if there is a RefParameter without a condition.
2025-10-08 19:09:11,449 [WARN] IP:2250 - TX_SEMAPHORE_COUNT not found: check if there is a RefParameter without a condition.
2025-10-08 19:09:11,449 [WARN] IP:2250 - TX_APP_MUTEX_CREATION not found: check if there is a RefParameter without a condition.
2025-10-08 19:09:11,449 [WARN] IP:2250 - TX_MUTEX_NAME not found: check if there is a RefParameter without a condition.
2025-10-08 19:09:11,449 [WARN] IP:2250 - TX_Mutex_INHERITANCE not found: check if there is a RefParameter without a condition.
2025-10-08 19:09:11,449 [WARN] IP:2250 - TX_APP_MSG_QUEUE_CREATION not found: check if there is a RefParameter without a condition.
2025-10-08 19:09:11,450 [WARN] IP:2250 - TX_MSG_QUEUE_NAME not found: check if there is a RefParameter without a condition.
2025-10-08 19:09:11,450 [WARN] IP:2250 - TX_MSG_SIZE_WORDS not found: check if there is a RefParameter without a condition.
2025-10-08 19:09:11,450 [WARN] IP:2250 - TX_NB_MSG not found: check if there is a RefParameter without a condition.
2025-10-08 19:09:11,452 [WARN] IP:2250 - TX_NO_TIMER not found: check if there is a RefParameter without a condition.
2025-10-08 19:09:11,453 [WARN] IP:2250 - TX_LOW_POWER_TICKLESS not found: check if there is a RefParameter without a condition.
2025-10-08 19:09:11,453 [WARN] IP:2250 - TX_LOW_POWER_USER_ENTER not found: check if there is a RefParameter without a condition.
2025-10-08 19:09:11,453 [WARN] IP:2250 - TX_LOW_POWER_USER_EXIT not found: check if there is a RefParameter without a condition.
2025-10-08 19:09:11,453 [WARN] IP:2250 - TX_LOW_POWER_USER_TIMER_ADJUST not found: check if there is a RefParameter without a condition.
2025-10-08 19:09:11,453 [WARN] IP:2250 - TX_LOW_POWER_TIMER_SETUP not found: check if there is a RefParameter without a condition.
2025-10-08 19:09:11,454 [WARN] IP:2250 - TX_BASEPRI_VALUE not found: check if there is a RefParameter without a condition.
2025-10-08 19:09:11,454 [WARN] IP:2250 - TX_APP_CREATION not found: check if there is a RefParameter without a condition.
2025-10-08 19:09:11,454 [WARN] IP:2250 - TX_APP_THREAD_ENTRY not found: check if there is a RefParameter without a condition.
2025-10-08 19:09:11,454 [WARN] IP:2250 - TX_APP_THREAD_NAME not found: check if there is a RefParameter without a condition.
2025-10-08 19:09:11,455 [WARN] IP:2250 - TX_APP_THREAD_PRIO not found: check if there is a RefParameter without a condition.
2025-10-08 19:09:11,455 [WARN] IP:2250 - TX_APP_STACK_SIZE not found: check if there is a RefParameter without a condition.
2025-10-08 19:09:11,455 [WARN] IP:2250 - TX_APP_SEM_CREATION not found: check if there is a RefParameter without a condition.
2025-10-08 19:09:11,455 [WARN] IP:2250 - TX_SEMAPHORE_NAME not found: check if there is a RefParameter without a condition.
2025-10-08 19:09:11,456 [WARN] IP:2250 - TX_SEMAPHORE_COUNT not found: check if there is a RefParameter without a condition.
2025-10-08 19:09:11,456 [WARN] IP:2250 - TX_APP_MUTEX_CREATION not found: check if there is a RefParameter without a condition.
2025-10-08 19:09:11,456 [WARN] IP:2250 - TX_MUTEX_NAME not found: check if there is a RefParameter without a condition.
2025-10-08 19:09:11,456 [WARN] IP:2250 - TX_Mutex_INHERITANCE not found: check if there is a RefParameter without a condition.
2025-10-08 19:09:11,456 [WARN] IP:2250 - TX_APP_MSG_QUEUE_CREATION not found: check if there is a RefParameter without a condition.
2025-10-08 19:09:11,457 [WARN] IP:2250 - TX_MSG_QUEUE_NAME not found: check if there is a RefParameter without a condition.
2025-10-08 19:09:11,457 [WARN] IP:2250 - TX_MSG_SIZE_WORDS not found: check if there is a RefParameter without a condition.
2025-10-08 19:09:11,457 [WARN] IP:2250 - TX_NB_MSG not found: check if there is a RefParameter without a condition.
2025-10-08 19:09:11,626 [WARN] IP:2250 - TX_NO_TIMER not found: check if there is a RefParameter without a condition.
2025-10-08 19:09:11,628 [WARN] IP:2250 - TX_LOW_POWER_TICKLESS not found: check if there is a RefParameter without a condition.
2025-10-08 19:09:11,628 [WARN] IP:2250 - TX_LOW_POWER_USER_ENTER not found: check if there is a RefParameter without a condition.
2025-10-08 19:09:11,628 [WARN] IP:2250 - TX_LOW_POWER_USER_EXIT not found: check if there is a RefParameter without a condition.
2025-10-08 19:09:11,628 [WARN] IP:2250 - TX_LOW_POWER_USER_TIMER_ADJUST not found: check if there is a RefParameter without a condition.
2025-10-08 19:09:11,629 [WARN] IP:2250 - TX_LOW_POWER_TIMER_SETUP not found: check if there is a RefParameter without a condition.
2025-10-08 19:09:11,629 [WARN] IP:2250 - TX_BASEPRI_VALUE not found: check if there is a RefParameter without a condition.
2025-10-08 19:09:11,630 [WARN] IP:2250 - TX_APP_CREATION not found: check if there is a RefParameter without a condition.
2025-10-08 19:09:11,630 [WARN] IP:2250 - TX_APP_THREAD_ENTRY not found: check if there is a RefParameter without a condition.
2025-10-08 19:09:11,630 [WARN] IP:2250 - TX_APP_THREAD_NAME not found: check if there is a RefParameter without a condition.
2025-10-08 19:09:11,630 [WARN] IP:2250 - TX_APP_THREAD_PRIO not found: check if there is a RefParameter without a condition.
2025-10-08 19:09:11,630 [WARN] IP:2250 - TX_APP_STACK_SIZE not found: check if there is a RefParameter without a condition.
2025-10-08 19:09:11,630 [WARN] IP:2250 - TX_APP_SEM_CREATION not found: check if there is a RefParameter without a condition.
2025-10-08 19:09:11,630 [WARN] IP:2250 - TX_SEMAPHORE_NAME not found: check if there is a RefParameter without a condition.
2025-10-08 19:09:11,630 [WARN] IP:2250 - TX_SEMAPHORE_COUNT not found: check if there is a RefParameter without a condition.
2025-10-08 19:09:11,630 [WARN] IP:2250 - TX_APP_MUTEX_CREATION not found: check if there is a RefParameter without a condition.
2025-10-08 19:09:11,631 [WARN] IP:2250 - TX_MUTEX_NAME not found: check if there is a RefParameter without a condition.
2025-10-08 19:09:11,631 [WARN] IP:2250 - TX_Mutex_INHERITANCE not found: check if there is a RefParameter without a condition.
2025-10-08 19:09:11,631 [WARN] IP:2250 - TX_APP_MSG_QUEUE_CREATION not found: check if there is a RefParameter without a condition.
2025-10-08 19:09:11,631 [WARN] IP:2250 - TX_MSG_QUEUE_NAME not found: check if there is a RefParameter without a condition.
2025-10-08 19:09:11,631 [WARN] IP:2250 - TX_MSG_SIZE_WORDS not found: check if there is a RefParameter without a condition.
2025-10-08 19:09:11,631 [WARN] IP:2250 - TX_NB_MSG not found: check if there is a RefParameter without a condition.
2025-10-08 19:09:11,754 [WARN] IP:2250 - TX_NO_TIMER not found: check if there is a RefParameter without a condition.
2025-10-08 19:09:11,755 [WARN] IP:2250 - TX_LOW_POWER_TICKLESS not found: check if there is a RefParameter without a condition.
2025-10-08 19:09:11,755 [WARN] IP:2250 - TX_LOW_POWER_USER_ENTER not found: check if there is a RefParameter without a condition.
2025-10-08 19:09:11,755 [WARN] IP:2250 - TX_LOW_POWER_USER_EXIT not found: check if there is a RefParameter without a condition.
2025-10-08 19:09:11,755 [WARN] IP:2250 - TX_LOW_POWER_USER_TIMER_ADJUST not found: check if there is a RefParameter without a condition.
2025-10-08 19:09:11,755 [WARN] IP:2250 - TX_LOW_POWER_TIMER_SETUP not found: check if there is a RefParameter without a condition.
2025-10-08 19:09:11,755 [WARN] IP:2250 - TX_BASEPRI_VALUE not found: check if there is a RefParameter without a condition.
2025-10-08 19:09:11,755 [WARN] IP:2250 - TX_APP_CREATION not found: check if there is a RefParameter without a condition.
2025-10-08 19:09:11,755 [WARN] IP:2250 - TX_APP_THREAD_ENTRY not found: check if there is a RefParameter without a condition.
2025-10-08 19:09:11,756 [WARN] IP:2250 - TX_APP_THREAD_NAME not found: check if there is a RefParameter without a condition.
2025-10-08 19:09:11,756 [WARN] IP:2250 - TX_APP_THREAD_PRIO not found: check if there is a RefParameter without a condition.
2025-10-08 19:09:11,756 [WARN] IP:2250 - TX_APP_STACK_SIZE not found: check if there is a RefParameter without a condition.
2025-10-08 19:09:11,756 [WARN] IP:2250 - TX_APP_SEM_CREATION not found: check if there is a RefParameter without a condition.
2025-10-08 19:09:11,756 [WARN] IP:2250 - TX_SEMAPHORE_NAME not found: check if there is a RefParameter without a condition.
2025-10-08 19:09:11,756 [WARN] IP:2250 - TX_SEMAPHORE_COUNT not found: check if there is a RefParameter without a condition.
2025-10-08 19:09:11,756 [WARN] IP:2250 - TX_APP_MUTEX_CREATION not found: check if there is a RefParameter without a condition.
2025-10-08 19:09:11,756 [WARN] IP:2250 - TX_MUTEX_NAME not found: check if there is a RefParameter without a condition.
2025-10-08 19:09:11,756 [WARN] IP:2250 - TX_Mutex_INHERITANCE not found: check if there is a RefParameter without a condition.
2025-10-08 19:09:11,756 [WARN] IP:2250 - TX_APP_MSG_QUEUE_CREATION not found: check if there is a RefParameter without a condition.
2025-10-08 19:09:11,757 [WARN] IP:2250 - TX_MSG_QUEUE_NAME not found: check if there is a RefParameter without a condition.
2025-10-08 19:09:11,757 [WARN] IP:2250 - TX_MSG_SIZE_WORDS not found: check if there is a RefParameter without a condition.
2025-10-08 19:09:11,757 [WARN] IP:2250 - TX_NB_MSG not found: check if there is a RefParameter without a condition.
2025-10-08 19:09:11,867 [INFO] Gpio:278 - dependency for GPIO []
2025-10-08 19:09:11,957 [INFO] NvicIntPanel:101 - NVIC parent = com.st.microxplorer.plugins.ip.nvic.MultiNvicIntPanel[,0,0,0x0,invalid,layout=javax.swing.BoxLayout,alignmentX=0.0,alignmentY=0.0,border=,flags=9,maximumSize=,minimumSize=,preferredSize=]
2025-10-08 19:09:23,142 [WARN] IP:2250 - TX_NO_TIMER not found: check if there is a RefParameter without a condition.
2025-10-08 19:09:23,143 [WARN] IP:2250 - TX_LOW_POWER_TICKLESS not found: check if there is a RefParameter without a condition.
2025-10-08 19:09:23,143 [WARN] IP:2250 - TX_LOW_POWER_USER_ENTER not found: check if there is a RefParameter without a condition.
2025-10-08 19:09:23,143 [WARN] IP:2250 - TX_LOW_POWER_USER_EXIT not found: check if there is a RefParameter without a condition.
2025-10-08 19:09:23,143 [WARN] IP:2250 - TX_LOW_POWER_USER_TIMER_ADJUST not found: check if there is a RefParameter without a condition.
2025-10-08 19:09:23,143 [WARN] IP:2250 - TX_LOW_POWER_TIMER_SETUP not found: check if there is a RefParameter without a condition.
2025-10-08 19:09:23,143 [WARN] IP:2250 - TX_BASEPRI_VALUE not found: check if there is a RefParameter without a condition.
2025-10-08 19:09:23,143 [WARN] IP:2250 - TX_APP_CREATION not found: check if there is a RefParameter without a condition.
2025-10-08 19:09:23,143 [WARN] IP:2250 - TX_APP_THREAD_ENTRY not found: check if there is a RefParameter without a condition.
2025-10-08 19:09:23,144 [WARN] IP:2250 - TX_APP_THREAD_NAME not found: check if there is a RefParameter without a condition.
2025-10-08 19:09:23,144 [WARN] IP:2250 - TX_APP_THREAD_PRIO not found: check if there is a RefParameter without a condition.
2025-10-08 19:09:23,144 [WARN] IP:2250 - TX_APP_STACK_SIZE not found: check if there is a RefParameter without a condition.
2025-10-08 19:09:23,144 [WARN] IP:2250 - TX_APP_SEM_CREATION not found: check if there is a RefParameter without a condition.
2025-10-08 19:09:23,144 [WARN] IP:2250 - TX_SEMAPHORE_NAME not found: check if there is a RefParameter without a condition.
2025-10-08 19:09:23,144 [WARN] IP:2250 - TX_SEMAPHORE_COUNT not found: check if there is a RefParameter without a condition.
2025-10-08 19:09:23,144 [WARN] IP:2250 - TX_APP_MUTEX_CREATION not found: check if there is a RefParameter without a condition.
2025-10-08 19:09:23,144 [WARN] IP:2250 - TX_MUTEX_NAME not found: check if there is a RefParameter without a condition.
2025-10-08 19:09:23,144 [WARN] IP:2250 - TX_Mutex_INHERITANCE not found: check if there is a RefParameter without a condition.
2025-10-08 19:09:23,145 [WARN] IP:2250 - TX_APP_MSG_QUEUE_CREATION not found: check if there is a RefParameter without a condition.
2025-10-08 19:09:23,145 [WARN] IP:2250 - TX_MSG_QUEUE_NAME not found: check if there is a RefParameter without a condition.
2025-10-08 19:09:23,145 [WARN] IP:2250 - TX_MSG_SIZE_WORDS not found: check if there is a RefParameter without a condition.
2025-10-08 19:09:23,145 [WARN] IP:2250 - TX_NB_MSG not found: check if there is a RefParameter without a condition.
2025-10-08 19:09:23,148 [WARN] IP:2250 - TX_NO_TIMER not found: check if there is a RefParameter without a condition.
2025-10-08 19:09:23,149 [WARN] IP:2250 - TX_LOW_POWER_TICKLESS not found: check if there is a RefParameter without a condition.
2025-10-08 19:09:23,149 [WARN] IP:2250 - TX_LOW_POWER_USER_ENTER not found: check if there is a RefParameter without a condition.
2025-10-08 19:09:23,149 [WARN] IP:2250 - TX_LOW_POWER_USER_EXIT not found: check if there is a RefParameter without a condition.
2025-10-08 19:09:23,149 [WARN] IP:2250 - TX_LOW_POWER_USER_TIMER_ADJUST not found: check if there is a RefParameter without a condition.
2025-10-08 19:09:23,150 [WARN] IP:2250 - TX_LOW_POWER_TIMER_SETUP not found: check if there is a RefParameter without a condition.
2025-10-08 19:09:23,150 [WARN] IP:2250 - TX_BASEPRI_VALUE not found: check if there is a RefParameter without a condition.
2025-10-08 19:09:23,150 [WARN] IP:2250 - TX_APP_CREATION not found: check if there is a RefParameter without a condition.
2025-10-08 19:09:23,150 [WARN] IP:2250 - TX_APP_THREAD_ENTRY not found: check if there is a RefParameter without a condition.
2025-10-08 19:09:23,150 [WARN] IP:2250 - TX_APP_THREAD_NAME not found: check if there is a RefParameter without a condition.
2025-10-08 19:09:23,150 [WARN] IP:2250 - TX_APP_THREAD_PRIO not found: check if there is a RefParameter without a condition.
2025-10-08 19:09:23,151 [WARN] IP:2250 - TX_APP_STACK_SIZE not found: check if there is a RefParameter without a condition.
2025-10-08 19:09:23,151 [WARN] IP:2250 - TX_APP_SEM_CREATION not found: check if there is a RefParameter without a condition.
2025-10-08 19:09:23,151 [WARN] IP:2250 - TX_SEMAPHORE_NAME not found: check if there is a RefParameter without a condition.
2025-10-08 19:09:23,151 [WARN] IP:2250 - TX_SEMAPHORE_COUNT not found: check if there is a RefParameter without a condition.
2025-10-08 19:09:23,151 [WARN] IP:2250 - TX_APP_MUTEX_CREATION not found: check if there is a RefParameter without a condition.
2025-10-08 19:09:23,151 [WARN] IP:2250 - TX_MUTEX_NAME not found: check if there is a RefParameter without a condition.
2025-10-08 19:09:23,152 [WARN] IP:2250 - TX_Mutex_INHERITANCE not found: check if there is a RefParameter without a condition.
2025-10-08 19:09:23,152 [WARN] IP:2250 - TX_APP_MSG_QUEUE_CREATION not found: check if there is a RefParameter without a condition.
2025-10-08 19:09:23,152 [WARN] IP:2250 - TX_MSG_QUEUE_NAME not found: check if there is a RefParameter without a condition.
2025-10-08 19:09:23,152 [WARN] IP:2250 - TX_MSG_SIZE_WORDS not found: check if there is a RefParameter without a condition.
2025-10-08 19:09:23,152 [WARN] IP:2250 - TX_NB_MSG not found: check if there is a RefParameter without a condition.
2025-10-08 19:09:23,322 [WARN] IP:2250 - TX_NO_TIMER not found: check if there is a RefParameter without a condition.
2025-10-08 19:09:23,323 [WARN] IP:2250 - TX_LOW_POWER_TICKLESS not found: check if there is a RefParameter without a condition.
2025-10-08 19:09:23,323 [WARN] IP:2250 - TX_LOW_POWER_USER_ENTER not found: check if there is a RefParameter without a condition.
2025-10-08 19:09:23,323 [WARN] IP:2250 - TX_LOW_POWER_USER_EXIT not found: check if there is a RefParameter without a condition.
2025-10-08 19:09:23,323 [WARN] IP:2250 - TX_LOW_POWER_USER_TIMER_ADJUST not found: check if there is a RefParameter without a condition.
2025-10-08 19:09:23,323 [WARN] IP:2250 - TX_LOW_POWER_TIMER_SETUP not found: check if there is a RefParameter without a condition.
2025-10-08 19:09:23,323 [WARN] IP:2250 - TX_BASEPRI_VALUE not found: check if there is a RefParameter without a condition.
2025-10-08 19:09:23,323 [WARN] IP:2250 - TX_APP_CREATION not found: check if there is a RefParameter without a condition.
2025-10-08 19:09:23,323 [WARN] IP:2250 - TX_APP_THREAD_ENTRY not found: check if there is a RefParameter without a condition.
2025-10-08 19:09:23,323 [WARN] IP:2250 - TX_APP_THREAD_NAME not found: check if there is a RefParameter without a condition.
2025-10-08 19:09:23,323 [WARN] IP:2250 - TX_APP_THREAD_PRIO not found: check if there is a RefParameter without a condition.
2025-10-08 19:09:23,323 [WARN] IP:2250 - TX_APP_STACK_SIZE not found: check if there is a RefParameter without a condition.
2025-10-08 19:09:23,324 [WARN] IP:2250 - TX_APP_SEM_CREATION not found: check if there is a RefParameter without a condition.
2025-10-08 19:09:23,324 [WARN] IP:2250 - TX_SEMAPHORE_NAME not found: check if there is a RefParameter without a condition.
2025-10-08 19:09:23,324 [WARN] IP:2250 - TX_SEMAPHORE_COUNT not found: check if there is a RefParameter without a condition.
2025-10-08 19:09:23,324 [WARN] IP:2250 - TX_APP_MUTEX_CREATION not found: check if there is a RefParameter without a condition.
2025-10-08 19:09:23,324 [WARN] IP:2250 - TX_MUTEX_NAME not found: check if there is a RefParameter without a condition.
2025-10-08 19:09:23,324 [WARN] IP:2250 - TX_Mutex_INHERITANCE not found: check if there is a RefParameter without a condition.
2025-10-08 19:09:23,324 [WARN] IP:2250 - TX_APP_MSG_QUEUE_CREATION not found: check if there is a RefParameter without a condition.
2025-10-08 19:09:23,324 [WARN] IP:2250 - TX_MSG_QUEUE_NAME not found: check if there is a RefParameter without a condition.
2025-10-08 19:09:23,324 [WARN] IP:2250 - TX_MSG_SIZE_WORDS not found: check if there is a RefParameter without a condition.
2025-10-08 19:09:23,324 [WARN] IP:2250 - TX_NB_MSG not found: check if there is a RefParameter without a condition.
2025-10-08 19:09:23,454 [WARN] IP:2250 - TX_NO_TIMER not found: check if there is a RefParameter without a condition.
2025-10-08 19:09:23,455 [WARN] IP:2250 - TX_LOW_POWER_TICKLESS not found: check if there is a RefParameter without a condition.
2025-10-08 19:09:23,455 [WARN] IP:2250 - TX_LOW_POWER_USER_ENTER not found: check if there is a RefParameter without a condition.
2025-10-08 19:09:23,456 [WARN] IP:2250 - TX_LOW_POWER_USER_EXIT not found: check if there is a RefParameter without a condition.
2025-10-08 19:09:23,456 [WARN] IP:2250 - TX_LOW_POWER_USER_TIMER_ADJUST not found: check if there is a RefParameter without a condition.
2025-10-08 19:09:23,456 [WARN] IP:2250 - TX_LOW_POWER_TIMER_SETUP not found: check if there is a RefParameter without a condition.
2025-10-08 19:09:23,456 [WARN] IP:2250 - TX_BASEPRI_VALUE not found: check if there is a RefParameter without a condition.
2025-10-08 19:09:23,457 [WARN] IP:2250 - TX_APP_CREATION not found: check if there is a RefParameter without a condition.
2025-10-08 19:09:23,457 [WARN] IP:2250 - TX_APP_THREAD_ENTRY not found: check if there is a RefParameter without a condition.
2025-10-08 19:09:23,457 [WARN] IP:2250 - TX_APP_THREAD_NAME not found: check if there is a RefParameter without a condition.
2025-10-08 19:09:23,457 [WARN] IP:2250 - TX_APP_THREAD_PRIO not found: check if there is a RefParameter without a condition.
2025-10-08 19:09:23,457 [WARN] IP:2250 - TX_APP_STACK_SIZE not found: check if there is a RefParameter without a condition.
2025-10-08 19:09:23,457 [WARN] IP:2250 - TX_APP_SEM_CREATION not found: check if there is a RefParameter without a condition.
2025-10-08 19:09:23,458 [WARN] IP:2250 - TX_SEMAPHORE_NAME not found: check if there is a RefParameter without a condition.
2025-10-08 19:09:23,458 [WARN] IP:2250 - TX_SEMAPHORE_COUNT not found: check if there is a RefParameter without a condition.
2025-10-08 19:09:23,458 [WARN] IP:2250 - TX_APP_MUTEX_CREATION not found: check if there is a RefParameter without a condition.
2025-10-08 19:09:23,458 [WARN] IP:2250 - TX_MUTEX_NAME not found: check if there is a RefParameter without a condition.
2025-10-08 19:09:23,458 [WARN] IP:2250 - TX_Mutex_INHERITANCE not found: check if there is a RefParameter without a condition.
2025-10-08 19:09:23,458 [WARN] IP:2250 - TX_APP_MSG_QUEUE_CREATION not found: check if there is a RefParameter without a condition.
2025-10-08 19:09:23,458 [WARN] IP:2250 - TX_MSG_QUEUE_NAME not found: check if there is a RefParameter without a condition.
2025-10-08 19:09:23,459 [WARN] IP:2250 - TX_MSG_SIZE_WORDS not found: check if there is a RefParameter without a condition.
2025-10-08 19:09:23,459 [WARN] IP:2250 - TX_NB_MSG not found: check if there is a RefParameter without a condition.
2025-10-08 19:09:23,590 [INFO] Gpio:278 - dependency for GPIO []
2025-10-08 19:09:23,665 [INFO] NvicIntPanel:101 - NVIC parent = com.st.microxplorer.plugins.ip.nvic.MultiNvicIntPanel[,0,0,0x0,invalid,layout=javax.swing.BoxLayout,alignmentX=0.0,alignmentY=0.0,border=,flags=9,maximumSize=,minimumSize=,preferredSize=]
2025-10-08 19:09:33,823 [INFO] WebApp:194 - Connection lost
2025-10-08 19:09:34,090 [INFO] WebApp:191 - Connection restablished
2025-10-08 19:09:40,577 [ERROR] LogOutputStream:75 - [STDERR_REDIRECT] Exception in thread "AWT-EventQueue-0" java.lang.NullPointerException: Cannot invoke "com.st.microxplorer.mcu.Pin.isPinLabelSettable()" because "pin" is null
2025-10-08 19:09:40,579 [ERROR] LogOutputStream:75 - [STDERR_REDIRECT] 	at com.st.microxplorer.plugins.ip.gpio.gui.ParamContainer.isLabelEditable(ParamContainer.java:260)
2025-10-08 19:09:40,581 [ERROR] LogOutputStream:75 - [STDERR_REDIRECT] 	at com.st.microxplorer.plugins.ip.gpio.gui.ParamContainer.createPanel(ParamContainer.java:121)
2025-10-08 19:09:40,583 [ERROR] LogOutputStream:75 - [STDERR_REDIRECT] 	at com.st.microxplorer.plugins.ip.gpio.gui.ParamContainer.update(ParamContainer.java:174)
2025-10-08 19:09:40,585 [ERROR] LogOutputStream:75 - [STDERR_REDIRECT] 	at com.st.microxplorer.plugins.ip.gpio.gui.GpioTablePanel.propertyChange(GpioTablePanel.java:485)
2025-10-08 19:09:40,587 [ERROR] LogOutputStream:75 - [STDERR_REDIRECT] 	at java.desktop/java.beans.PropertyChangeSupport.fire(PropertyChangeSupport.java:343)
2025-10-08 19:09:40,589 [ERROR] LogOutputStream:75 - [STDERR_REDIRECT] 	at java.desktop/java.beans.PropertyChangeSupport.firePropertyChange(PropertyChangeSupport.java:335)
2025-10-08 19:09:40,591 [ERROR] LogOutputStream:75 - [STDERR_REDIRECT] 	at com.st.microxplorer.mxsystem.MxSystem.propertyChange(MxSystem.java:473)
2025-10-08 19:09:40,592 [ERROR] LogOutputStream:75 - [STDERR_REDIRECT] 	at java.desktop/java.beans.PropertyChangeSupport.fire(PropertyChangeSupport.java:343)
2025-10-08 19:09:40,594 [ERROR] LogOutputStream:75 - [STDERR_REDIRECT] 	at java.desktop/java.beans.PropertyChangeSupport.firePropertyChange(PropertyChangeSupport.java:335)
2025-10-08 19:09:40,596 [ERROR] LogOutputStream:75 - [STDERR_REDIRECT] 	at java.desktop/java.beans.PropertyChangeSupport.firePropertyChange(PropertyChangeSupport.java:268)
2025-10-08 19:09:40,597 [ERROR] LogOutputStream:75 - [STDERR_REDIRECT] 	at com.st.microxplorer.util.MXPropertyChangeSupport.firePropertyChange(MXPropertyChangeSupport.java:54)
2025-10-08 19:09:40,598 [ERROR] LogOutputStream:75 - [STDERR_REDIRECT] 	at com.st.microxplorer.mcu.Mcu.propertyChange(Mcu.java:1811)
2025-10-08 19:09:40,601 [ERROR] LogOutputStream:75 - [STDERR_REDIRECT] 	at java.desktop/java.beans.PropertyChangeSupport.fire(PropertyChangeSupport.java:343)
2025-10-08 19:09:40,602 [ERROR] LogOutputStream:75 - [STDERR_REDIRECT] 	at java.desktop/java.beans.PropertyChangeSupport.firePropertyChange(PropertyChangeSupport.java:335)
2025-10-08 19:09:40,604 [ERROR] LogOutputStream:75 - [STDERR_REDIRECT] 	at java.desktop/java.beans.PropertyChangeSupport.firePropertyChange(PropertyChangeSupport.java:268)
2025-10-08 19:09:40,605 [ERROR] LogOutputStream:75 - [STDERR_REDIRECT] 	at com.st.microxplorer.util.MXPropertyChangeSupport.firePropertyChange(MXPropertyChangeSupport.java:54)
2025-10-08 19:09:40,605 [ERROR] LogOutputStream:75 - [STDERR_REDIRECT] 	at com.st.microxplorer.mcu.Pin.setPinLabel(Pin.java:2337)
2025-10-08 19:09:40,606 [ERROR] LogOutputStream:75 - [STDERR_REDIRECT] 	at com.st.microxplorer.mcu.Pin.setGPIOParameterValue(Pin.java:2249)
2025-10-08 19:09:40,607 [ERROR] LogOutputStream:75 - [STDERR_REDIRECT] 	at com.st.microxplorer.plugins.ip.gpio.gui.TextFieldParameterUI.updateParameterValue(ParameterUI.java:338)
2025-10-08 19:09:40,608 [ERROR] LogOutputStream:75 - [STDERR_REDIRECT] 	at com.st.microxplorer.plugins.ip.gpio.gui.TextFieldParameterUI$1.insertUpdate(ParameterUI.java:268)
2025-10-08 19:09:40,609 [ERROR] LogOutputStream:75 - [STDERR_REDIRECT] 	at java.desktop/javax.swing.text.AbstractDocument.fireInsertUpdate(AbstractDocument.java:227)
2025-10-08 19:09:40,610 [ERROR] LogOutputStream:75 - [STDERR_REDIRECT] 	at java.desktop/javax.swing.text.AbstractDocument.handleInsertString(AbstractDocument.java:781)
2025-10-08 19:09:40,612 [ERROR] LogOutputStream:75 - [STDERR_REDIRECT] 	at java.desktop/javax.swing.text.AbstractDocument.insertString(AbstractDocument.java:740)
2025-10-08 19:09:40,613 [ERROR] LogOutputStream:75 - [STDERR_REDIRECT] 	at java.desktop/javax.swing.text.PlainDocument.insertString(PlainDocument.java:131)
2025-10-08 19:09:40,614 [ERROR] LogOutputStream:75 - [STDERR_REDIRECT] 	at java.desktop/javax.swing.text.AbstractDocument.replace(AbstractDocument.java:699)
2025-10-08 19:09:40,616 [ERROR] LogOutputStream:75 - [STDERR_REDIRECT] 	at java.desktop/javax.swing.text.JTextComponent.replaceSelection(JTextComponent.java:1335)
2025-10-08 19:09:40,618 [ERROR] LogOutputStream:75 - [STDERR_REDIRECT] 	at java.desktop/javax.swing.text.DefaultEditorKit$DefaultKeyTypedAction.actionPerformed(DefaultEditorKit.java:906)
2025-10-08 19:09:40,619 [ERROR] LogOutputStream:75 - [STDERR_REDIRECT] 	at java.desktop/javax.swing.SwingUtilities.notifyAction(SwingUtilities.java:1810)
2025-10-08 19:09:40,620 [ERROR] LogOutputStream:75 - [STDERR_REDIRECT] 	at java.desktop/javax.swing.JComponent.processKeyBinding(JComponent.java:2956)
2025-10-08 19:09:40,621 [ERROR] LogOutputStream:75 - [STDERR_REDIRECT] 	at java.desktop/javax.swing.JComponent.processKeyBindings(JComponent.java:3004)
2025-10-08 19:09:40,622 [ERROR] LogOutputStream:75 - [STDERR_REDIRECT] 	at java.desktop/javax.swing.JComponent.processKeyEvent(JComponent.java:2918)
2025-10-08 19:09:40,623 [ERROR] LogOutputStream:75 - [STDERR_REDIRECT] 	at java.desktop/java.awt.Component.processEvent(Component.java:6398)
2025-10-08 19:09:40,623 [ERROR] LogOutputStream:75 - [STDERR_REDIRECT] 	at java.desktop/java.awt.Container.processEvent(Container.java:2266)
2025-10-08 19:09:40,624 [ERROR] LogOutputStream:75 - [STDERR_REDIRECT] 	at java.desktop/java.awt.Component.dispatchEventImpl(Component.java:4996)
2025-10-08 19:09:40,625 [ERROR] LogOutputStream:75 - [STDERR_REDIRECT] 	at java.desktop/java.awt.Container.dispatchEventImpl(Container.java:2324)
2025-10-08 19:09:40,626 [ERROR] LogOutputStream:75 - [STDERR_REDIRECT] 	at java.desktop/java.awt.Component.dispatchEvent(Component.java:4828)
2025-10-08 19:09:40,627 [ERROR] LogOutputStream:75 - [STDERR_REDIRECT] 	at java.desktop/java.awt.KeyboardFocusManager.redispatchEvent(KeyboardFocusManager.java:1952)
2025-10-08 19:09:40,629 [ERROR] LogOutputStream:75 - [STDERR_REDIRECT] 	at java.desktop/java.awt.DefaultKeyboardFocusManager.dispatchKeyEvent(DefaultKeyboardFocusManager.java:883)
2025-10-08 19:09:40,630 [ERROR] LogOutputStream:75 - [STDERR_REDIRECT] 	at java.desktop/java.awt.DefaultKeyboardFocusManager.preDispatchKeyEvent(DefaultKeyboardFocusManager.java:1146)
2025-10-08 19:09:40,631 [ERROR] LogOutputStream:75 - [STDERR_REDIRECT] 	at java.desktop/java.awt.DefaultKeyboardFocusManager.typeAheadAssertions(DefaultKeyboardFocusManager.java:1020)
2025-10-08 19:09:40,632 [ERROR] LogOutputStream:75 - [STDERR_REDIRECT] 	at java.desktop/java.awt.DefaultKeyboardFocusManager.dispatchEvent(DefaultKeyboardFocusManager.java:848)
2025-10-08 19:09:40,634 [ERROR] LogOutputStream:75 - [STDERR_REDIRECT] 	at java.desktop/java.awt.Component.dispatchEventImpl(Component.java:4877)
2025-10-08 19:09:40,635 [ERROR] LogOutputStream:75 - [STDERR_REDIRECT] 	at java.desktop/java.awt.Container.dispatchEventImpl(Container.java:2324)
2025-10-08 19:09:40,636 [ERROR] LogOutputStream:75 - [STDERR_REDIRECT] 	at java.desktop/java.awt.Component.dispatchEvent(Component.java:4828)
2025-10-08 19:09:40,637 [ERROR] LogOutputStream:75 - [STDERR_REDIRECT] 	at java.desktop/java.awt.EventQueue.dispatchEventImpl(EventQueue.java:775)
2025-10-08 19:09:40,637 [ERROR] LogOutputStream:75 - [STDERR_REDIRECT] 	at java.desktop/java.awt.EventQueue$4.run(EventQueue.java:720)
2025-10-08 19:09:40,638 [ERROR] LogOutputStream:75 - [STDERR_REDIRECT] 	at java.desktop/java.awt.EventQueue$4.run(EventQueue.java:714)
2025-10-08 19:09:40,639 [ERROR] LogOutputStream:75 - [STDERR_REDIRECT] 	at java.base/java.security.AccessController.doPrivileged(AccessController.java:400)
2025-10-08 19:09:40,641 [ERROR] LogOutputStream:75 - [STDERR_REDIRECT] 	at java.base/java.security.ProtectionDomain$JavaSecurityAccessImpl.doIntersectionPrivilege(ProtectionDomain.java:87)
2025-10-08 19:09:40,643 [ERROR] LogOutputStream:75 - [STDERR_REDIRECT] 	at java.base/java.security.ProtectionDomain$JavaSecurityAccessImpl.doIntersectionPrivilege(ProtectionDomain.java:98)
2025-10-08 19:09:40,644 [ERROR] LogOutputStream:75 - [STDERR_REDIRECT] 	at java.desktop/java.awt.EventQueue$5.run(EventQueue.java:747)
2025-10-08 19:09:40,645 [ERROR] LogOutputStream:75 - [STDERR_REDIRECT] 	at java.desktop/java.awt.EventQueue$5.run(EventQueue.java:745)
2025-10-08 19:09:40,645 [ERROR] LogOutputStream:75 - [STDERR_REDIRECT] 	at java.base/java.security.AccessController.doPrivileged(AccessController.java:400)
2025-10-08 19:09:40,647 [ERROR] LogOutputStream:75 - [STDERR_REDIRECT] 	at java.base/java.security.ProtectionDomain$JavaSecurityAccessImpl.doIntersectionPrivilege(ProtectionDomain.java:87)
2025-10-08 19:09:40,647 [ERROR] LogOutputStream:75 - [STDERR_REDIRECT] 	at java.desktop/java.awt.EventQueue.dispatchEvent(EventQueue.java:744)
2025-10-08 19:09:40,648 [ERROR] LogOutputStream:75 - [STDERR_REDIRECT] 	at java.desktop/java.awt.EventDispatchThread.pumpOneEventForFilters(EventDispatchThread.java:203)
2025-10-08 19:09:40,651 [ERROR] LogOutputStream:75 - [STDERR_REDIRECT] 	at java.desktop/java.awt.EventDispatchThread.pumpEventsForFilter(EventDispatchThread.java:124)
2025-10-08 19:09:40,652 [ERROR] LogOutputStream:75 - [STDERR_REDIRECT] 	at java.desktop/java.awt.EventDispatchThread.pumpEventsForHierarchy(EventDispatchThread.java:113)
2025-10-08 19:09:40,653 [ERROR] LogOutputStream:75 - [STDERR_REDIRECT] 	at java.desktop/java.awt.EventDispatchThread.pumpEvents(EventDispatchThread.java:109)
2025-10-08 19:09:40,654 [ERROR] LogOutputStream:75 - [STDERR_REDIRECT] 	at java.desktop/java.awt.EventDispatchThread.pumpEvents(EventDispatchThread.java:101)
2025-10-08 19:09:40,655 [ERROR] LogOutputStream:75 - [STDERR_REDIRECT] 	at java.desktop/java.awt.EventDispatchThread.run(EventDispatchThread.java:90)
2025-10-08 19:09:41,104 [ERROR] LogOutputStream:75 - [STDERR_REDIRECT] Exception in thread "AWT-EventQueue-0" java.lang.NullPointerException: Cannot invoke "com.st.microxplorer.mcu.Pin.isPinLabelSettable()" because "pin" is null
2025-10-08 19:09:41,105 [ERROR] LogOutputStream:75 - [STDERR_REDIRECT] 	at com.st.microxplorer.plugins.ip.gpio.gui.ParamContainer.isLabelEditable(ParamContainer.java:260)
2025-10-08 19:09:41,106 [ERROR] LogOutputStream:75 - [STDERR_REDIRECT] 	at com.st.microxplorer.plugins.ip.gpio.gui.ParamContainer.createPanel(ParamContainer.java:121)
2025-10-08 19:09:41,107 [ERROR] LogOutputStream:75 - [STDERR_REDIRECT] 	at com.st.microxplorer.plugins.ip.gpio.gui.ParamContainer.update(ParamContainer.java:174)
2025-10-08 19:09:41,108 [ERROR] LogOutputStream:75 - [STDERR_REDIRECT] 	at com.st.microxplorer.plugins.ip.gpio.gui.GpioTablePanel.propertyChange(GpioTablePanel.java:485)
2025-10-08 19:09:41,109 [ERROR] LogOutputStream:75 - [STDERR_REDIRECT] 	at java.desktop/java.beans.PropertyChangeSupport.fire(PropertyChangeSupport.java:343)
2025-10-08 19:09:41,110 [ERROR] LogOutputStream:75 - [STDERR_REDIRECT] 	at java.desktop/java.beans.PropertyChangeSupport.firePropertyChange(PropertyChangeSupport.java:335)
2025-10-08 19:09:41,110 [ERROR] LogOutputStream:75 - [STDERR_REDIRECT] 	at com.st.microxplorer.mxsystem.MxSystem.propertyChange(MxSystem.java:473)
2025-10-08 19:09:41,111 [ERROR] LogOutputStream:75 - [STDERR_REDIRECT] 	at java.desktop/java.beans.PropertyChangeSupport.fire(PropertyChangeSupport.java:343)
2025-10-08 19:09:41,112 [ERROR] LogOutputStream:75 - [STDERR_REDIRECT] 	at java.desktop/java.beans.PropertyChangeSupport.firePropertyChange(PropertyChangeSupport.java:335)
2025-10-08 19:09:41,113 [ERROR] LogOutputStream:75 - [STDERR_REDIRECT] 	at java.desktop/java.beans.PropertyChangeSupport.firePropertyChange(PropertyChangeSupport.java:268)
2025-10-08 19:09:41,115 [ERROR] LogOutputStream:75 - [STDERR_REDIRECT] 	at com.st.microxplorer.util.MXPropertyChangeSupport.firePropertyChange(MXPropertyChangeSupport.java:54)
2025-10-08 19:09:41,116 [ERROR] LogOutputStream:75 - [STDERR_REDIRECT] 	at com.st.microxplorer.mcu.Mcu.propertyChange(Mcu.java:1811)
2025-10-08 19:09:41,118 [ERROR] LogOutputStream:75 - [STDERR_REDIRECT] 	at java.desktop/java.beans.PropertyChangeSupport.fire(PropertyChangeSupport.java:343)
2025-10-08 19:09:41,119 [ERROR] LogOutputStream:75 - [STDERR_REDIRECT] 	at java.desktop/java.beans.PropertyChangeSupport.firePropertyChange(PropertyChangeSupport.java:335)
2025-10-08 19:09:41,120 [ERROR] LogOutputStream:75 - [STDERR_REDIRECT] 	at java.desktop/java.beans.PropertyChangeSupport.firePropertyChange(PropertyChangeSupport.java:268)
2025-10-08 19:09:41,122 [ERROR] LogOutputStream:75 - [STDERR_REDIRECT] 	at com.st.microxplorer.util.MXPropertyChangeSupport.firePropertyChange(MXPropertyChangeSupport.java:54)
2025-10-08 19:09:41,123 [ERROR] LogOutputStream:75 - [STDERR_REDIRECT] 	at com.st.microxplorer.mcu.Pin.setPinLabel(Pin.java:2337)
2025-10-08 19:09:41,123 [ERROR] LogOutputStream:75 - [STDERR_REDIRECT] 	at com.st.microxplorer.mcu.Pin.setGPIOParameterValue(Pin.java:2249)
2025-10-08 19:09:41,124 [ERROR] LogOutputStream:75 - [STDERR_REDIRECT] 	at com.st.microxplorer.plugins.ip.gpio.gui.TextFieldParameterUI.updateParameterValue(ParameterUI.java:338)
2025-10-08 19:09:41,125 [ERROR] LogOutputStream:75 - [STDERR_REDIRECT] 	at com.st.microxplorer.plugins.ip.gpio.gui.TextFieldParameterUI$1.insertUpdate(ParameterUI.java:268)
2025-10-08 19:09:41,126 [ERROR] LogOutputStream:75 - [STDERR_REDIRECT] 	at java.desktop/javax.swing.text.AbstractDocument.fireInsertUpdate(AbstractDocument.java:227)
2025-10-08 19:09:41,127 [ERROR] LogOutputStream:75 - [STDERR_REDIRECT] 	at java.desktop/javax.swing.text.AbstractDocument.handleInsertString(AbstractDocument.java:781)
2025-10-08 19:09:41,128 [ERROR] LogOutputStream:75 - [STDERR_REDIRECT] 	at java.desktop/javax.swing.text.AbstractDocument.insertString(AbstractDocument.java:740)
2025-10-08 19:09:41,129 [ERROR] LogOutputStream:75 - [STDERR_REDIRECT] 	at java.desktop/javax.swing.text.PlainDocument.insertString(PlainDocument.java:131)
2025-10-08 19:09:41,129 [ERROR] LogOutputStream:75 - [STDERR_REDIRECT] 	at java.desktop/javax.swing.text.AbstractDocument.replace(AbstractDocument.java:699)
2025-10-08 19:09:41,130 [ERROR] LogOutputStream:75 - [STDERR_REDIRECT] 	at java.desktop/javax.swing.text.JTextComponent.replaceSelection(JTextComponent.java:1335)
2025-10-08 19:09:41,132 [ERROR] LogOutputStream:75 - [STDERR_REDIRECT] 	at java.desktop/javax.swing.text.DefaultEditorKit$DefaultKeyTypedAction.actionPerformed(DefaultEditorKit.java:906)
2025-10-08 19:09:41,134 [ERROR] LogOutputStream:75 - [STDERR_REDIRECT] 	at java.desktop/javax.swing.SwingUtilities.notifyAction(SwingUtilities.java:1810)
2025-10-08 19:09:41,135 [ERROR] LogOutputStream:75 - [STDERR_REDIRECT] 	at java.desktop/javax.swing.JComponent.processKeyBinding(JComponent.java:2956)
2025-10-08 19:09:41,136 [ERROR] LogOutputStream:75 - [STDERR_REDIRECT] 	at java.desktop/javax.swing.JComponent.processKeyBindings(JComponent.java:3004)
2025-10-08 19:09:41,138 [ERROR] LogOutputStream:75 - [STDERR_REDIRECT] 	at java.desktop/javax.swing.JComponent.processKeyEvent(JComponent.java:2918)
2025-10-08 19:09:41,139 [ERROR] LogOutputStream:75 - [STDERR_REDIRECT] 	at java.desktop/java.awt.Component.processEvent(Component.java:6398)
2025-10-08 19:09:41,140 [ERROR] LogOutputStream:75 - [STDERR_REDIRECT] 	at java.desktop/java.awt.Container.processEvent(Container.java:2266)
2025-10-08 19:09:41,141 [ERROR] LogOutputStream:75 - [STDERR_REDIRECT] 	at java.desktop/java.awt.Component.dispatchEventImpl(Component.java:4996)
2025-10-08 19:09:41,142 [ERROR] LogOutputStream:75 - [STDERR_REDIRECT] 	at java.desktop/java.awt.Container.dispatchEventImpl(Container.java:2324)
2025-10-08 19:09:41,143 [ERROR] LogOutputStream:75 - [STDERR_REDIRECT] 	at java.desktop/java.awt.Component.dispatchEvent(Component.java:4828)
2025-10-08 19:09:41,144 [ERROR] LogOutputStream:75 - [STDERR_REDIRECT] 	at java.desktop/java.awt.KeyboardFocusManager.redispatchEvent(KeyboardFocusManager.java:1952)
2025-10-08 19:09:41,145 [ERROR] LogOutputStream:75 - [STDERR_REDIRECT] 	at java.desktop/java.awt.DefaultKeyboardFocusManager.dispatchKeyEvent(DefaultKeyboardFocusManager.java:883)
2025-10-08 19:09:41,147 [ERROR] LogOutputStream:75 - [STDERR_REDIRECT] 	at java.desktop/java.awt.DefaultKeyboardFocusManager.preDispatchKeyEvent(DefaultKeyboardFocusManager.java:1146)
2025-10-08 19:09:41,149 [ERROR] LogOutputStream:75 - [STDERR_REDIRECT] 	at java.desktop/java.awt.DefaultKeyboardFocusManager.typeAheadAssertions(DefaultKeyboardFocusManager.java:1020)
2025-10-08 19:09:41,151 [ERROR] LogOutputStream:75 - [STDERR_REDIRECT] 	at java.desktop/java.awt.DefaultKeyboardFocusManager.dispatchEvent(DefaultKeyboardFocusManager.java:848)
2025-10-08 19:09:41,152 [ERROR] LogOutputStream:75 - [STDERR_REDIRECT] 	at java.desktop/java.awt.Component.dispatchEventImpl(Component.java:4877)
2025-10-08 19:09:41,152 [ERROR] LogOutputStream:75 - [STDERR_REDIRECT] 	at java.desktop/java.awt.Container.dispatchEventImpl(Container.java:2324)
2025-10-08 19:09:41,153 [ERROR] LogOutputStream:75 - [STDERR_REDIRECT] 	at java.desktop/java.awt.Component.dispatchEvent(Component.java:4828)
2025-10-08 19:09:41,154 [ERROR] LogOutputStream:75 - [STDERR_REDIRECT] 	at java.desktop/java.awt.EventQueue.dispatchEventImpl(EventQueue.java:775)
2025-10-08 19:09:41,155 [ERROR] LogOutputStream:75 - [STDERR_REDIRECT] 	at java.desktop/java.awt.EventQueue$4.run(EventQueue.java:720)
2025-10-08 19:09:41,156 [ERROR] LogOutputStream:75 - [STDERR_REDIRECT] 	at java.desktop/java.awt.EventQueue$4.run(EventQueue.java:714)
2025-10-08 19:09:41,157 [ERROR] LogOutputStream:75 - [STDERR_REDIRECT] 	at java.base/java.security.AccessController.doPrivileged(AccessController.java:400)
2025-10-08 19:09:41,158 [ERROR] LogOutputStream:75 - [STDERR_REDIRECT] 	at java.base/java.security.ProtectionDomain$JavaSecurityAccessImpl.doIntersectionPrivilege(ProtectionDomain.java:87)
2025-10-08 19:09:41,159 [ERROR] LogOutputStream:75 - [STDERR_REDIRECT] 	at java.base/java.security.ProtectionDomain$JavaSecurityAccessImpl.doIntersectionPrivilege(ProtectionDomain.java:98)
2025-10-08 19:09:41,160 [ERROR] LogOutputStream:75 - [STDERR_REDIRECT] 	at java.desktop/java.awt.EventQueue$5.run(EventQueue.java:747)
2025-10-08 19:09:41,161 [ERROR] LogOutputStream:75 - [STDERR_REDIRECT] 	at java.desktop/java.awt.EventQueue$5.run(EventQueue.java:745)
2025-10-08 19:09:41,162 [ERROR] LogOutputStream:75 - [STDERR_REDIRECT] 	at java.base/java.security.AccessController.doPrivileged(AccessController.java:400)
2025-10-08 19:09:41,163 [ERROR] LogOutputStream:75 - [STDERR_REDIRECT] 	at java.base/java.security.ProtectionDomain$JavaSecurityAccessImpl.doIntersectionPrivilege(ProtectionDomain.java:87)
2025-10-08 19:09:41,164 [ERROR] LogOutputStream:75 - [STDERR_REDIRECT] 	at java.desktop/java.awt.EventQueue.dispatchEvent(EventQueue.java:744)
2025-10-08 19:09:41,165 [ERROR] LogOutputStream:75 - [STDERR_REDIRECT] 	at java.desktop/java.awt.EventDispatchThread.pumpOneEventForFilters(EventDispatchThread.java:203)
2025-10-08 19:09:41,168 [ERROR] LogOutputStream:75 - [STDERR_REDIRECT] 	at java.desktop/java.awt.EventDispatchThread.pumpEventsForFilter(EventDispatchThread.java:124)
2025-10-08 19:09:41,170 [ERROR] LogOutputStream:75 - [STDERR_REDIRECT] 	at java.desktop/java.awt.EventDispatchThread.pumpEventsForHierarchy(EventDispatchThread.java:113)
2025-10-08 19:09:41,172 [ERROR] LogOutputStream:75 - [STDERR_REDIRECT] 	at java.desktop/java.awt.EventDispatchThread.pumpEvents(EventDispatchThread.java:109)
2025-10-08 19:09:41,173 [ERROR] LogOutputStream:75 - [STDERR_REDIRECT] 	at java.desktop/java.awt.EventDispatchThread.pumpEvents(EventDispatchThread.java:101)
2025-10-08 19:09:41,174 [ERROR] LogOutputStream:75 - [STDERR_REDIRECT] 	at java.desktop/java.awt.EventDispatchThread.run(EventDispatchThread.java:90)
2025-10-08 19:09:45,527 [ERROR] LogOutputStream:75 - [STDERR_REDIRECT] Exception in thread "AWT-EventQueue-0" java.lang.NullPointerException: Cannot invoke "com.st.microxplorer.mcu.Pin.isPinLabelSettable()" because "pin" is null
2025-10-08 19:09:45,532 [ERROR] LogOutputStream:75 - [STDERR_REDIRECT] 	at com.st.microxplorer.plugins.ip.gpio.gui.ParamContainer.isLabelEditable(ParamContainer.java:260)
2025-10-08 19:09:45,535 [ERROR] LogOutputStream:75 - [STDERR_REDIRECT] 	at com.st.microxplorer.plugins.ip.gpio.gui.ParamContainer.createPanel(ParamContainer.java:121)
2025-10-08 19:09:45,538 [ERROR] LogOutputStream:75 - [STDERR_REDIRECT] 	at com.st.microxplorer.plugins.ip.gpio.gui.ParamContainer.update(ParamContainer.java:174)
2025-10-08 19:09:45,539 [ERROR] LogOutputStream:75 - [STDERR_REDIRECT] 	at com.st.microxplorer.plugins.ip.gpio.gui.GpioTablePanel.propertyChange(GpioTablePanel.java:485)
2025-10-08 19:09:45,541 [ERROR] LogOutputStream:75 - [STDERR_REDIRECT] 	at java.desktop/java.beans.PropertyChangeSupport.fire(PropertyChangeSupport.java:343)
2025-10-08 19:09:45,542 [ERROR] LogOutputStream:75 - [STDERR_REDIRECT] 	at java.desktop/java.beans.PropertyChangeSupport.firePropertyChange(PropertyChangeSupport.java:335)
2025-10-08 19:09:45,542 [ERROR] LogOutputStream:75 - [STDERR_REDIRECT] 	at com.st.microxplorer.mxsystem.MxSystem.propertyChange(MxSystem.java:473)
2025-10-08 19:09:45,543 [ERROR] LogOutputStream:75 - [STDERR_REDIRECT] 	at java.desktop/java.beans.PropertyChangeSupport.fire(PropertyChangeSupport.java:343)
2025-10-08 19:09:45,544 [ERROR] LogOutputStream:75 - [STDERR_REDIRECT] 	at java.desktop/java.beans.PropertyChangeSupport.firePropertyChange(PropertyChangeSupport.java:335)
2025-10-08 19:09:45,545 [ERROR] LogOutputStream:75 - [STDERR_REDIRECT] 	at java.desktop/java.beans.PropertyChangeSupport.firePropertyChange(PropertyChangeSupport.java:268)
2025-10-08 19:09:45,545 [ERROR] LogOutputStream:75 - [STDERR_REDIRECT] 	at com.st.microxplorer.util.MXPropertyChangeSupport.firePropertyChange(MXPropertyChangeSupport.java:54)
2025-10-08 19:09:45,546 [ERROR] LogOutputStream:75 - [STDERR_REDIRECT] 	at com.st.microxplorer.mcu.Mcu.propertyChange(Mcu.java:1811)
2025-10-08 19:09:45,546 [ERROR] LogOutputStream:75 - [STDERR_REDIRECT] 	at java.desktop/java.beans.PropertyChangeSupport.fire(PropertyChangeSupport.java:343)
2025-10-08 19:09:45,547 [ERROR] LogOutputStream:75 - [STDERR_REDIRECT] 	at java.desktop/java.beans.PropertyChangeSupport.firePropertyChange(PropertyChangeSupport.java:335)
2025-10-08 19:09:45,548 [ERROR] LogOutputStream:75 - [STDERR_REDIRECT] 	at java.desktop/java.beans.PropertyChangeSupport.firePropertyChange(PropertyChangeSupport.java:268)
2025-10-08 19:09:45,549 [ERROR] LogOutputStream:75 - [STDERR_REDIRECT] 	at com.st.microxplorer.util.MXPropertyChangeSupport.firePropertyChange(MXPropertyChangeSupport.java:54)
2025-10-08 19:09:45,549 [ERROR] LogOutputStream:75 - [STDERR_REDIRECT] 	at com.st.microxplorer.mcu.Pin.setPinLabel(Pin.java:2337)
2025-10-08 19:09:45,550 [ERROR] LogOutputStream:75 - [STDERR_REDIRECT] 	at com.st.microxplorer.mcu.Pin.setGPIOParameterValue(Pin.java:2249)
2025-10-08 19:09:45,551 [ERROR] LogOutputStream:75 - [STDERR_REDIRECT] 	at com.st.microxplorer.plugins.ip.gpio.gui.TextFieldParameterUI.updateParameterValue(ParameterUI.java:338)
2025-10-08 19:09:45,552 [ERROR] LogOutputStream:75 - [STDERR_REDIRECT] 	at com.st.microxplorer.plugins.ip.gpio.gui.TextFieldParameterUI$1.removeUpdate(ParameterUI.java:274)
2025-10-08 19:09:45,553 [ERROR] LogOutputStream:75 - [STDERR_REDIRECT] 	at java.desktop/javax.swing.text.AbstractDocument.fireRemoveUpdate(AbstractDocument.java:285)
2025-10-08 19:09:45,554 [ERROR] LogOutputStream:75 - [STDERR_REDIRECT] 	at java.desktop/javax.swing.text.AbstractDocument.handleRemove(AbstractDocument.java:652)
2025-10-08 19:09:45,555 [ERROR] LogOutputStream:75 - [STDERR_REDIRECT] 	at java.desktop/javax.swing.text.AbstractDocument.remove(AbstractDocument.java:620)
2025-10-08 19:09:45,556 [ERROR] LogOutputStream:75 - [STDERR_REDIRECT] 	at java.desktop/javax.swing.text.DefaultEditorKit$DeletePrevCharAction.actionPerformed(DefaultEditorKit.java:1096)
2025-10-08 19:09:45,556 [ERROR] LogOutputStream:75 - [STDERR_REDIRECT] 	at java.desktop/javax.swing.SwingUtilities.notifyAction(SwingUtilities.java:1810)
2025-10-08 19:09:45,557 [ERROR] LogOutputStream:75 - [STDERR_REDIRECT] 	at java.desktop/javax.swing.JComponent.processKeyBinding(JComponent.java:2956)
2025-10-08 19:09:45,558 [ERROR] LogOutputStream:75 - [STDERR_REDIRECT] 	at java.desktop/javax.swing.JComponent.processKeyBindings(JComponent.java:3004)
2025-10-08 19:09:45,558 [ERROR] LogOutputStream:75 - [STDERR_REDIRECT] 	at java.desktop/javax.swing.JComponent.processKeyEvent(JComponent.java:2918)
2025-10-08 19:09:45,561 [ERROR] LogOutputStream:75 - [STDERR_REDIRECT] 	at java.desktop/java.awt.Component.processEvent(Component.java:6398)
2025-10-08 19:09:45,562 [ERROR] LogOutputStream:75 - [STDERR_REDIRECT] 	at java.desktop/java.awt.Container.processEvent(Container.java:2266)
2025-10-08 19:09:45,562 [ERROR] LogOutputStream:75 - [STDERR_REDIRECT] 	at java.desktop/java.awt.Component.dispatchEventImpl(Component.java:4996)
2025-10-08 19:09:45,563 [ERROR] LogOutputStream:75 - [STDERR_REDIRECT] 	at java.desktop/java.awt.Container.dispatchEventImpl(Container.java:2324)
2025-10-08 19:09:45,564 [ERROR] LogOutputStream:75 - [STDERR_REDIRECT] 	at java.desktop/java.awt.Component.dispatchEvent(Component.java:4828)
2025-10-08 19:09:45,564 [ERROR] LogOutputStream:75 - [STDERR_REDIRECT] 	at java.desktop/java.awt.KeyboardFocusManager.redispatchEvent(KeyboardFocusManager.java:1952)
2025-10-08 19:09:45,565 [ERROR] LogOutputStream:75 - [STDERR_REDIRECT] 	at java.desktop/java.awt.DefaultKeyboardFocusManager.dispatchKeyEvent(DefaultKeyboardFocusManager.java:883)
2025-10-08 19:09:45,568 [ERROR] LogOutputStream:75 - [STDERR_REDIRECT] 	at java.desktop/java.awt.DefaultKeyboardFocusManager.preDispatchKeyEvent(DefaultKeyboardFocusManager.java:1146)
2025-10-08 19:09:45,569 [ERROR] LogOutputStream:75 - [STDERR_REDIRECT] 	at java.desktop/java.awt.DefaultKeyboardFocusManager.typeAheadAssertions(DefaultKeyboardFocusManager.java:1020)
2025-10-08 19:09:45,570 [ERROR] LogOutputStream:75 - [STDERR_REDIRECT] 	at java.desktop/java.awt.DefaultKeyboardFocusManager.dispatchEvent(DefaultKeyboardFocusManager.java:848)
2025-10-08 19:09:45,573 [ERROR] LogOutputStream:75 - [STDERR_REDIRECT] 	at java.desktop/java.awt.Component.dispatchEventImpl(Component.java:4877)
2025-10-08 19:09:45,575 [ERROR] LogOutputStream:75 - [STDERR_REDIRECT] 	at java.desktop/java.awt.Container.dispatchEventImpl(Container.java:2324)
2025-10-08 19:09:45,578 [ERROR] LogOutputStream:75 - [STDERR_REDIRECT] 	at java.desktop/java.awt.Component.dispatchEvent(Component.java:4828)
2025-10-08 19:09:45,581 [ERROR] LogOutputStream:75 - [STDERR_REDIRECT] 	at java.desktop/java.awt.EventQueue.dispatchEventImpl(EventQueue.java:775)
2025-10-08 19:09:45,582 [ERROR] LogOutputStream:75 - [STDERR_REDIRECT] 	at java.desktop/java.awt.EventQueue$4.run(EventQueue.java:720)
2025-10-08 19:09:45,583 [ERROR] LogOutputStream:75 - [STDERR_REDIRECT] 	at java.desktop/java.awt.EventQueue$4.run(EventQueue.java:714)
2025-10-08 19:09:45,583 [ERROR] LogOutputStream:75 - [STDERR_REDIRECT] 	at java.base/java.security.AccessController.doPrivileged(AccessController.java:400)
2025-10-08 19:09:45,584 [ERROR] LogOutputStream:75 - [STDERR_REDIRECT] 	at java.base/java.security.ProtectionDomain$JavaSecurityAccessImpl.doIntersectionPrivilege(ProtectionDomain.java:87)
2025-10-08 19:09:45,586 [ERROR] LogOutputStream:75 - [STDERR_REDIRECT] 	at java.base/java.security.ProtectionDomain$JavaSecurityAccessImpl.doIntersectionPrivilege(ProtectionDomain.java:98)
2025-10-08 19:09:45,587 [ERROR] LogOutputStream:75 - [STDERR_REDIRECT] 	at java.desktop/java.awt.EventQueue$5.run(EventQueue.java:747)
2025-10-08 19:09:45,588 [ERROR] LogOutputStream:75 - [STDERR_REDIRECT] 	at java.desktop/java.awt.EventQueue$5.run(EventQueue.java:745)
2025-10-08 19:09:45,589 [ERROR] LogOutputStream:75 - [STDERR_REDIRECT] 	at java.base/java.security.AccessController.doPrivileged(AccessController.java:400)
2025-10-08 19:09:45,589 [ERROR] LogOutputStream:75 - [STDERR_REDIRECT] 	at java.base/java.security.ProtectionDomain$JavaSecurityAccessImpl.doIntersectionPrivilege(ProtectionDomain.java:87)
2025-10-08 19:09:45,590 [ERROR] LogOutputStream:75 - [STDERR_REDIRECT] 	at java.desktop/java.awt.EventQueue.dispatchEvent(EventQueue.java:744)
2025-10-08 19:09:45,591 [ERROR] LogOutputStream:75 - [STDERR_REDIRECT] 	at java.desktop/java.awt.EventDispatchThread.pumpOneEventForFilters(EventDispatchThread.java:203)
2025-10-08 19:09:45,591 [ERROR] LogOutputStream:75 - [STDERR_REDIRECT] 	at java.desktop/java.awt.EventDispatchThread.pumpEventsForFilter(EventDispatchThread.java:124)
2025-10-08 19:09:45,592 [ERROR] LogOutputStream:75 - [STDERR_REDIRECT] 	at java.desktop/java.awt.EventDispatchThread.pumpEventsForHierarchy(EventDispatchThread.java:113)
2025-10-08 19:09:45,593 [ERROR] LogOutputStream:75 - [STDERR_REDIRECT] 	at java.desktop/java.awt.EventDispatchThread.pumpEvents(EventDispatchThread.java:109)
2025-10-08 19:09:45,594 [ERROR] LogOutputStream:75 - [STDERR_REDIRECT] 	at java.desktop/java.awt.EventDispatchThread.pumpEvents(EventDispatchThread.java:101)
2025-10-08 19:09:45,594 [ERROR] LogOutputStream:75 - [STDERR_REDIRECT] 	at java.desktop/java.awt.EventDispatchThread.run(EventDispatchThread.java:90)
2025-10-08 19:09:49,471 [INFO] WebApp:194 - Connection lost
2025-10-08 19:09:49,726 [INFO] WebApp:191 - Connection restablished
2025-10-08 19:09:53,236 [ERROR] LogOutputStream:75 - [STDERR_REDIRECT] Exception in thread "AWT-EventQueue-0" java.lang.NullPointerException: Cannot invoke "com.st.microxplorer.mcu.Pin.isPinLabelSettable()" because "pin" is null
2025-10-08 19:09:53,237 [ERROR] LogOutputStream:75 - [STDERR_REDIRECT] 	at com.st.microxplorer.plugins.ip.gpio.gui.ParamContainer.isLabelEditable(ParamContainer.java:260)
2025-10-08 19:09:53,238 [ERROR] LogOutputStream:75 - [STDERR_REDIRECT] 	at com.st.microxplorer.plugins.ip.gpio.gui.ParamContainer.createPanel(ParamContainer.java:121)
2025-10-08 19:09:53,241 [ERROR] LogOutputStream:75 - [STDERR_REDIRECT] 	at com.st.microxplorer.plugins.ip.gpio.gui.ParamContainer.update(ParamContainer.java:174)
2025-10-08 19:09:53,244 [ERROR] LogOutputStream:75 - [STDERR_REDIRECT] 	at com.st.microxplorer.plugins.ip.gpio.gui.GpioTablePanel.propertyChange(GpioTablePanel.java:485)
2025-10-08 19:09:53,245 [ERROR] LogOutputStream:75 - [STDERR_REDIRECT] 	at java.desktop/java.beans.PropertyChangeSupport.fire(PropertyChangeSupport.java:343)
2025-10-08 19:09:53,245 [ERROR] LogOutputStream:75 - [STDERR_REDIRECT] 	at java.desktop/java.beans.PropertyChangeSupport.firePropertyChange(PropertyChangeSupport.java:335)
2025-10-08 19:09:53,246 [ERROR] LogOutputStream:75 - [STDERR_REDIRECT] 	at com.st.microxplorer.mxsystem.MxSystem.propertyChange(MxSystem.java:473)
2025-10-08 19:09:53,247 [ERROR] LogOutputStream:75 - [STDERR_REDIRECT] 	at java.desktop/java.beans.PropertyChangeSupport.fire(PropertyChangeSupport.java:343)
2025-10-08 19:09:53,248 [ERROR] LogOutputStream:75 - [STDERR_REDIRECT] 	at java.desktop/java.beans.PropertyChangeSupport.firePropertyChange(PropertyChangeSupport.java:335)
2025-10-08 19:09:53,250 [ERROR] LogOutputStream:75 - [STDERR_REDIRECT] 	at java.desktop/java.beans.PropertyChangeSupport.firePropertyChange(PropertyChangeSupport.java:268)
2025-10-08 19:09:53,252 [ERROR] LogOutputStream:75 - [STDERR_REDIRECT] 	at com.st.microxplorer.util.MXPropertyChangeSupport.firePropertyChange(MXPropertyChangeSupport.java:54)
2025-10-08 19:09:53,254 [ERROR] LogOutputStream:75 - [STDERR_REDIRECT] 	at com.st.microxplorer.mcu.Mcu.propertyChange(Mcu.java:1811)
2025-10-08 19:09:53,255 [ERROR] LogOutputStream:75 - [STDERR_REDIRECT] 	at java.desktop/java.beans.PropertyChangeSupport.fire(PropertyChangeSupport.java:343)
2025-10-08 19:09:53,256 [ERROR] LogOutputStream:75 - [STDERR_REDIRECT] 	at java.desktop/java.beans.PropertyChangeSupport.firePropertyChange(PropertyChangeSupport.java:335)
2025-10-08 19:09:53,256 [ERROR] LogOutputStream:75 - [STDERR_REDIRECT] 	at java.desktop/java.beans.PropertyChangeSupport.firePropertyChange(PropertyChangeSupport.java:268)
2025-10-08 19:09:53,257 [ERROR] LogOutputStream:75 - [STDERR_REDIRECT] 	at com.st.microxplorer.util.MXPropertyChangeSupport.firePropertyChange(MXPropertyChangeSupport.java:54)
2025-10-08 19:09:53,258 [ERROR] LogOutputStream:75 - [STDERR_REDIRECT] 	at com.st.microxplorer.mcu.Pin.setPinLabel(Pin.java:2330)
2025-10-08 19:09:53,258 [ERROR] LogOutputStream:75 - [STDERR_REDIRECT] 	at com.st.microxplorer.mcu.Pin.setGPIOParameterValue(Pin.java:2249)
2025-10-08 19:09:53,260 [ERROR] LogOutputStream:75 - [STDERR_REDIRECT] 	at com.st.microxplorer.plugins.ip.gpio.gui.TextFieldParameterUI.updateParameterValue(ParameterUI.java:338)
2025-10-08 19:09:53,262 [ERROR] LogOutputStream:75 - [STDERR_REDIRECT] 	at com.st.microxplorer.plugins.ip.gpio.gui.TextFieldParameterUI$1.removeUpdate(ParameterUI.java:274)
2025-10-08 19:09:53,264 [ERROR] LogOutputStream:75 - [STDERR_REDIRECT] 	at java.desktop/javax.swing.text.AbstractDocument.fireRemoveUpdate(AbstractDocument.java:285)
2025-10-08 19:09:53,265 [ERROR] LogOutputStream:75 - [STDERR_REDIRECT] 	at java.desktop/javax.swing.text.AbstractDocument.handleRemove(AbstractDocument.java:652)
2025-10-08 19:09:53,266 [ERROR] LogOutputStream:75 - [STDERR_REDIRECT] 	at java.desktop/javax.swing.text.AbstractDocument.remove(AbstractDocument.java:620)
2025-10-08 19:09:53,267 [ERROR] LogOutputStream:75 - [STDERR_REDIRECT] 	at java.desktop/javax.swing.text.AbstractDocument.replace(AbstractDocument.java:696)
2025-10-08 19:09:53,268 [ERROR] LogOutputStream:75 - [STDERR_REDIRECT] 	at java.desktop/javax.swing.text.JTextComponent.replaceSelection(JTextComponent.java:1335)
2025-10-08 19:09:53,269 [ERROR] LogOutputStream:75 - [STDERR_REDIRECT] 	at java.desktop/javax.swing.text.DefaultEditorKit$DefaultKeyTypedAction.actionPerformed(DefaultEditorKit.java:906)
2025-10-08 19:09:53,270 [ERROR] LogOutputStream:75 - [STDERR_REDIRECT] 	at java.desktop/javax.swing.SwingUtilities.notifyAction(SwingUtilities.java:1810)
2025-10-08 19:09:53,273 [ERROR] LogOutputStream:75 - [STDERR_REDIRECT] 	at java.desktop/javax.swing.JComponent.processKeyBinding(JComponent.java:2956)
2025-10-08 19:09:53,276 [ERROR] LogOutputStream:75 - [STDERR_REDIRECT] 	at java.desktop/javax.swing.JComponent.processKeyBindings(JComponent.java:3004)
2025-10-08 19:09:53,276 [ERROR] LogOutputStream:75 - [STDERR_REDIRECT] 	at java.desktop/javax.swing.JComponent.processKeyEvent(JComponent.java:2918)
2025-10-08 19:09:53,279 [ERROR] LogOutputStream:75 - [STDERR_REDIRECT] 	at java.desktop/java.awt.Component.processEvent(Component.java:6398)
2025-10-08 19:09:53,279 [ERROR] LogOutputStream:75 - [STDERR_REDIRECT] 	at java.desktop/java.awt.Container.processEvent(Container.java:2266)
2025-10-08 19:09:53,280 [ERROR] LogOutputStream:75 - [STDERR_REDIRECT] 	at java.desktop/java.awt.Component.dispatchEventImpl(Component.java:4996)
2025-10-08 19:09:53,281 [ERROR] LogOutputStream:75 - [STDERR_REDIRECT] 	at java.desktop/java.awt.Container.dispatchEventImpl(Container.java:2324)
2025-10-08 19:09:53,283 [ERROR] LogOutputStream:75 - [STDERR_REDIRECT] 	at java.desktop/java.awt.Component.dispatchEvent(Component.java:4828)
2025-10-08 19:09:53,285 [ERROR] LogOutputStream:75 - [STDERR_REDIRECT] 	at java.desktop/java.awt.KeyboardFocusManager.redispatchEvent(KeyboardFocusManager.java:1952)
2025-10-08 19:09:53,285 [ERROR] LogOutputStream:75 - [STDERR_REDIRECT] 	at java.desktop/java.awt.DefaultKeyboardFocusManager.dispatchKeyEvent(DefaultKeyboardFocusManager.java:883)
2025-10-08 19:09:53,286 [ERROR] LogOutputStream:75 - [STDERR_REDIRECT] 	at java.desktop/java.awt.DefaultKeyboardFocusManager.preDispatchKeyEvent(DefaultKeyboardFocusManager.java:1146)
2025-10-08 19:09:53,287 [ERROR] LogOutputStream:75 - [STDERR_REDIRECT] 	at java.desktop/java.awt.DefaultKeyboardFocusManager.typeAheadAssertions(DefaultKeyboardFocusManager.java:1020)
2025-10-08 19:09:53,289 [ERROR] LogOutputStream:75 - [STDERR_REDIRECT] 	at java.desktop/java.awt.DefaultKeyboardFocusManager.dispatchEvent(DefaultKeyboardFocusManager.java:848)
2025-10-08 19:09:53,290 [ERROR] LogOutputStream:75 - [STDERR_REDIRECT] 	at java.desktop/java.awt.Component.dispatchEventImpl(Component.java:4877)
2025-10-08 19:09:53,290 [ERROR] LogOutputStream:75 - [STDERR_REDIRECT] 	at java.desktop/java.awt.Container.dispatchEventImpl(Container.java:2324)
2025-10-08 19:09:53,291 [ERROR] LogOutputStream:75 - [STDERR_REDIRECT] 	at java.desktop/java.awt.Component.dispatchEvent(Component.java:4828)
2025-10-08 19:09:53,292 [ERROR] LogOutputStream:75 - [STDERR_REDIRECT] 	at java.desktop/java.awt.EventQueue.dispatchEventImpl(EventQueue.java:775)
2025-10-08 19:09:53,292 [ERROR] LogOutputStream:75 - [STDERR_REDIRECT] 	at java.desktop/java.awt.EventQueue$4.run(EventQueue.java:720)
2025-10-08 19:09:53,293 [ERROR] LogOutputStream:75 - [STDERR_REDIRECT] 	at java.desktop/java.awt.EventQueue$4.run(EventQueue.java:714)
2025-10-08 19:09:53,294 [ERROR] LogOutputStream:75 - [STDERR_REDIRECT] 	at java.base/java.security.AccessController.doPrivileged(AccessController.java:400)
2025-10-08 19:09:53,294 [ERROR] LogOutputStream:75 - [STDERR_REDIRECT] 	at java.base/java.security.ProtectionDomain$JavaSecurityAccessImpl.doIntersectionPrivilege(ProtectionDomain.java:87)
2025-10-08 19:09:53,296 [ERROR] LogOutputStream:75 - [STDERR_REDIRECT] 	at java.base/java.security.ProtectionDomain$JavaSecurityAccessImpl.doIntersectionPrivilege(ProtectionDomain.java:98)
2025-10-08 19:09:53,296 [ERROR] LogOutputStream:75 - [STDERR_REDIRECT] 	at java.desktop/java.awt.EventQueue$5.run(EventQueue.java:747)
2025-10-08 19:09:53,297 [ERROR] LogOutputStream:75 - [STDERR_REDIRECT] 	at java.desktop/java.awt.EventQueue$5.run(EventQueue.java:745)
2025-10-08 19:09:53,299 [ERROR] LogOutputStream:75 - [STDERR_REDIRECT] 	at java.base/java.security.AccessController.doPrivileged(AccessController.java:400)
2025-10-08 19:09:53,301 [ERROR] LogOutputStream:75 - [STDERR_REDIRECT] 	at java.base/java.security.ProtectionDomain$JavaSecurityAccessImpl.doIntersectionPrivilege(ProtectionDomain.java:87)
2025-10-08 19:09:53,302 [ERROR] LogOutputStream:75 - [STDERR_REDIRECT] 	at java.desktop/java.awt.EventQueue.dispatchEvent(EventQueue.java:744)
2025-10-08 19:09:53,303 [ERROR] LogOutputStream:75 - [STDERR_REDIRECT] 	at java.desktop/java.awt.EventDispatchThread.pumpOneEventForFilters(EventDispatchThread.java:203)
2025-10-08 19:09:53,304 [ERROR] LogOutputStream:75 - [STDERR_REDIRECT] 	at java.desktop/java.awt.EventDispatchThread.pumpEventsForFilter(EventDispatchThread.java:124)
2025-10-08 19:09:53,305 [ERROR] LogOutputStream:75 - [STDERR_REDIRECT] 	at java.desktop/java.awt.EventDispatchThread.pumpEventsForHierarchy(EventDispatchThread.java:113)
2025-10-08 19:09:53,306 [ERROR] LogOutputStream:75 - [STDERR_REDIRECT] 	at java.desktop/java.awt.EventDispatchThread.pumpEvents(EventDispatchThread.java:109)
2025-10-08 19:09:53,306 [ERROR] LogOutputStream:75 - [STDERR_REDIRECT] 	at java.desktop/java.awt.EventDispatchThread.pumpEvents(EventDispatchThread.java:101)
2025-10-08 19:09:53,307 [ERROR] LogOutputStream:75 - [STDERR_REDIRECT] 	at java.desktop/java.awt.EventDispatchThread.run(EventDispatchThread.java:90)
2025-10-08 19:09:53,338 [INFO] WebApp:194 - Connection lost
2025-10-08 19:09:53,580 [INFO] WebApp:191 - Connection restablished
2025-10-08 19:12:10,071 [INFO] WebApp:194 - Connection lost
2025-10-08 19:12:25,855 [INFO] WebApp:191 - Connection restablished
2025-10-08 19:14:28,656 [INFO] WebApp:194 - Connection lost
2025-10-08 19:14:28,942 [INFO] WebApp:191 - Connection restablished
2025-10-08 19:14:32,349 [INFO] WebApp:194 - Connection lost
2025-10-08 19:14:33,116 [INFO] WebApp:191 - Connection restablished
2025-10-08 19:15:57,798 [INFO] WebApp:194 - Connection lost
2025-10-08 19:15:58,305 [INFO] WebApp:191 - Connection restablished
2025-10-08 19:16:01,837 [INFO] WebApp:194 - Connection lost
2025-10-08 19:16:02,313 [INFO] WebApp:191 - Connection restablished
2025-10-08 19:17:58,316 [INFO] WebApp:194 - Connection lost
2025-10-08 19:17:58,572 [INFO] WebApp:191 - Connection restablished
2025-10-08 19:18:02,338 [INFO] WebApp:194 - Connection lost
2025-10-08 19:18:02,601 [INFO] WebApp:191 - Connection restablished
2025-10-08 19:22:35,974 [INFO] WebApp:194 - Connection lost
2025-10-08 19:22:36,824 [INFO] WebApp:191 - Connection restablished
2025-10-08 19:22:40,326 [INFO] WebApp:194 - Connection lost
2025-10-08 19:22:40,848 [INFO] WebApp:191 - Connection restablished
2025-10-08 19:22:51,713 [INFO] WebApp:194 - Connection lost
2025-10-08 19:22:52,048 [INFO] WebApp:191 - Connection restablished
2025-10-08 19:22:54,831 [INFO] WebApp:194 - Connection lost
2025-10-08 19:22:55,320 [INFO] WebApp:191 - Connection restablished
2025-10-08 19:24:19,099 [INFO] MainUpdater:2872 - connection check result : 10
2025-10-08 19:24:19,100 [INFO] MainUpdater:2872 - connection check result : 10
2025-10-08 19:24:19,141 [ERROR] IocParser:95 - Exception caught: Cannot invoke "java.lang.CharSequence.length()" because "this.text" is null
2025-10-08 19:24:19,288 [INFO] MicroXplorer:468 - Change Database Path : 
2025-10-08 19:24:19,289 [INFO] MicroXplorer:498 - Change Database Version : DB.6.0.150
2025-10-08 19:24:19,324 [ERROR] ProjectManagerView:395 - 
java.lang.NullPointerException: Cannot invoke "javax.swing.JTextField.getText()" because the return value of "java.util.List.get(int)" is null
	at com.st.microxplorer.plugins.projectmanager.gui.ProjectChoiceTab$9.caretUpdate(ProjectChoiceTab.java:2706) ~[filemanager.jar:?]
	at javax.swing.text.JTextComponent.fireCaretUpdate(JTextComponent.java:408) ~[?:?]
	at javax.swing.text.JTextComponent$MutableCaretEvent.fire(JTextComponent.java:4484) ~[?:?]
	at javax.swing.text.JTextComponent$MutableCaretEvent.stateChanged(JTextComponent.java:4506) ~[?:?]
	at javax.swing.text.DefaultCaret.fireStateChanged(DefaultCaret.java:857) ~[?:?]
	at javax.swing.text.DefaultCaret.changeCaretPosition(DefaultCaret.java:1343) ~[?:?]
	at javax.swing.text.DefaultCaret.handleSetDot(DefaultCaret.java:1242) ~[?:?]
	at javax.swing.text.DefaultCaret.setDot(DefaultCaret.java:1223) ~[?:?]
	at javax.swing.text.DefaultCaret$Handler.insertUpdate(DefaultCaret.java:1819) ~[?:?]
	at javax.swing.text.AbstractDocument.fireInsertUpdate(AbstractDocument.java:227) ~[?:?]
	at javax.swing.text.AbstractDocument.handleInsertString(AbstractDocument.java:781) ~[?:?]
	at javax.swing.text.AbstractDocument.insertString(AbstractDocument.java:740) ~[?:?]
	at javax.swing.text.PlainDocument.insertString(PlainDocument.java:131) ~[?:?]
	at javax.swing.text.AbstractDocument.replace(AbstractDocument.java:699) ~[?:?]
	at javax.swing.text.JTextComponent.setText(JTextComponent.java:1725) ~[?:?]
	at com.st.microxplorer.plugins.projectmanager.gui.ProjectChoiceTab.createHeapStackFields(ProjectChoiceTab.java:993) ~[filemanager.jar:?]
	at com.st.microxplorer.plugins.projectmanager.gui.ProjectChoiceTab.buildLinkSettingsPanel(ProjectChoiceTab.java:3813) ~[filemanager.jar:?]
	at com.st.microxplorer.plugins.projectmanager.gui.ProjectChoiceTab.defineWindowsFields(ProjectChoiceTab.java:1987) ~[filemanager.jar:?]
	at com.st.microxplorer.plugins.projectmanager.gui.ProjectChoiceTab.updateSettings(ProjectChoiceTab.java:558) ~[filemanager.jar:?]
	at com.st.microxplorer.plugins.projectmanager.gui.ProjectSettingsPanel.UpdateDialog(ProjectSettingsPanel.java:247) ~[filemanager.jar:?]
	at com.st.microxplorer.plugins.projectmanager.ProjectManagerView.propertyChange(ProjectManagerView.java:392) ~[filemanager.jar:?]
	at java.beans.PropertyChangeSupport.fire(PropertyChangeSupport.java:343) ~[?:?]
	at java.beans.PropertyChangeSupport.firePropertyChange(PropertyChangeSupport.java:335) ~[?:?]
	at java.beans.PropertyChangeSupport.firePropertyChange(PropertyChangeSupport.java:268) ~[?:?]
	at com.st.microxplorer.util.MXPropertyChangeSupport.firePropertyChange(MXPropertyChangeSupport.java:54) ~[STM32CubeMX.jar:?]
	at com.st.microxplorer.mxsystem.MxSystem.closeConfig(MxSystem.java:899) ~[STM32CubeMX.jar:?]
	at com.st.microxplorer.maingui.MainPanel.closeConfig(MainPanel.java:792) ~[STM32CubeMX.jar:?]
	at com.st.microxplorer.plugins.filemanager.engine.OpenFileManager.loadConfigurationFile(OpenFileManager.java:288) ~[filemanager.jar:?]
	at com.st.microxplorer.plugins.filemanager.engine.MainFileManager.userLoadConfig(MainFileManager.java:364) ~[filemanager.jar:?]
	at com.st.microxplorer.plugins.filemanager.engine.MainFileManager.userLoadConfig(MainFileManager.java:342) ~[filemanager.jar:?]
	at com.st.microxplorer.plugins.filemanager.FileManagerView.getSpecificTask(FileManagerView.java:264) ~[filemanager.jar:?]
	at com.st.stm32cube.common.mx.editor.CubeMxEditor.getMxTabbedPaneInstance(CubeMxEditor.java:1198) ~[com.st.stm32cube.common.mx_6.15.0.202507011659/:?]
	at com.st.stm32cube.common.mx.editor.CubeMxEditor$12$1.createSwingComponent(CubeMxEditor.java:1068) ~[com.st.stm32cube.common.mx_6.15.0.202507011659/:?]
	at com.st.stm32cube.common.mx.oss.core.awtswtbridge.EmbeddedSwingComposite.doComponentCreation(EmbeddedSwingComposite.java:492) ~[com.st.stm32cube.common.mx.oss_6.15.0.202507011659/:?]
	at com.st.stm32cube.common.mx.oss.core.awtswtbridge.EmbeddedSwingComposite$4.run(EmbeddedSwingComposite.java:291) ~[com.st.stm32cube.common.mx.oss_6.15.0.202507011659/:?]
	at com.st.stm32cube.common.mx.oss.core.awtswtbridge.AwtEnvironment$2.run(AwtEnvironment.java:166) ~[com.st.stm32cube.common.mx.oss_6.15.0.202507011659/:?]
	at java.awt.event.InvocationEvent.dispatch(InvocationEvent.java:318) ~[?:?]
	at java.awt.EventQueue.dispatchEventImpl(EventQueue.java:773) ~[?:?]
	at java.awt.EventQueue$4.run(EventQueue.java:720) ~[?:?]
	at java.awt.EventQueue$4.run(EventQueue.java:714) ~[?:?]
	at java.security.AccessController.doPrivileged(AccessController.java:400) ~[?:?]
	at java.security.ProtectionDomain$JavaSecurityAccessImpl.doIntersectionPrivilege(ProtectionDomain.java:87) ~[?:?]
	at java.awt.EventQueue.dispatchEvent(EventQueue.java:742) ~[?:?]
	at java.awt.EventDispatchThread.pumpOneEventForFilters(EventDispatchThread.java:203) ~[?:?]
	at java.awt.EventDispatchThread.pumpEventsForFilter(EventDispatchThread.java:124) ~[?:?]
	at java.awt.EventDispatchThread.pumpEventsForHierarchy(EventDispatchThread.java:113) ~[?:?]
	at java.awt.EventDispatchThread.pumpEvents(EventDispatchThread.java:109) ~[?:?]
	at java.awt.EventDispatchThread.pumpEvents(EventDispatchThread.java:101) ~[?:?]
	at java.awt.EventDispatchThread.run(EventDispatchThread.java:90) ~[?:?]
2025-10-08 19:24:19,326 [WARN] ThirdParty:871 - waiting for thirdparty lock release [close project]
2025-10-08 19:24:19,326 [INFO] ThirdParty:873 - entering critical section [close project]
2025-10-08 19:24:19,326 [INFO] ThirdParty:883 - exiting critical section [close project]
2025-10-08 19:24:19,329 [INFO] PinOutPanel:1589 - setPackage(No Configuration,No Configuration)
2025-10-08 19:24:19,342 [WARN] IpParametersView:155 - Warning: This peripheral hasn't parameters
2025-10-08 19:24:19,359 [WARN] MainPanel:289 - <html><b><center>Warning: This peripheral has no parameters to be configured<br></b></html>
2025-10-08 19:24:19,364 [INFO] UtilMem:75 - Begin LoadConfig() Used Memory: 580859648 Bytes (1073741824)
2025-10-08 19:24:19,366 [INFO] MicroXplorer:468 - Change Database Path : 
2025-10-08 19:24:19,366 [INFO] MicroXplorer:498 - Change Database Version : DB.6.0.150
2025-10-08 19:24:19,366 [INFO] OpenFileManager:355 - Change cursor
2025-10-08 19:24:19,429 [INFO] Mcu:2029 - Initializing MCU STM32H753ZITx STM32H753ZITx STM32H753ZIT6
2025-10-08 19:24:23,769 [INFO] Context:786 - Trying to add GPIOservice into a context  which must be forbidden
2025-10-08 19:24:25,727 [INFO] ApiDbMcu:532 - Load IP Config File for STMicroelectronics.X-CUBE-AZRTOS-H7.3.3.0
2025-10-08 19:24:25,977 [INFO] ApiDbMcu:532 - Load IP Config File for NUCLEO-H753ZI
2025-10-08 19:24:26,165 [INFO] ImportTextPane:234 - (OptionalMessage_ERROR) Pin21 (VP_RIF_VS_RIF1) cannot be retrieved for this MCU
2025-10-08 19:24:26,188 [INFO] ImportTextPane:234 - (OptionalMessage_ERROR) Unable to find key (Mcu.IP6) in loaded IOC file
2025-10-08 19:24:26,188 [INFO] ImportTextPane:234 - (OptionalMessage_ERROR) Unknown IP (dummy)
2025-10-08 19:24:26,272 [INFO] RtosManager:558 - Registered RTOS mode: class=CMSIS, group=RTOS, mode=CMSIS_V1, owner=FREERTOS
2025-10-08 19:24:26,272 [INFO] RtosManager:558 - Registered RTOS mode: class=CMSIS, group=RTOS2, mode=CMSIS_V2, owner=FREERTOS
2025-10-08 19:24:26,272 [INFO] RtosManager:558 - Registered RTOS mode: class=RTOS, group=Core, mode=CMSIS_V1, owner=FREERTOS
2025-10-08 19:24:26,272 [INFO] RtosManager:558 - Registered RTOS mode: class=RTOS, group=Core, mode=CMSIS_V2, owner=FREERTOS
2025-10-08 19:24:26,272 [WARN] ModelIntegratedComponent:184 - Missing modes for component STMicroelectronics:FreeRTOS:0.0.1:STMicroelectronics:RTOS:FreeRTOS:Core:::10.2.0:
2025-10-08 19:24:26,297 [WARN] ModelIntegratedComponent:63 - No mode defined for component null
2025-10-08 19:24:26,297 [WARN] ModelIntegratedComponent:63 - No mode defined for component null
2025-10-08 19:24:26,297 [WARN] ModelIntegratedComponent:63 - No mode defined for component null
2025-10-08 19:24:26,297 [WARN] ModelIntegratedComponent:63 - No mode defined for component null
2025-10-08 19:24:26,297 [WARN] ModelIntegratedComponent:63 - No mode defined for component null
2025-10-08 19:24:26,297 [WARN] ModelIntegratedComponent:63 - No mode defined for component null
2025-10-08 19:24:26,297 [WARN] ModelIntegratedComponent:63 - No mode defined for component null
2025-10-08 19:24:26,297 [WARN] ModelIntegratedComponent:63 - No mode defined for component null
2025-10-08 19:24:26,297 [WARN] ModelIntegratedComponent:63 - No mode defined for component null
2025-10-08 19:24:26,297 [WARN] ModelIntegratedComponent:63 - No mode defined for component null
2025-10-08 19:24:26,297 [WARN] ModelIntegratedComponent:63 - No mode defined for component null
2025-10-08 19:24:26,297 [WARN] ModelIntegratedComponent:63 - No mode defined for component null
2025-10-08 19:24:26,297 [WARN] ModelIntegratedComponent:63 - No mode defined for component null
2025-10-08 19:24:26,297 [WARN] ModelIntegratedComponent:63 - No mode defined for component null
2025-10-08 19:24:26,297 [WARN] ModelIntegratedComponent:63 - No mode defined for component null
2025-10-08 19:24:26,297 [WARN] ModelIntegratedComponent:63 - No mode defined for component null
2025-10-08 19:24:26,297 [WARN] ModelIntegratedComponent:63 - No mode defined for component null
2025-10-08 19:24:26,297 [WARN] ModelIntegratedComponent:63 - No mode defined for component null
2025-10-08 19:24:26,297 [WARN] ModelIntegratedComponent:63 - No mode defined for component null
2025-10-08 19:24:26,297 [WARN] ModelIntegratedComponent:63 - No mode defined for component null
2025-10-08 19:24:26,297 [WARN] ModelIntegratedComponent:63 - No mode defined for component null
2025-10-08 19:24:26,297 [WARN] ModelIntegratedComponent:63 - No mode defined for component null
2025-10-08 19:24:26,298 [WARN] ModelIntegratedComponent:63 - No mode defined for component null
2025-10-08 19:24:26,298 [WARN] ModelIntegratedComponent:63 - No mode defined for component null
2025-10-08 19:24:26,298 [WARN] ModelIntegratedComponent:63 - No mode defined for component null
2025-10-08 19:24:26,298 [WARN] ModelIntegratedComponent:63 - No mode defined for component null
2025-10-08 19:24:26,298 [WARN] ModelIntegratedComponent:63 - No mode defined for component null
2025-10-08 19:24:26,298 [WARN] ModelIntegratedComponent:63 - No mode defined for component null
2025-10-08 19:24:26,298 [WARN] ModelIntegratedComponent:63 - No mode defined for component null
2025-10-08 19:24:26,298 [WARN] ModelIntegratedComponent:63 - No mode defined for component null
2025-10-08 19:24:26,298 [WARN] ModelIntegratedComponent:63 - No mode defined for component null
2025-10-08 19:24:26,298 [WARN] ModelIntegratedComponent:63 - No mode defined for component null
2025-10-08 19:24:26,298 [WARN] ModelIntegratedComponent:63 - No mode defined for component null
2025-10-08 19:24:26,298 [WARN] ModelIntegratedComponent:63 - No mode defined for component null
2025-10-08 19:24:26,298 [WARN] ModelIntegratedComponent:63 - No mode defined for component null
2025-10-08 19:24:26,298 [WARN] ModelPack:524 - Component already loaded: STMicroelectronics:HAL Drivers:0.0.0:STMicroelectronics:Device:STMicro_Driver:XSPI:HAL::0.0.1:HAL_XSPI
2025-10-08 19:24:26,511 [WARN] IP:2250 - TX_NO_TIMER not found: check if there is a RefParameter without a condition.
2025-10-08 19:24:26,511 [WARN] IP:2250 - TX_BASEPRI_VALUE not found: check if there is a RefParameter without a condition.
2025-10-08 19:24:26,511 [WARN] IP:2250 - TX_APP_CREATION not found: check if there is a RefParameter without a condition.
2025-10-08 19:24:26,511 [WARN] IP:2250 - TX_APP_THREAD_ENTRY not found: check if there is a RefParameter without a condition.
2025-10-08 19:24:26,512 [WARN] IP:2250 - TX_APP_THREAD_NAME not found: check if there is a RefParameter without a condition.
2025-10-08 19:24:26,512 [WARN] IP:2250 - TX_APP_THREAD_PRIO not found: check if there is a RefParameter without a condition.
2025-10-08 19:24:26,512 [WARN] IP:2250 - TX_APP_STACK_SIZE not found: check if there is a RefParameter without a condition.
2025-10-08 19:24:26,512 [WARN] IP:2250 - TX_APP_SEM_CREATION not found: check if there is a RefParameter without a condition.
2025-10-08 19:24:26,512 [WARN] IP:2250 - TX_SEMAPHORE_NAME not found: check if there is a RefParameter without a condition.
2025-10-08 19:24:26,512 [WARN] IP:2250 - TX_SEMAPHORE_COUNT not found: check if there is a RefParameter without a condition.
2025-10-08 19:24:26,512 [WARN] IP:2250 - TX_APP_MUTEX_CREATION not found: check if there is a RefParameter without a condition.
2025-10-08 19:24:26,512 [WARN] IP:2250 - TX_MUTEX_NAME not found: check if there is a RefParameter without a condition.
2025-10-08 19:24:26,512 [WARN] IP:2250 - TX_Mutex_INHERITANCE not found: check if there is a RefParameter without a condition.
2025-10-08 19:24:26,512 [WARN] IP:2250 - TX_APP_MSG_QUEUE_CREATION not found: check if there is a RefParameter without a condition.
2025-10-08 19:24:26,512 [WARN] IP:2250 - TX_MSG_QUEUE_NAME not found: check if there is a RefParameter without a condition.
2025-10-08 19:24:26,512 [WARN] IP:2250 - TX_MSG_SIZE_WORDS not found: check if there is a RefParameter without a condition.
2025-10-08 19:24:26,512 [WARN] IP:2250 - TX_NB_MSG not found: check if there is a RefParameter without a condition.
2025-10-08 19:24:26,512 [WARN] IP:2250 - TX_NO_TIMER not found: check if there is a RefParameter without a condition.
2025-10-08 19:24:26,513 [WARN] IP:2250 - TX_BASEPRI_VALUE not found: check if there is a RefParameter without a condition.
2025-10-08 19:24:26,513 [WARN] IP:2250 - TX_APP_CREATION not found: check if there is a RefParameter without a condition.
2025-10-08 19:24:26,513 [WARN] IP:2250 - TX_APP_THREAD_ENTRY not found: check if there is a RefParameter without a condition.
2025-10-08 19:24:26,513 [WARN] IP:2250 - TX_APP_THREAD_NAME not found: check if there is a RefParameter without a condition.
2025-10-08 19:24:26,513 [WARN] IP:2250 - TX_APP_THREAD_PRIO not found: check if there is a RefParameter without a condition.
2025-10-08 19:24:26,513 [WARN] IP:2250 - TX_APP_STACK_SIZE not found: check if there is a RefParameter without a condition.
2025-10-08 19:24:26,513 [WARN] IP:2250 - TX_APP_SEM_CREATION not found: check if there is a RefParameter without a condition.
2025-10-08 19:24:26,513 [WARN] IP:2250 - TX_SEMAPHORE_NAME not found: check if there is a RefParameter without a condition.
2025-10-08 19:24:26,513 [WARN] IP:2250 - TX_SEMAPHORE_COUNT not found: check if there is a RefParameter without a condition.
2025-10-08 19:24:26,513 [WARN] IP:2250 - TX_APP_MUTEX_CREATION not found: check if there is a RefParameter without a condition.
2025-10-08 19:24:26,513 [WARN] IP:2250 - TX_MUTEX_NAME not found: check if there is a RefParameter without a condition.
2025-10-08 19:24:26,513 [WARN] IP:2250 - TX_Mutex_INHERITANCE not found: check if there is a RefParameter without a condition.
2025-10-08 19:24:26,513 [WARN] IP:2250 - TX_APP_MSG_QUEUE_CREATION not found: check if there is a RefParameter without a condition.
2025-10-08 19:24:26,513 [WARN] IP:2250 - TX_MSG_QUEUE_NAME not found: check if there is a RefParameter without a condition.
2025-10-08 19:24:26,513 [WARN] IP:2250 - TX_MSG_SIZE_WORDS not found: check if there is a RefParameter without a condition.
2025-10-08 19:24:26,513 [WARN] IP:2250 - TX_NB_MSG not found: check if there is a RefParameter without a condition.
2025-10-08 19:24:26,513 [INFO] RtosManager:558 - Registered RTOS mode: class=RTOS, group=ThreadX, mode=RTOSJjThreadX, owner=STMicroelectronics.X-CUBE-AZRTOS-H7.3.3.0
2025-10-08 19:24:26,514 [WARN] IP:2250 - TX_APP_CREATION not found: check if there is a RefParameter without a condition.
2025-10-08 19:24:26,514 [WARN] IP:2250 - TX_APP_THREAD_ENTRY not found: check if there is a RefParameter without a condition.
2025-10-08 19:24:26,514 [WARN] IP:2250 - TX_APP_THREAD_NAME not found: check if there is a RefParameter without a condition.
2025-10-08 19:24:26,514 [WARN] IP:2250 - TX_APP_THREAD_PRIO not found: check if there is a RefParameter without a condition.
2025-10-08 19:24:26,514 [WARN] IP:2250 - TX_APP_STACK_SIZE not found: check if there is a RefParameter without a condition.
2025-10-08 19:24:26,514 [WARN] IP:2250 - TX_APP_SEM_CREATION not found: check if there is a RefParameter without a condition.
2025-10-08 19:24:26,514 [WARN] IP:2250 - TX_SEMAPHORE_NAME not found: check if there is a RefParameter without a condition.
2025-10-08 19:24:26,514 [WARN] IP:2250 - TX_SEMAPHORE_COUNT not found: check if there is a RefParameter without a condition.
2025-10-08 19:24:26,514 [WARN] IP:2250 - TX_APP_MUTEX_CREATION not found: check if there is a RefParameter without a condition.
2025-10-08 19:24:26,514 [WARN] IP:2250 - TX_MUTEX_NAME not found: check if there is a RefParameter without a condition.
2025-10-08 19:24:26,514 [WARN] IP:2250 - TX_Mutex_INHERITANCE not found: check if there is a RefParameter without a condition.
2025-10-08 19:24:26,514 [WARN] IP:2250 - TX_APP_MSG_QUEUE_CREATION not found: check if there is a RefParameter without a condition.
2025-10-08 19:24:26,514 [WARN] IP:2250 - TX_MSG_QUEUE_NAME not found: check if there is a RefParameter without a condition.
2025-10-08 19:24:26,514 [WARN] IP:2250 - TX_MSG_SIZE_WORDS not found: check if there is a RefParameter without a condition.
2025-10-08 19:24:26,514 [WARN] IP:2250 - TX_NB_MSG not found: check if there is a RefParameter without a condition.
2025-10-08 19:24:26,514 [INFO] RtosManager:558 - Registered RTOS mode: class=RTOS, group=ThreadX, mode=RTOSJjThreadX, owner=STMicroelectronics.X-CUBE-AZRTOS-H7.3.3.0
2025-10-08 19:24:26,515 [WARN] IP:2250 - TX_NO_TIMER not found: check if there is a RefParameter without a condition.
2025-10-08 19:24:26,516 [WARN] IP:2250 - TX_BASEPRI_VALUE not found: check if there is a RefParameter without a condition.
2025-10-08 19:24:26,516 [WARN] IP:2250 - TX_APP_CREATION not found: check if there is a RefParameter without a condition.
2025-10-08 19:24:26,516 [WARN] IP:2250 - TX_APP_THREAD_ENTRY not found: check if there is a RefParameter without a condition.
2025-10-08 19:24:26,516 [WARN] IP:2250 - TX_APP_THREAD_NAME not found: check if there is a RefParameter without a condition.
2025-10-08 19:24:26,516 [WARN] IP:2250 - TX_APP_THREAD_PRIO not found: check if there is a RefParameter without a condition.
2025-10-08 19:24:26,516 [WARN] IP:2250 - TX_APP_STACK_SIZE not found: check if there is a RefParameter without a condition.
2025-10-08 19:24:26,516 [WARN] IP:2250 - TX_APP_SEM_CREATION not found: check if there is a RefParameter without a condition.
2025-10-08 19:24:26,516 [WARN] IP:2250 - TX_SEMAPHORE_NAME not found: check if there is a RefParameter without a condition.
2025-10-08 19:24:26,516 [WARN] IP:2250 - TX_SEMAPHORE_COUNT not found: check if there is a RefParameter without a condition.
2025-10-08 19:24:26,516 [WARN] IP:2250 - TX_APP_MUTEX_CREATION not found: check if there is a RefParameter without a condition.
2025-10-08 19:24:26,516 [WARN] IP:2250 - TX_MUTEX_NAME not found: check if there is a RefParameter without a condition.
2025-10-08 19:24:26,516 [WARN] IP:2250 - TX_Mutex_INHERITANCE not found: check if there is a RefParameter without a condition.
2025-10-08 19:24:26,516 [WARN] IP:2250 - TX_APP_MSG_QUEUE_CREATION not found: check if there is a RefParameter without a condition.
2025-10-08 19:24:26,517 [WARN] IP:2250 - TX_MSG_QUEUE_NAME not found: check if there is a RefParameter without a condition.
2025-10-08 19:24:26,517 [WARN] IP:2250 - TX_MSG_SIZE_WORDS not found: check if there is a RefParameter without a condition.
2025-10-08 19:24:26,517 [WARN] IP:2250 - TX_NB_MSG not found: check if there is a RefParameter without a condition.
2025-10-08 19:24:27,129 [INFO] ThirdPartyModel:298 - Start build external matchings
2025-10-08 19:24:27,562 [INFO] ThirdPartyModel:316 - End build external matchings
2025-10-08 19:24:27,576 [INFO] RtosManager:1018 - Current active RTOS is STMicroelectronics.X-CUBE-AZRTOS-H7.3.3.0 [Cortex-M7NS]
2025-10-08 19:24:27,588 [WARN] IP:2250 - TX_NO_TIMER not found: check if there is a RefParameter without a condition.
2025-10-08 19:24:27,589 [WARN] IP:2250 - TX_BASEPRI_VALUE not found: check if there is a RefParameter without a condition.
2025-10-08 19:24:27,589 [WARN] IP:2250 - TX_APP_CREATION not found: check if there is a RefParameter without a condition.
2025-10-08 19:24:27,589 [WARN] IP:2250 - TX_APP_THREAD_ENTRY not found: check if there is a RefParameter without a condition.
2025-10-08 19:24:27,589 [WARN] IP:2250 - TX_APP_THREAD_NAME not found: check if there is a RefParameter without a condition.
2025-10-08 19:24:27,589 [WARN] IP:2250 - TX_APP_THREAD_PRIO not found: check if there is a RefParameter without a condition.
2025-10-08 19:24:27,589 [WARN] IP:2250 - TX_APP_STACK_SIZE not found: check if there is a RefParameter without a condition.
2025-10-08 19:24:27,589 [WARN] IP:2250 - TX_APP_SEM_CREATION not found: check if there is a RefParameter without a condition.
2025-10-08 19:24:27,589 [WARN] IP:2250 - TX_SEMAPHORE_NAME not found: check if there is a RefParameter without a condition.
2025-10-08 19:24:27,589 [WARN] IP:2250 - TX_SEMAPHORE_COUNT not found: check if there is a RefParameter without a condition.
2025-10-08 19:24:27,589 [WARN] IP:2250 - TX_APP_MUTEX_CREATION not found: check if there is a RefParameter without a condition.
2025-10-08 19:24:27,589 [WARN] IP:2250 - TX_MUTEX_NAME not found: check if there is a RefParameter without a condition.
2025-10-08 19:24:27,589 [WARN] IP:2250 - TX_Mutex_INHERITANCE not found: check if there is a RefParameter without a condition.
2025-10-08 19:24:27,589 [WARN] IP:2250 - TX_APP_MSG_QUEUE_CREATION not found: check if there is a RefParameter without a condition.
2025-10-08 19:24:27,589 [WARN] IP:2250 - TX_MSG_QUEUE_NAME not found: check if there is a RefParameter without a condition.
2025-10-08 19:24:27,589 [WARN] IP:2250 - TX_MSG_SIZE_WORDS not found: check if there is a RefParameter without a condition.
2025-10-08 19:24:27,589 [WARN] IP:2250 - TX_NB_MSG not found: check if there is a RefParameter without a condition.
2025-10-08 19:24:28,299 [INFO] UtilMem:75 - End LoadConfig() Used Memory: 738249032 Bytes (1073741824)
2025-10-08 19:24:28,373 [WARN] ThirdParty:833 - waiting for thirdparty lock release [change project]
2025-10-08 19:24:28,373 [INFO] ThirdParty:835 - entering critical section [change project]
2025-10-08 19:24:28,373 [INFO] ThirdParty:1030 - CMSIS Pack Vendor :STMicroelectronics X-CUBE-PM33A1 1.0.0
2025-10-08 19:24:28,373 [INFO] ThirdParty:1030 - CMSIS Pack Vendor :STMicroelectronics USBPD 4.1
2025-10-08 19:24:28,373 [INFO] ThirdParty:1030 - CMSIS Pack Vendor :STMicroelectronics X-CUBE-AZRTOS-H7 3.3.0
2025-10-08 19:24:28,373 [INFO] ThirdParty:1030 - CMSIS Pack Vendor :STMicroelectronics X-CUBE-NFC9 1.0.0
2025-10-08 19:24:28,373 [INFO] ThirdParty:1030 - CMSIS Pack Vendor :STMicroelectronics USB_HOST 2.0.0
2025-10-08 19:24:28,373 [INFO] ThirdParty:1030 - CMSIS Pack Vendor :STMicroelectronics FP-SNS-MOTENVWB1 1.4.0
2025-10-08 19:24:28,374 [INFO] ThirdParty:1030 - CMSIS Pack Vendor :STMicroelectronics X-CUBE-AZRTOS-F4 1.1.0
2025-10-08 19:24:28,374 [INFO] ThirdParty:1030 - CMSIS Pack Vendor :STMicroelectronics LIBJPEG 8.0.0
2025-10-08 19:24:28,374 [INFO] ThirdParty:1030 - CMSIS Pack Vendor :STMicroelectronics FP-ATR-ASTRA1 2.0.2
2025-10-08 19:24:28,374 [INFO] ThirdParty:1030 - CMSIS Pack Vendor :wolfSSL I-CUBE-wolfSSL 5.8.2
2025-10-08 19:24:28,374 [INFO] ThirdParty:1030 - CMSIS Pack Vendor :STMicroelectronics X-CUBE-BLE1 7.1.0
2025-10-08 19:24:28,374 [INFO] ThirdParty:1030 - CMSIS Pack Vendor :Avnet-IotConnect X-CUBE-IoTC-DA16k-PMOD 1.0.0
2025-10-08 19:24:28,374 [INFO] ThirdParty:1030 - CMSIS Pack Vendor :STMicroelectronics X-CUBE-SMBUS 2.1.0
2025-10-08 19:24:28,374 [INFO] ThirdParty:1030 - CMSIS Pack Vendor :wolfSSL I-CUBE-wolfMQTT 1.19.2
2025-10-08 19:24:28,374 [INFO] ThirdParty:1030 - CMSIS Pack Vendor :STMicroelectronics USB_DEVICE 3.0.0
2025-10-08 19:24:28,374 [INFO] ThirdParty:1030 - CMSIS Pack Vendor :STMicroelectronics X-CUBE-ISPU 2.1.0
2025-10-08 19:24:28,374 [INFO] ThirdParty:1030 - CMSIS Pack Vendor :STMicroelectronics X-CUBE-EEPRMA1 5.2.0
2025-10-08 19:24:28,374 [INFO] ThirdParty:1030 - CMSIS Pack Vendor :STMicroelectronics X-CUBE-BLEMGR 4.1.0
2025-10-08 19:24:28,374 [INFO] ThirdParty:1030 - CMSIS Pack Vendor :STMicroelectronics X-CUBE-AZRTOS-WB 2.0.0
2025-10-08 19:24:28,374 [INFO] ThirdParty:1030 - CMSIS Pack Vendor :STMicroelectronics X-CUBE-ST60 1.0.0
2025-10-08 19:24:28,374 [INFO] ThirdParty:1030 - CMSIS Pack Vendor :STMicroelectronics X-CUBE-GNSS1 7.0.1
2025-10-08 19:24:28,374 [INFO] ThirdParty:1030 - CMSIS Pack Vendor :STMicroelectronics X-CUBE-NFC12 1.0.0
2025-10-08 19:24:28,374 [INFO] ThirdParty:1030 - CMSIS Pack Vendor :STMicroelectronics X-CUBE-AZRTOS-F7 1.1.0
2025-10-08 19:24:28,374 [INFO] ThirdParty:1030 - CMSIS Pack Vendor :STMicroelectronics X-CUBE-AZRTOS-L5 2.0.0
2025-10-08 19:24:28,374 [INFO] ThirdParty:1030 - CMSIS Pack Vendor :STMicroelectronics X-CUBE-TOUCHGFX 4.25.0
2025-10-08 19:24:28,374 [INFO] ThirdParty:1030 - CMSIS Pack Vendor :STMicroelectronics USB_DEVICE 2.0.0
2025-10-08 19:24:28,374 [INFO] ThirdParty:1030 - CMSIS Pack Vendor :STMicroelectronics X-CUBE-NFC6 3.1.0
2025-10-08 19:24:28,374 [INFO] ThirdParty:1030 - CMSIS Pack Vendor :Cesanta I-CUBE-Mongoose 7.19.0
2025-10-08 19:24:28,374 [INFO] ThirdParty:1030 - CMSIS Pack Vendor :quantropi X-CUBE-qispace-sdk-base 2.1.0
2025-10-08 19:24:28,374 [INFO] ThirdParty:1030 - CMSIS Pack Vendor :STMicroelectronics FreeRTOS 0.0.1
2025-10-08 19:24:28,374 [INFO] ThirdParty:1030 - CMSIS Pack Vendor :STMicroelectronics X-CUBE-AZRTOS-G0 1.1.0
2025-10-08 19:24:28,374 [INFO] ThirdParty:1030 - CMSIS Pack Vendor :STMicroelectronics X-CUBE-SAFEA1 1.2.2
2025-10-08 19:24:28,374 [INFO] ThirdParty:1030 - CMSIS Pack Vendor :STMicroelectronics X-CUBE-NFC4 3.0.0
2025-10-08 19:24:28,374 [INFO] ThirdParty:1030 - CMSIS Pack Vendor :STMicroelectronics X-CUBE-SUBG2 5.0.0
2025-10-08 19:24:28,374 [INFO] ThirdParty:1030 - CMSIS Pack Vendor :STMicroelectronics X-CUBE-AZRTOS-H7RS 1.1.0
2025-10-08 19:24:28,374 [INFO] ThirdParty:1030 - CMSIS Pack Vendor :STMicroelectronics STM32_WPAN 1.0.0
2025-10-08 19:24:28,374 [INFO] ThirdParty:1030 - CMSIS Pack Vendor :EmbeddedOffice I-CUBE-FS-RTOS 1.0.1
2025-10-08 19:24:28,374 [INFO] ThirdParty:1030 - CMSIS Pack Vendor :STMicroelectronics lwIP 2.0.3
2025-10-08 19:24:28,374 [INFO] ThirdParty:1030 - CMSIS Pack Vendor :WES I-CUBE-Cesium 1.4.0
2025-10-08 19:24:28,374 [INFO] ThirdParty:1030 - CMSIS Pack Vendor :STMicroelectronics USB_HOST 1.0.0
2025-10-08 19:24:28,374 [INFO] ThirdParty:1030 - CMSIS Pack Vendor :Infineon AIROC-Wi-Fi-Bluetooth-STM32 1.7.1
2025-10-08 19:24:28,374 [INFO] ThirdParty:1030 - CMSIS Pack Vendor :STMicroelectronics X-CUBE-AZRTOS-G4 2.0.0
2025-10-08 19:24:28,374 [INFO] ThirdParty:1030 - CMSIS Pack Vendor :STMicroelectronics X-CUBE-WB05N 2.0.0
2025-10-08 19:24:28,374 [INFO] ThirdParty:1030 - CMSIS Pack Vendor :STMicroelectronics PDM2PCM 3.1.0
2025-10-08 19:24:28,374 [INFO] ThirdParty:1030 - CMSIS Pack Vendor :STMicroelectronics PDM2PCM 3.3.0
2025-10-08 19:24:28,374 [INFO] ThirdParty:1030 - CMSIS Pack Vendor :wolfSSL I-CUBE-wolfTPM 3.8.0
2025-10-08 19:24:28,374 [INFO] ThirdParty:1030 - CMSIS Pack Vendor :STMicroelectronics X-CUBE-AZRTOS-H7 3.4.0
2025-10-08 19:24:28,375 [INFO] ThirdParty:1030 - CMSIS Pack Vendor :STMicroelectronics X-CUBE-DISPLAY 3.0.0
2025-10-08 19:24:28,375 [INFO] ThirdParty:1030 - CMSIS Pack Vendor :wolfSSL I-CUBE-wolfSSH 1.4.20
2025-10-08 19:24:28,375 [INFO] ThirdParty:1030 - CMSIS Pack Vendor :STMicroelectronics X-CUBE-NFC7 2.0.0
2025-10-08 19:24:28,375 [INFO] ThirdParty:1030 - CMSIS Pack Vendor :STMicroelectronics X-CUBE-TCPP 4.2.0
2025-10-08 19:24:28,375 [INFO] ThirdParty:1030 - CMSIS Pack Vendor :RealThread X-CUBE-RT-Thread_Nano 4.1.1
2025-10-08 19:24:28,375 [INFO] ThirdParty:1030 - CMSIS Pack Vendor :STMicroelectronics FP-ATR-SIGFOX1 3.2.0
2025-10-08 19:24:28,375 [INFO] ThirdParty:1030 - CMSIS Pack Vendor :STMicroelectronics X-CUBE-NFC10 1.0.0
2025-10-08 19:24:28,375 [INFO] ThirdParty:1030 - CMSIS Pack Vendor :STMicroelectronics X-CUBE-FREERTOS 1.3.1
2025-10-08 19:24:28,375 [INFO] ThirdParty:1030 - CMSIS Pack Vendor :STMicroelectronics HAL Drivers 0.0.0
2025-10-08 19:24:28,375 [INFO] ThirdParty:1030 - CMSIS Pack Vendor :STMicroelectronics MBEDTLS 2.16.2
2025-10-08 19:24:28,375 [INFO] ThirdParty:1030 - CMSIS Pack Vendor :STMicroelectronics X-CUBE-IPS 3.1.0
2025-10-08 19:24:28,375 [INFO] ThirdParty:1030 - CMSIS Pack Vendor :STMicroelectronics X-CUBE-ALS 1.0.2
2025-10-08 19:24:28,375 [INFO] ThirdParty:1030 - CMSIS Pack Vendor :emotas I-CUBE-CANOPEN 1.3.0
2025-10-08 19:24:28,375 [INFO] ThirdParty:1030 - CMSIS Pack Vendor :STMicroelectronics MBEDTLS 2.14.1
2025-10-08 19:24:28,375 [INFO] ThirdParty:1030 - CMSIS Pack Vendor :ITTIA_DB I-CUBE-ITTIADB 8.9.0
2025-10-08 19:24:28,375 [INFO] ThirdParty:1030 - CMSIS Pack Vendor :STMicroelectronics X-CUBE-TOUCHGFX 4.26.0
2025-10-08 19:24:28,375 [INFO] ThirdParty:1030 - CMSIS Pack Vendor :STMicroelectronics X-CUBE-STSE01 1.0.0
2025-10-08 19:24:28,375 [INFO] ThirdParty:1030 - CMSIS Pack Vendor :STMicroelectronics X-CUBE-ST67W61 1.0.0
2025-10-08 19:24:28,375 [INFO] ThirdParty:1030 - CMSIS Pack Vendor :STMicroelectronics FP-SNS-STBOX1 2.1.0
2025-10-08 19:24:28,375 [INFO] ThirdParty:1030 - CMSIS Pack Vendor :STMicroelectronics X-CUBE-AI 10.2.0
2025-10-08 19:24:28,375 [INFO] ThirdParty:1030 - CMSIS Pack Vendor :STMicroelectronics FP-SNS-STAIOTCFT 1.0.0
2025-10-08 19:24:28,375 [INFO] ThirdParty:1030 - CMSIS Pack Vendor :STMicroelectronics ThreadX 1.0.0
2025-10-08 19:24:28,375 [INFO] ThirdParty:1030 - CMSIS Pack Vendor :STMicroelectronics FP-SNS-SMARTAG2 1.2.0
2025-10-08 19:24:28,375 [INFO] ThirdParty:1030 - CMSIS Pack Vendor :STMicroelectronics FP-SNS-FLIGHT1 5.1.0
2025-10-08 19:24:28,375 [INFO] ThirdParty:1030 - CMSIS Pack Vendor :STMicroelectronics X-CUBE-AZRTOS-WL 2.0.0
2025-10-08 19:24:28,375 [INFO] ThirdParty:1030 - CMSIS Pack Vendor :SEGGER I-CUBE-embOS 1.3.1
2025-10-08 19:24:28,375 [INFO] ThirdParty:1030 - CMSIS Pack Vendor :STMicroelectronics X-CUBE-ALGOBUILD 1.4.0
2025-10-08 19:24:28,375 [INFO] ThirdParty:1030 - CMSIS Pack Vendor :STMicroelectronics X-CUBE-DPower 1.3.0
2025-10-08 19:24:28,375 [INFO] ThirdParty:1030 - CMSIS Pack Vendor :STMicroelectronics X-CUBE-MEMS1 11.3.0
2025-10-08 19:24:28,375 [INFO] ThirdParty:1030 - CMSIS Pack Vendor :STMicroelectronics FP-SNS-MOTENV1 5.0.0
2025-10-08 19:24:28,375 [INFO] ThirdParty:1030 - CMSIS Pack Vendor :STMicroelectronics USB_DEVICE 1.0.0
2025-10-08 19:24:28,375 [INFO] ThirdParty:1030 - CMSIS Pack Vendor :STMicroelectronics X-CUBE-AZRTOS-L4 2.0.0
2025-10-08 19:24:28,375 [INFO] ThirdParty:1030 - CMSIS Pack Vendor :STMicroelectronics ThreadX 0.0.2
2025-10-08 19:24:28,375 [INFO] ThirdParty:1030 - CMSIS Pack Vendor :STMicroelectronics lwIP 2.1.2
2025-10-08 19:24:28,375 [INFO] ThirdParty:1030 - CMSIS Pack Vendor :STMicroelectronics X-CUBE-SFXS2LP1 4.0.0
2025-10-08 19:24:28,375 [INFO] ThirdParty:1030 - CMSIS Pack Vendor :STMicroelectronics X-CUBE-BLE2 3.3.0
2025-10-08 19:24:28,375 [INFO] ThirdParty:1030 - CMSIS Pack Vendor :STMicroelectronics X-CUBE-TOF1 3.4.3
2025-10-08 19:24:28,375 [INFO] ThirdParty:1030 - CMSIS Pack Vendor :STMicroelectronics PDM2PCM 3.2.0
2025-10-08 19:24:28,376 [INFO] ThirdParty:841 - exiting critical section [change project]
2025-10-08 19:24:28,775 [INFO] PinOutPanel:1589 - setPackage(No Configuration,No Configuration)
2025-10-08 19:24:28,777 [INFO] PinOutPanel:1589 - setPackage(STM32H753ZITx,LQFP144)
2025-10-08 19:24:29,693 [INFO] UtilMem:75 - Before build in PCC Used Memory: 735000320 Bytes (1073741824)
2025-10-08 19:24:30,135 [INFO] UtilMem:75 - After build in PCC Used Memory: 798961408 Bytes (1073741824)
2025-10-08 19:24:30,185 [INFO] IPUIPlugin:80 - create IPUIPlugin
2025-10-08 19:24:30,185 [INFO] IPUIPlugin:80 - create IPUIPlugin
2025-10-08 19:24:30,185 [INFO] IPUIPlugin:80 - create IPUIPlugin
2025-10-08 19:24:30,185 [INFO] IPUIPlugin:80 - create IPUIPlugin
2025-10-08 19:24:30,185 [INFO] IPUIPlugin:80 - create IPUIPlugin
2025-10-08 19:24:30,185 [INFO] IPUIPlugin:80 - create IPUIPlugin
2025-10-08 19:24:30,186 [INFO] IPUIPlugin:80 - create IPUIPlugin
2025-10-08 19:24:30,186 [INFO] IPUIPlugin:80 - create IPUIPlugin
2025-10-08 19:24:30,186 [INFO] IPUIPlugin:80 - create IPUIPlugin
2025-10-08 19:24:30,186 [INFO] IPUIPlugin:80 - create IPUIPlugin
2025-10-08 19:24:30,186 [INFO] IPUIPlugin:80 - create IPUIPlugin
2025-10-08 19:24:30,186 [INFO] IPUIPlugin:80 - create IPUIPlugin
2025-10-08 19:24:30,186 [INFO] IPUIPlugin:80 - create IPUIPlugin
2025-10-08 19:24:30,186 [INFO] IPUIPlugin:80 - create IPUIPlugin
2025-10-08 19:24:30,186 [INFO] IPUIPlugin:80 - create IPUIPlugin
2025-10-08 19:24:30,187 [INFO] IPUIPlugin:80 - create IPUIPlugin
2025-10-08 19:24:30,187 [INFO] IPUIPlugin:80 - create IPUIPlugin
2025-10-08 19:24:30,187 [INFO] IPUIPlugin:80 - create IPUIPlugin
2025-10-08 19:24:30,187 [INFO] IPUIPlugin:80 - create IPUIPlugin
2025-10-08 19:24:30,187 [INFO] IPUIPlugin:80 - create IPUIPlugin
2025-10-08 19:24:30,187 [INFO] IPUIPlugin:80 - create IPUIPlugin
2025-10-08 19:24:30,187 [INFO] IPUIPlugin:80 - create IPUIPlugin
2025-10-08 19:24:30,187 [INFO] IPUIPlugin:80 - create IPUIPlugin
2025-10-08 19:24:30,188 [INFO] IPUIPlugin:80 - create IPUIPlugin
2025-10-08 19:24:30,188 [INFO] IPUIPlugin:80 - create IPUIPlugin
2025-10-08 19:24:30,188 [INFO] IPUIPlugin:80 - create IPUIPlugin
2025-10-08 19:24:30,188 [INFO] IPUIPlugin:80 - create IPUIPlugin
2025-10-08 19:24:30,188 [INFO] IPUIPlugin:80 - create IPUIPlugin
2025-10-08 19:24:30,188 [INFO] IPUIPlugin:80 - create IPUIPlugin
2025-10-08 19:24:30,188 [INFO] IPUIPlugin:80 - create IPUIPlugin
2025-10-08 19:24:30,188 [INFO] IPUIPlugin:80 - create IPUIPlugin
2025-10-08 19:24:30,188 [INFO] IPUIPlugin:80 - create IPUIPlugin
2025-10-08 19:24:30,188 [INFO] IPUIPlugin:80 - create IPUIPlugin
2025-10-08 19:24:30,189 [INFO] IPUIPlugin:80 - create IPUIPlugin
2025-10-08 19:24:30,189 [INFO] IPUIPlugin:80 - create IPUIPlugin
2025-10-08 19:24:30,189 [INFO] IPUIPlugin:80 - create IPUIPlugin
2025-10-08 19:24:30,189 [INFO] IPUIPlugin:80 - create IPUIPlugin
2025-10-08 19:24:30,190 [INFO] IPUIPlugin:80 - create IPUIPlugin
2025-10-08 19:24:30,191 [INFO] IPUIPlugin:80 - create IPUIPlugin
2025-10-08 19:24:30,191 [INFO] IPUIPlugin:80 - create IPUIPlugin
2025-10-08 19:24:30,192 [INFO] IPUIPlugin:80 - create IPUIPlugin
2025-10-08 19:24:30,193 [INFO] IPUIPlugin:80 - create IPUIPlugin
2025-10-08 19:24:30,193 [INFO] IPUIPlugin:80 - create IPUIPlugin
2025-10-08 19:24:30,194 [INFO] IPUIPlugin:80 - create IPUIPlugin
2025-10-08 19:24:30,194 [INFO] IPUIPlugin:80 - create IPUIPlugin
2025-10-08 19:24:30,194 [INFO] IPUIPlugin:80 - create IPUIPlugin
2025-10-08 19:24:30,194 [INFO] IPUIPlugin:80 - create IPUIPlugin
2025-10-08 19:24:30,195 [INFO] IPUIPlugin:80 - create IPUIPlugin
2025-10-08 19:24:30,195 [INFO] IPUIPlugin:80 - create IPUIPlugin
2025-10-08 19:24:30,195 [INFO] IPUIPlugin:80 - create IPUIPlugin
2025-10-08 19:24:30,195 [INFO] IPUIPlugin:80 - create IPUIPlugin
2025-10-08 19:24:30,195 [INFO] IPUIPlugin:80 - create IPUIPlugin
2025-10-08 19:24:30,196 [INFO] IPUIPlugin:80 - create IPUIPlugin
2025-10-08 19:24:30,196 [INFO] IPUIPlugin:80 - create IPUIPlugin
2025-10-08 19:24:30,196 [INFO] IPUIPlugin:80 - create IPUIPlugin
2025-10-08 19:24:30,196 [INFO] IPUIPlugin:80 - create IPUIPlugin
2025-10-08 19:24:30,197 [INFO] IPUIPlugin:80 - create IPUIPlugin
2025-10-08 19:24:30,197 [INFO] IPUIPlugin:80 - create IPUIPlugin
2025-10-08 19:24:30,198 [INFO] IPUIPlugin:80 - create IPUIPlugin
2025-10-08 19:24:30,198 [INFO] IPUIPlugin:80 - create IPUIPlugin
2025-10-08 19:24:30,198 [INFO] IPUIPlugin:80 - create IPUIPlugin
2025-10-08 19:24:30,199 [INFO] IPUIPlugin:80 - create IPUIPlugin
2025-10-08 19:24:30,199 [INFO] IPUIPlugin:80 - create IPUIPlugin
2025-10-08 19:24:30,200 [INFO] IPUIPlugin:80 - create IPUIPlugin
2025-10-08 19:24:30,200 [INFO] IPUIPlugin:80 - create IPUIPlugin
2025-10-08 19:24:30,200 [INFO] IPUIPlugin:80 - create IPUIPlugin
2025-10-08 19:24:30,200 [INFO] IPUIPlugin:80 - create IPUIPlugin
2025-10-08 19:24:30,201 [INFO] IPUIPlugin:80 - create IPUIPlugin
2025-10-08 19:24:30,201 [INFO] IPUIPlugin:80 - create IPUIPlugin
2025-10-08 19:24:30,201 [INFO] IPUIPlugin:80 - create IPUIPlugin
2025-10-08 19:24:30,201 [INFO] IPUIPlugin:80 - create IPUIPlugin
2025-10-08 19:24:30,202 [INFO] IPUIPlugin:80 - create IPUIPlugin
2025-10-08 19:24:30,202 [INFO] IPUIPlugin:80 - create IPUIPlugin
2025-10-08 19:24:30,202 [INFO] IPUIPlugin:80 - create IPUIPlugin
2025-10-08 19:24:30,203 [INFO] IPUIPlugin:80 - create IPUIPlugin
2025-10-08 19:24:30,203 [INFO] IPUIPlugin:80 - create IPUIPlugin
2025-10-08 19:24:30,203 [INFO] IPUIPlugin:80 - create IPUIPlugin
2025-10-08 19:24:30,204 [INFO] IPUIPlugin:80 - create IPUIPlugin
2025-10-08 19:24:30,204 [INFO] IPUIPlugin:80 - create IPUIPlugin
2025-10-08 19:24:30,204 [INFO] IPUIPlugin:80 - create IPUIPlugin
2025-10-08 19:24:30,204 [INFO] IPUIPlugin:80 - create IPUIPlugin
2025-10-08 19:24:30,205 [INFO] IPUIPlugin:80 - create IPUIPlugin
2025-10-08 19:24:30,205 [INFO] IPUIPlugin:80 - create IPUIPlugin
2025-10-08 19:24:30,205 [INFO] IPUIPlugin:80 - create IPUIPlugin
2025-10-08 19:24:30,205 [INFO] IPUIPlugin:80 - create IPUIPlugin
2025-10-08 19:24:30,206 [INFO] IPUIPlugin:80 - create IPUIPlugin
2025-10-08 19:24:30,206 [INFO] IPUIPlugin:80 - create IPUIPlugin
2025-10-08 19:24:30,207 [INFO] IPUIPlugin:80 - create IPUIPlugin
2025-10-08 19:24:30,208 [INFO] IPUIPlugin:80 - create IPUIPlugin
2025-10-08 19:24:30,209 [INFO] IPUIPlugin:80 - create IPUIPlugin
2025-10-08 19:24:30,210 [INFO] IPUIPlugin:80 - create IPUIPlugin
2025-10-08 19:24:30,210 [INFO] IPUIPlugin:80 - create IPUIPlugin
2025-10-08 19:24:30,211 [INFO] IPUIPlugin:80 - create IPUIPlugin
2025-10-08 19:24:30,211 [INFO] IPUIPlugin:80 - create IPUIPlugin
2025-10-08 19:24:30,212 [INFO] IPUIPlugin:80 - create IPUIPlugin
2025-10-08 19:24:30,212 [INFO] IPUIPlugin:80 - create IPUIPlugin
2025-10-08 19:24:30,212 [INFO] IPUIPlugin:80 - create IPUIPlugin
2025-10-08 19:24:30,213 [INFO] IPUIPlugin:80 - create IPUIPlugin
2025-10-08 19:24:30,214 [INFO] IPUIPlugin:80 - create IPUIPlugin
2025-10-08 19:24:30,214 [INFO] IPUIPlugin:80 - create IPUIPlugin
2025-10-08 19:24:30,215 [INFO] IPUIPlugin:80 - create IPUIPlugin
2025-10-08 19:24:30,216 [INFO] IPUIPlugin:80 - create IPUIPlugin
2025-10-08 19:24:30,227 [INFO] ApiDbMcu:532 - Load IP Config File for PDM2PCM
2025-10-08 19:24:30,279 [INFO] CADModel:165 - CPN selected for project levelSTM32H753ZIT6
2025-10-08 19:24:30,279 [INFO] CADModel:114 - Register for checkConnection events
2025-10-08 19:24:30,282 [INFO] RtosManager:728 - Active RTOS found at IOC load: STMicroelectronics.X-CUBE-AZRTOS-H7.3.3.0 [Cortex-M7NS]
2025-10-08 19:24:30,353 [INFO] OpenFileManager:386 - Restore cursor
2025-10-08 19:24:30,765 [WARN] IP:2250 - TX_NO_TIMER not found: check if there is a RefParameter without a condition.
2025-10-08 19:24:30,765 [WARN] IP:2250 - TX_BASEPRI_VALUE not found: check if there is a RefParameter without a condition.
2025-10-08 19:24:30,766 [WARN] IP:2250 - TX_APP_CREATION not found: check if there is a RefParameter without a condition.
2025-10-08 19:24:30,766 [WARN] IP:2250 - TX_APP_THREAD_ENTRY not found: check if there is a RefParameter without a condition.
2025-10-08 19:24:30,766 [WARN] IP:2250 - TX_APP_THREAD_NAME not found: check if there is a RefParameter without a condition.
2025-10-08 19:24:30,766 [WARN] IP:2250 - TX_APP_THREAD_PRIO not found: check if there is a RefParameter without a condition.
2025-10-08 19:24:30,766 [WARN] IP:2250 - TX_APP_STACK_SIZE not found: check if there is a RefParameter without a condition.
2025-10-08 19:24:30,766 [WARN] IP:2250 - TX_APP_SEM_CREATION not found: check if there is a RefParameter without a condition.
2025-10-08 19:24:30,766 [WARN] IP:2250 - TX_SEMAPHORE_NAME not found: check if there is a RefParameter without a condition.
2025-10-08 19:24:30,766 [WARN] IP:2250 - TX_SEMAPHORE_COUNT not found: check if there is a RefParameter without a condition.
2025-10-08 19:24:30,766 [WARN] IP:2250 - TX_APP_MUTEX_CREATION not found: check if there is a RefParameter without a condition.
2025-10-08 19:24:30,766 [WARN] IP:2250 - TX_MUTEX_NAME not found: check if there is a RefParameter without a condition.
2025-10-08 19:24:30,766 [WARN] IP:2250 - TX_Mutex_INHERITANCE not found: check if there is a RefParameter without a condition.
2025-10-08 19:24:30,766 [WARN] IP:2250 - TX_APP_MSG_QUEUE_CREATION not found: check if there is a RefParameter without a condition.
2025-10-08 19:24:30,766 [WARN] IP:2250 - TX_MSG_QUEUE_NAME not found: check if there is a RefParameter without a condition.
2025-10-08 19:24:30,766 [WARN] IP:2250 - TX_MSG_SIZE_WORDS not found: check if there is a RefParameter without a condition.
2025-10-08 19:24:30,766 [WARN] IP:2250 - TX_NB_MSG not found: check if there is a RefParameter without a condition.
2025-10-08 19:24:30,767 [WARN] IP:2250 - TX_NO_TIMER not found: check if there is a RefParameter without a condition.
2025-10-08 19:24:30,767 [WARN] IP:2250 - TX_BASEPRI_VALUE not found: check if there is a RefParameter without a condition.
2025-10-08 19:24:30,767 [WARN] IP:2250 - TX_APP_CREATION not found: check if there is a RefParameter without a condition.
2025-10-08 19:24:30,767 [WARN] IP:2250 - TX_APP_THREAD_ENTRY not found: check if there is a RefParameter without a condition.
2025-10-08 19:24:30,767 [WARN] IP:2250 - TX_APP_THREAD_NAME not found: check if there is a RefParameter without a condition.
2025-10-08 19:24:30,767 [WARN] IP:2250 - TX_APP_THREAD_PRIO not found: check if there is a RefParameter without a condition.
2025-10-08 19:24:30,767 [WARN] IP:2250 - TX_APP_STACK_SIZE not found: check if there is a RefParameter without a condition.
2025-10-08 19:24:30,767 [WARN] IP:2250 - TX_APP_SEM_CREATION not found: check if there is a RefParameter without a condition.
2025-10-08 19:24:30,767 [WARN] IP:2250 - TX_SEMAPHORE_NAME not found: check if there is a RefParameter without a condition.
2025-10-08 19:24:30,767 [WARN] IP:2250 - TX_SEMAPHORE_COUNT not found: check if there is a RefParameter without a condition.
2025-10-08 19:24:30,767 [WARN] IP:2250 - TX_APP_MUTEX_CREATION not found: check if there is a RefParameter without a condition.
2025-10-08 19:24:30,767 [WARN] IP:2250 - TX_MUTEX_NAME not found: check if there is a RefParameter without a condition.
2025-10-08 19:24:30,767 [WARN] IP:2250 - TX_Mutex_INHERITANCE not found: check if there is a RefParameter without a condition.
2025-10-08 19:24:30,767 [WARN] IP:2250 - TX_APP_MSG_QUEUE_CREATION not found: check if there is a RefParameter without a condition.
2025-10-08 19:24:30,767 [WARN] IP:2250 - TX_MSG_QUEUE_NAME not found: check if there is a RefParameter without a condition.
2025-10-08 19:24:30,767 [WARN] IP:2250 - TX_MSG_SIZE_WORDS not found: check if there is a RefParameter without a condition.
2025-10-08 19:24:30,767 [WARN] IP:2250 - TX_NB_MSG not found: check if there is a RefParameter without a condition.
2025-10-08 19:25:12,056 [INFO] Gpio:278 - dependency for GPIO []
2025-10-08 22:00:26,655 [INFO] WebApp:194 - Connection lost
2025-10-08 22:00:39,659 [INFO] WebApp:191 - Connection restablished
2025-10-08 22:00:40,151 [INFO] WebApp:194 - Connection lost
2025-10-08 22:00:41,207 [INFO] WebApp:191 - Connection restablished
2025-10-08 22:02:20,836 [INFO] WebApp:194 - Connection lost
2025-10-08 22:02:20,998 [INFO] WebApp:191 - Connection restablished
2025-10-08 22:24:13,446 [ERROR] LogOutputStream:75 - [STDERR_REDIRECT] 
