2025-10-21 20:43:32,652 [INFO] Activator:176 - 


2025-10-21 20:43:32,662 [INFO] Activator:177 - !SESSION log4j initialized
2025-10-21 20:43:37,632 [INFO] LogOutputStream:77 - [STDOUT_REDIRECT] 
2025-10-21 20:43:39,841 [INFO] ApplicationProperties:184 - Using Application install path: C:\ST\STM32CubeIDE_1.19.0\STM32CubeIDE\plugins\com.st.stm32cube.common.mx_6.15.0.202507011659
2025-10-21 20:43:39,857 [INFO] DbMcusXml:78 - Set database path to: C:\ST\STM32CubeIDE_1.19.0\STM32CubeIDE\plugins\com.st.stm32cube.common.mx_6.15.0.202507011659\\db\/mcu/
2025-10-21 20:43:39,858 [INFO] ApiDb:274 - Set plugin database path to: C:\ST\STM32CubeIDE_1.19.0\STM32CubeIDE\plugins\com.st.stm32cube.common.mx_6.15.0.202507011659\\db\/plugins/boardmanager/
2025-10-21 20:43:39,858 [WARN] ApiDb:259 - Overriding images path with different value:  => C:\ST\STM32CubeIDE_1.19.0\STM32CubeIDE\plugins\com.st.stm32cube.common.mx_6.15.0.202507011659\\db\/plugins/mcufinder/images/
2025-10-21 20:43:39,864 [INFO] ApiDb:250 - Set database path to: C:\Users\oopav\.stmcufinder\plugins\mcufinder//mcu/
2025-10-21 20:43:39,865 [INFO] DbMcusAds:125 - Set database path to: C:\Users\oopav\.stmcufinder\plugins\mcufinder//mcu/
2025-10-21 20:43:39,867 [INFO] CrossReferenceDbSqlite:203 - Set database path to: C:\Users\oopav\.stmcufinder\plugins\mcufinder//mcu/cs/
2025-10-21 20:43:39,972 [INFO] RulesReader:64 - Compatibility file has been processed (317 Rules)
2025-10-21 20:43:40,045 [INFO] DbMcusXml:78 - Set database path to: C:\ST\STM32CubeIDE_1.19.0\STM32CubeIDE\plugins\com.st.stm32cube.common.mx_6.15.0.202507011659\\db\/mcu/
2025-10-21 20:43:40,045 [INFO] ApiDb:274 - Set plugin database path to: C:\ST\STM32CubeIDE_1.19.0\STM32CubeIDE\plugins\com.st.stm32cube.common.mx_6.15.0.202507011659\\db\/plugins/boardmanager/
2025-10-21 20:43:40,045 [INFO] ApiDb:261 - Set plugin images path to: C:\ST\STM32CubeIDE_1.19.0\STM32CubeIDE\plugins\com.st.stm32cube.common.mx_6.15.0.202507011659\\db\/plugins/mcufinder/images/
2025-10-21 20:43:40,045 [WARN] DbFile:41 - Overriding database path with different value: C:\Users\oopav\.stmcufinder\plugins\mcufinder/ => C:\Users\oopav\.stmcufinder\plugins\mcufinder
2025-10-21 20:43:40,046 [INFO] ApiDb:250 - Set database path to: C:\Users\oopav\.stmcufinder\plugins\mcufinder//mcu/
2025-10-21 20:43:40,046 [WARN] DbFile:41 - Overriding database path with different value: C:\Users\oopav\.stmcufinder\plugins\mcufinder/ => C:\Users\oopav\.stmcufinder\plugins\mcufinder
2025-10-21 20:43:40,046 [INFO] DbMcusAds:125 - Set database path to: C:\Users\oopav\.stmcufinder\plugins\mcufinder//mcu/
2025-10-21 20:43:40,046 [WARN] DbFile:41 - Overriding database path with different value: C:\Users\oopav\.stmcufinder\plugins\mcufinder/ => C:\Users\oopav\.stmcufinder\plugins\mcufinder
2025-10-21 20:43:40,046 [WARN] DbFile:41 - Overriding database path with different value: C:\Users\oopav\.stmcufinder\plugins\mcufinder/ => C:\Users\oopav\.stmcufinder\plugins\mcufinder
2025-10-21 20:43:40,046 [INFO] CrossReferenceDbSqlite:203 - Set database path to: C:\Users\oopav\.stmcufinder\plugins\mcufinder//mcu/cs/
2025-10-21 20:43:40,113 [INFO] MainPanel:274 - HeapMemory: 268435456
2025-10-21 20:43:40,217 [INFO] DbMcusXml:78 - Set database path to: C:\ST\STM32CubeIDE_1.19.0\STM32CubeIDE\plugins\com.st.stm32cube.common.mx_6.15.0.202507011659\\db\/mcu/
2025-10-21 20:43:40,218 [INFO] ApiDb:274 - Set plugin database path to: C:\ST\STM32CubeIDE_1.19.0\STM32CubeIDE\plugins\com.st.stm32cube.common.mx_6.15.0.202507011659\\db\/plugins/boardmanager/
2025-10-21 20:43:40,218 [INFO] ApiDb:261 - Set plugin images path to: C:\ST\STM32CubeIDE_1.19.0\STM32CubeIDE\plugins\com.st.stm32cube.common.mx_6.15.0.202507011659\\db\/plugins/mcufinder/images/
2025-10-21 20:43:40,219 [WARN] DbFile:41 - Overriding database path with different value: C:\Users\oopav\.stmcufinder\plugins\mcufinder/ => C:\Users\oopav\.stmcufinder\plugins\mcufinder
2025-10-21 20:43:40,219 [INFO] ApiDb:250 - Set database path to: C:\Users\oopav\.stmcufinder\plugins\mcufinder//mcu/
2025-10-21 20:43:40,219 [WARN] DbFile:41 - Overriding database path with different value: C:\Users\oopav\.stmcufinder\plugins\mcufinder/ => C:\Users\oopav\.stmcufinder\plugins\mcufinder
2025-10-21 20:43:40,219 [INFO] DbMcusAds:125 - Set database path to: C:\Users\oopav\.stmcufinder\plugins\mcufinder//mcu/
2025-10-21 20:43:40,219 [WARN] DbFile:41 - Overriding database path with different value: C:\Users\oopav\.stmcufinder\plugins\mcufinder/ => C:\Users\oopav\.stmcufinder\plugins\mcufinder
2025-10-21 20:43:40,220 [WARN] DbFile:41 - Overriding database path with different value: C:\Users\oopav\.stmcufinder\plugins\mcufinder/ => C:\Users\oopav\.stmcufinder\plugins\mcufinder
2025-10-21 20:43:40,220 [INFO] CrossReferenceDbSqlite:203 - Set database path to: C:\Users\oopav\.stmcufinder\plugins\mcufinder//mcu/cs/
2025-10-21 20:43:40,236 [INFO] ApplicationProperties:184 - Using Application install path: C:\ST\STM32CubeIDE_1.19.0\STM32CubeIDE\plugins\com.st.stm32cube.common.mx_6.15.0.202507011659
2025-10-21 20:43:40,237 [INFO] PluginManage:196 - Search for loadable plugins [exclusion list=, ]
2025-10-21 20:43:40,238 [INFO] PluginManage:310 - Check plugin analytics
2025-10-21 20:43:40,435 [INFO] AnalyticsPlugin:253 - Accepted Software Licenses: STM32CubeMX.6.14.0,STM32CubeMX.6.15.0
2025-10-21 20:43:40,436 [INFO] AnalyticsPlugin:255 - Accepted CMSIS Pack Licenses: STMicroelectronics.X-CUBE-AZRTOS-H7.3.3.0,STMicroelectronics.X-CUBE-TOUCHGFX.4.26.0,STMicroelectronics.X-CUBE-AZRTOS-H7.3.4.0
2025-10-21 20:43:40,436 [INFO] AnalyticsPlugin:257 - Accepted Firmware Licenses: FW.F4.1.28.0,FW.H7.1.12.0
2025-10-21 20:43:40,439 [INFO] PluginManage:359 - Loaded plugin analytics (category:tool,tabindex:-1)
2025-10-21 20:43:40,439 [INFO] PluginManage:310 - Check plugin cadmodel
2025-10-21 20:43:40,446 [INFO] CADModel:105 - Init CAD model plugin
2025-10-21 20:43:40,446 [INFO] PluginManage:359 - Loaded plugin cadmodel (category:power,tabindex:5)
2025-10-21 20:43:40,446 [INFO] PluginManage:310 - Check plugin clock
2025-10-21 20:43:40,455 [INFO] PluginManage:359 - Loaded plugin clock (category:base,tabindex:2)
2025-10-21 20:43:40,456 [INFO] PluginManage:310 - Check plugin ddr
2025-10-21 20:43:40,458 [INFO] PluginManage:359 - Loaded plugin ddr (category:tool,tabindex:6)
2025-10-21 20:43:40,458 [INFO] PluginManage:310 - Check plugin filemanager
2025-10-21 20:43:40,723 [INFO] PluginManage:359 - Loaded plugin filemanager (category:base,tabindex:10)
2025-10-21 20:43:40,723 [INFO] PluginManage:310 - Check plugin ipmanager
2025-10-21 20:43:40,729 [INFO] PluginManage:359 - Loaded plugin ipmanager (category:base,tabindex:5)
2025-10-21 20:43:40,729 [INFO] PluginManage:310 - Check plugin lpbam
2025-10-21 20:43:40,737 [INFO] PluginManage:359 - Loaded plugin lpbam (category:base,tabindex:0)
2025-10-21 20:43:40,738 [INFO] PluginManage:310 - Check plugin memorymap
2025-10-21 20:43:40,751 [INFO] PluginManage:359 - Loaded plugin memorymap (category:base,tabindex:4)
2025-10-21 20:43:40,751 [INFO] PluginManage:310 - Check plugin pinoutandconfiguration
2025-10-21 20:43:40,759 [INFO] PluginManage:359 - Loaded plugin pinoutandconfiguration (category:base,tabindex:1)
2025-10-21 20:43:40,759 [INFO] PluginManage:310 - Check plugin pinoutconfig
2025-10-21 20:43:40,830 [WARN] SupportedApi:132 - Cannot load RTOS API schema: s4s-elt-must-match.1: The content of 'definitions' must match (annotation?, (simpleType | complexType)?, (unique | key | keyref)*)). A problem was found starting at: attribute.
2025-10-21 20:43:40,942 [INFO] PluginManage:359 - Loaded plugin pinoutconfig (category:base,tabindex:0)
2025-10-21 20:43:40,942 [INFO] PluginManage:310 - Check plugin power
2025-10-21 20:43:40,952 [INFO] PluginManage:359 - Loaded plugin power (category:power,tabindex:4)
2025-10-21 20:43:40,952 [INFO] PluginManage:310 - Check plugin projectmanager
2025-10-21 20:43:40,965 [INFO] PluginManage:359 - Loaded plugin projectmanager (category:projectmanager,tabindex:4)
2025-10-21 20:43:40,965 [INFO] PluginManage:310 - Check plugin rif
2025-10-21 20:43:40,974 [INFO] PluginManage:359 - Loaded plugin rif (category:base,tabindex:3)
2025-10-21 20:43:40,974 [INFO] PluginManage:310 - Check plugin thirdparty
2025-10-21 20:43:41,090 [INFO] PluginManage:359 - Loaded plugin thirdparty (category:base,tabindex:-1)
2025-10-21 20:43:41,090 [WARN] IntegrityCheckThread:84 - waiting for thirdparty lock release [integrity check]
2025-10-21 20:43:41,090 [INFO] PluginManage:310 - Check plugin tools
2025-10-21 20:43:41,090 [INFO] IntegrityCheckThread:86 - entering critical section [integrity check]
2025-10-21 20:43:41,091 [INFO] ThirdPartyUpdaterWithRetryManager:70 - Updater plugin not ready yet. [1/15]
2025-10-21 20:43:41,094 [INFO] PluginManage:359 - Loaded plugin tools (category:base,tabindex:7)
2025-10-21 20:43:41,094 [INFO] PluginManage:310 - Check plugin tutovideos
2025-10-21 20:43:41,269 [INFO] PluginManage:359 - Loaded plugin tutovideos (category:base,tabindex:-1)
2025-10-21 20:43:41,270 [INFO] PluginManage:310 - Check plugin updater
2025-10-21 20:43:41,296 [INFO] PluginManage:359 - Loaded plugin updater (category:base,tabindex:12)
2025-10-21 20:43:41,296 [INFO] PluginManage:310 - Check plugin userauth
2025-10-21 20:43:41,300 [INFO] UserAuth:118 - Init User Auth plugin
2025-10-21 20:43:41,300 [INFO] PluginManage:359 - Loaded plugin userauth (category:base,tabindex:14)
2025-10-21 20:43:41,301 [INFO] PluginManage:283 - PluginManage : Loaded plugins [18]
2025-10-21 20:43:41,505 [INFO] PinOutPanel:1589 - setPackage(No Configuration,No Configuration)
2025-10-21 20:43:41,579 [INFO] CADModel:165 - CPN selected for project level
2025-10-21 20:43:41,579 [INFO] CADModel:114 - Register for checkConnection events
2025-10-21 20:43:41,596 [INFO] IPUIPlugin:80 - create IPUIPlugin
2025-10-21 20:43:41,596 [INFO] PluginManager:220 - loadIPPluginJar : add adc
2025-10-21 20:43:41,600 [INFO] IPUIPlugin:80 - create IPUIPlugin
2025-10-21 20:43:41,600 [INFO] PluginManager:220 - loadIPPluginJar : add aes
2025-10-21 20:43:41,602 [INFO] IPUIPlugin:80 - create IPUIPlugin
2025-10-21 20:43:41,603 [INFO] PluginManager:220 - loadIPPluginJar : add can
2025-10-21 20:43:41,604 [INFO] IPUIPlugin:80 - create IPUIPlugin
2025-10-21 20:43:41,604 [INFO] PluginManager:220 - loadIPPluginJar : add comp
2025-10-21 20:43:41,606 [INFO] IPUIPlugin:80 - create IPUIPlugin
2025-10-21 20:43:41,606 [INFO] PluginManager:220 - loadIPPluginJar : add cryp
2025-10-21 20:43:41,609 [INFO] IPUIPlugin:80 - create IPUIPlugin
2025-10-21 20:43:41,609 [INFO] PluginManager:220 - loadIPPluginJar : add ddr_ctrl_phy
2025-10-21 20:43:41,611 [INFO] IPUIPlugin:80 - create IPUIPlugin
2025-10-21 20:43:41,611 [INFO] PluginManager:220 - loadIPPluginJar : add dfsdm
2025-10-21 20:43:41,616 [INFO] IPUIPlugin:80 - create IPUIPlugin
2025-10-21 20:43:41,616 [INFO] PluginManager:220 - loadIPPluginJar : add dma
2025-10-21 20:43:41,619 [INFO] IPUIPlugin:80 - create IPUIPlugin
2025-10-21 20:43:41,619 [INFO] PluginManager:220 - loadIPPluginJar : add dma3
2025-10-21 20:43:41,622 [INFO] IPUIPlugin:80 - create IPUIPlugin
2025-10-21 20:43:41,622 [INFO] PluginManager:220 - loadIPPluginJar : add extmemmanager
2025-10-21 20:43:41,623 [INFO] IPUIPlugin:80 - create IPUIPlugin
2025-10-21 20:43:41,623 [INFO] PluginManager:220 - loadIPPluginJar : add fatfs
2025-10-21 20:43:41,628 [INFO] IPUIPlugin:80 - create IPUIPlugin
2025-10-21 20:43:41,628 [INFO] PluginManager:220 - loadIPPluginJar : add fmc
2025-10-21 20:43:41,633 [INFO] IPUIPlugin:80 - create IPUIPlugin
2025-10-21 20:43:41,633 [INFO] PluginManager:220 - loadIPPluginJar : add freertos
2025-10-21 20:43:41,635 [INFO] IPUIPlugin:80 - create IPUIPlugin
2025-10-21 20:43:41,635 [INFO] PluginManager:220 - loadIPPluginJar : add genericplugin
2025-10-21 20:43:41,637 [INFO] IPUIPlugin:80 - create IPUIPlugin
2025-10-21 20:43:41,637 [INFO] PluginManager:220 - loadIPPluginJar : add gfxmmu
2025-10-21 20:43:41,641 [INFO] IPUIPlugin:80 - create IPUIPlugin
2025-10-21 20:43:41,641 [INFO] PluginManager:220 - loadIPPluginJar : add gic
2025-10-21 20:43:41,645 [INFO] IPUIPlugin:80 - create IPUIPlugin
2025-10-21 20:43:41,645 [INFO] PluginManager:220 - loadIPPluginJar : add gpio
2025-10-21 20:43:41,647 [INFO] IPUIPlugin:80 - create IPUIPlugin
2025-10-21 20:43:41,648 [INFO] PluginManager:220 - loadIPPluginJar : add gtzc
2025-10-21 20:43:41,650 [INFO] IPUIPlugin:80 - create IPUIPlugin
2025-10-21 20:43:41,650 [INFO] PluginManager:220 - loadIPPluginJar : add hash
2025-10-21 20:43:41,652 [INFO] IPUIPlugin:80 - create IPUIPlugin
2025-10-21 20:43:41,652 [INFO] PluginManager:220 - loadIPPluginJar : add i2c
2025-10-21 20:43:41,654 [INFO] IPUIPlugin:80 - create IPUIPlugin
2025-10-21 20:43:41,654 [INFO] PluginManager:220 - loadIPPluginJar : add i2s
2025-10-21 20:43:41,657 [INFO] IPUIPlugin:80 - create IPUIPlugin
2025-10-21 20:43:41,657 [INFO] PluginManager:220 - loadIPPluginJar : add i3c
2025-10-21 20:43:41,660 [INFO] IPUIPlugin:80 - create IPUIPlugin
2025-10-21 20:43:41,660 [INFO] PluginManager:220 - loadIPPluginJar : add ipddr
2025-10-21 20:43:41,667 [INFO] IPUIPlugin:80 - create IPUIPlugin
2025-10-21 20:43:41,667 [INFO] PluginManager:220 - loadIPPluginJar : add linkedlist
2025-10-21 20:43:41,670 [INFO] IPUIPlugin:80 - create IPUIPlugin
2025-10-21 20:43:41,670 [INFO] PluginManager:220 - loadIPPluginJar : add lorawan
2025-10-21 20:43:41,672 [INFO] IPUIPlugin:80 - create IPUIPlugin
2025-10-21 20:43:41,672 [INFO] PluginManager:220 - loadIPPluginJar : add ltdc
2025-10-21 20:43:41,677 [INFO] IPUIPlugin:80 - create IPUIPlugin
2025-10-21 20:43:41,677 [INFO] PluginManager:220 - loadIPPluginJar : add mdma
2025-10-21 20:43:41,680 [INFO] IPUIPlugin:80 - create IPUIPlugin
2025-10-21 20:43:41,680 [INFO] PluginManager:220 - loadIPPluginJar : add nvic
2025-10-21 20:43:41,684 [INFO] IPUIPlugin:80 - create IPUIPlugin
2025-10-21 20:43:41,684 [INFO] PluginManager:220 - loadIPPluginJar : add opamp
2025-10-21 20:43:41,687 [INFO] IPUIPlugin:80 - create IPUIPlugin
2025-10-21 20:43:41,688 [INFO] PluginManager:220 - loadIPPluginJar : add openamp
2025-10-21 20:43:41,691 [INFO] IPUIPlugin:80 - create IPUIPlugin
2025-10-21 20:43:41,691 [INFO] PluginManager:220 - loadIPPluginJar : add pdm2pcm
2025-10-21 20:43:41,697 [INFO] IPUIPlugin:80 - create IPUIPlugin
2025-10-21 20:43:41,700 [INFO] PluginManager:220 - loadIPPluginJar : add plateformsettings
2025-10-21 20:43:41,701 [INFO] IPUIPlugin:80 - create IPUIPlugin
2025-10-21 20:43:41,702 [INFO] PluginManager:220 - loadIPPluginJar : add quadspi
2025-10-21 20:43:41,703 [INFO] IPUIPlugin:80 - create IPUIPlugin
2025-10-21 20:43:41,704 [INFO] PluginManager:220 - loadIPPluginJar : add radio
2025-10-21 20:43:41,707 [INFO] IPUIPlugin:80 - create IPUIPlugin
2025-10-21 20:43:41,707 [INFO] PluginManager:220 - loadIPPluginJar : add resmgrutility
2025-10-21 20:43:41,711 [INFO] IPUIPlugin:80 - create IPUIPlugin
2025-10-21 20:43:41,711 [INFO] PluginManager:220 - loadIPPluginJar : add sai
2025-10-21 20:43:41,714 [INFO] IPUIPlugin:80 - create IPUIPlugin
2025-10-21 20:43:41,714 [INFO] PluginManager:220 - loadIPPluginJar : add spi
2025-10-21 20:43:41,722 [INFO] IPUIPlugin:80 - create IPUIPlugin
2025-10-21 20:43:41,722 [INFO] PluginManager:220 - loadIPPluginJar : add stm32_wpan
2025-10-21 20:43:41,724 [INFO] IPUIPlugin:80 - create IPUIPlugin
2025-10-21 20:43:41,724 [INFO] PluginManager:220 - loadIPPluginJar : add tim
2025-10-21 20:43:41,727 [INFO] IPUIPlugin:80 - create IPUIPlugin
2025-10-21 20:43:41,727 [INFO] PluginManager:220 - loadIPPluginJar : add touchsensing
2025-10-21 20:43:41,729 [INFO] IPUIPlugin:80 - create IPUIPlugin
2025-10-21 20:43:41,729 [INFO] PluginManager:220 - loadIPPluginJar : add tracer_emb
2025-10-21 20:43:41,731 [INFO] IPUIPlugin:80 - create IPUIPlugin
2025-10-21 20:43:41,731 [INFO] PluginManager:220 - loadIPPluginJar : add ts
2025-10-21 20:43:41,733 [INFO] IPUIPlugin:80 - create IPUIPlugin
2025-10-21 20:43:41,733 [INFO] PluginManager:220 - loadIPPluginJar : add tsc
2025-10-21 20:43:41,735 [INFO] IPUIPlugin:80 - create IPUIPlugin
2025-10-21 20:43:41,735 [INFO] PluginManager:220 - loadIPPluginJar : add ucpd
2025-10-21 20:43:41,738 [INFO] IPUIPlugin:80 - create IPUIPlugin
2025-10-21 20:43:41,738 [INFO] PluginManager:220 - loadIPPluginJar : add usart
2025-10-21 20:43:41,742 [INFO] IPUIPlugin:80 - create IPUIPlugin
2025-10-21 20:43:41,742 [INFO] PluginManager:220 - loadIPPluginJar : add usbx
2025-10-21 20:43:41,881 [FATAL] Updater:351 - Updater called before beeing initialized
2025-10-21 20:43:41,917 [INFO] RulesReader:64 - Compatibility file has been processed (317 Rules)
2025-10-21 20:43:41,933 [INFO] RulesReader:64 - Compatibility file has been processed (317 Rules)
2025-10-21 20:43:41,942 [INFO] CADModel:165 - CPN selected for project level
2025-10-21 20:43:41,942 [INFO] CADModel:114 - Register for checkConnection events
2025-10-21 20:43:41,942 [FATAL] Updater:351 - Updater called before beeing initialized
2025-10-21 20:43:41,942 [ERROR] CADModel:125 - Updater not yet initialized, retry later 
2025-10-21 20:43:42,077 [FATAL] Updater:351 - Updater called before beeing initialized
2025-10-21 20:43:42,079 [INFO] CADModel:165 - CPN selected for project level
2025-10-21 20:43:42,079 [INFO] CADModel:114 - Register for checkConnection events
2025-10-21 20:43:42,079 [FATAL] Updater:351 - Updater called before beeing initialized
2025-10-21 20:43:42,079 [ERROR] CADModel:125 - Updater not yet initialized, retry later 
2025-10-21 20:43:42,082 [FATAL] Updater:351 - Updater called before beeing initialized
2025-10-21 20:43:42,167 [FATAL] Updater:351 - Updater called before beeing initialized
2025-10-21 20:43:42,170 [INFO] DbMcusAds:53 - JSON generation date=Thu Oct 02 11:36:05 CEST 2025 (1759397765645)
2025-10-21 20:43:42,170 [FATAL] Updater:351 - Updater called before beeing initialized
2025-10-21 20:43:42,201 [WARN] DetailPanel:346 - Failed to get advertising image, set to default
2025-10-21 20:43:42,263 [FATAL] Updater:351 - Updater called before beeing initialized
2025-10-21 20:43:42,264 [FATAL] Updater:351 - Updater called before beeing initialized
2025-10-21 20:43:42,264 [FATAL] Updater:351 - Updater called before beeing initialized
2025-10-21 20:43:42,265 [WARN] DetailPanel:346 - Failed to get advertising image, set to default
2025-10-21 20:43:42,265 [FATAL] Updater:351 - Updater called before beeing initialized
2025-10-21 20:43:42,318 [ERROR] Updater:1198 - MainUpdater not yet initialized. External WinMGr cannot be set.
2025-10-21 20:43:42,319 [INFO] Updater:1134 - Updater Version found : 6.15.0
2025-10-21 20:43:42,334 [INFO] ApplicationProperties:184 - Using Application install path: C:\ST\STM32CubeIDE_1.19.0\STM32CubeIDE\plugins\com.st.stm32cube.common.mx_6.15.0.202507011659
2025-10-21 20:43:42,630 [INFO] MainUpdater:2872 - connection check result : 10
2025-10-21 20:43:42,630 [INFO] MainUpdater:3604 - Updater definition file requires update
2025-10-21 20:43:42,631 [INFO] MainUpdater:289 - Updater Check For Update Now.
2025-10-21 20:43:42,631 [INFO] MicroXplorer:498 - Change Database Version : DB.6.0.150
2025-10-21 20:43:42,635 [INFO] McuFinderGlobals:63 - Set McuFinder mode to 2 (CubeIDE integrated)
2025-10-21 20:43:42,636 [INFO] UserAuth:487 - Internet connection configuration mode: 1
2025-10-21 20:43:42,651 [INFO] JxBrowserEngine:152 - Initiate JxBrowser Engine with user profile folder
2025-10-21 20:43:42,758 [INFO] ServerAccessManage:452 - Complete download http(s) 200
2025-10-21 20:43:42,759 [INFO] ServerAccessManage:509 - Download File updaters.zip
2025-10-21 20:43:42,823 [INFO] FileExtend:248 - Unzip File : updaters.zip
2025-10-21 20:43:42,823 [INFO] FileExtend:263 - Standard Zip Deflate
2025-10-21 20:43:43,102 [INFO] ServerAccessManage:452 - Complete download http(s) 200
2025-10-21 20:43:43,103 [INFO] ServerAccessManage:509 - Download File PacksControlFlags.xml
2025-10-21 20:43:43,171 [INFO] ServerAccessManage:452 - Complete download http(s) 200
2025-10-21 20:43:43,171 [INFO] ServerAccessManage:509 - Download File cubemx.pidx
2025-10-21 20:43:44,090 [INFO] WebApp:169 - Instantiating new browser for Auth
2025-10-21 20:43:44,092 [WARN] MainUpdater:1193 - Updater busy. Cannot search thirdparties
2025-10-21 20:43:44,093 [INFO] ThirdPartyUpdaterWithRetryManager:96 - Updater plugin is busy. [1/15]
2025-10-21 20:43:44,393 [INFO] ServerAccessManage:452 - Complete download http(s) 200
2025-10-21 20:43:44,393 [INFO] ServerAccessManage:509 - Download File STMicroelectronics.X-CUBE-ST60.pdsc
2025-10-21 20:43:45,187 [INFO] WebApp:463 - Apply proxy settings
2025-10-21 20:43:45,187 [INFO] WebApp:548 - Chromium requires no authentication
2025-10-21 20:43:45,204 [INFO] WebApp:491 - Direct internet connection detected
2025-10-21 20:43:45,249 [INFO] WebApp:900 - Register for checkConnection events
2025-10-21 20:43:45,250 [INFO] WebApp:463 - Apply proxy settings
2025-10-21 20:43:45,250 [INFO] WebApp:548 - Chromium requires no authentication
2025-10-21 20:43:45,250 [INFO] WebApp:491 - Direct internet connection detected
2025-10-21 20:43:45,374 [WARN] PackLoader:240 - Cannot read IP mode file for STMicroelectronics.X-CUBE-ST60.1.1.0
2025-10-21 20:43:45,379 [INFO] PopulateThirdPartyThread:66 - Ending populate Thread
2025-10-21 20:43:45,380 [INFO] ThirdParty:1030 - CMSIS Pack Vendor :STMicroelectronics X-CUBE-ST60 1.1.0
2025-10-21 20:43:45,381 [INFO] LoadServerUpdatesThread:375 - End of LoadServerUpdate Thread
2025-10-21 20:43:45,510 [INFO] CheckServerUpdateThread:120 - End of CheckServer Thread
2025-10-21 20:43:45,522 [INFO] WebApp:191 - Connection restablished
2025-10-21 20:43:45,569 [INFO] WebApp:225 - Starting web application
2025-10-21 20:43:45,569 [INFO] WebApp:593 - Web application path used C:\ST\STM32CubeIDE_1.19.0\STM32CubeIDE\plugins\com.st.stm32cube.common.mx_6.15.0.202507011659\db\plugins\mcufinder\reactClient1\index.html
2025-10-21 20:43:45,834 [INFO] UserAuth:487 - Internet connection configuration mode: 1
2025-10-21 20:43:47,338 [WARN] PackLoader:240 - Cannot read IP mode file for STMicroelectronics.FP-SNS-MOTENVWB1.1.4.0
2025-10-21 20:43:47,352 [WARN] PackLoader:240 - Cannot read IP mode file for STMicroelectronics.FP-ATR-ASTRA1.2.0.2
2025-10-21 20:43:47,361 [WARN] PackLoader:240 - Cannot read IP mode file for STMicroelectronics.X-CUBE-SMBUS.2.1.0
2025-10-21 20:43:47,366 [WARN] PackLoader:240 - Cannot read IP mode file for STMicroelectronics.X-CUBE-ST60.1.0.0
2025-10-21 20:43:47,397 [WARN] PackLoader:240 - Cannot read IP mode file for STMicroelectronics.X-CUBE-AZRTOS-F7.1.1.0
2025-10-21 20:43:47,409 [WARN] PackLoader:240 - Cannot read IP mode file for Cesanta.I-CUBE-Mongoose.7.19.0
2025-10-21 20:43:47,421 [WARN] PackLoader:240 - Cannot read IP mode file for WES.I-CUBE-Cesium.1.4.0
2025-10-21 20:43:47,453 [WARN] PackLoader:240 - Cannot read IP mode file for Infineon.AIROC-Wi-Fi-Bluetooth-STM32.1.7.1
2025-10-21 20:43:47,486 [WARN] PackLoader:240 - Cannot read IP mode file for STMicroelectronics.X-CUBE-AZRTOS-H7.3.4.0
2025-10-21 20:43:47,684 [WARN] PackLoader:240 - Cannot read IP mode file for STMicroelectronics.X-CUBE-DISPLAY.3.0.0
2025-10-21 20:43:47,700 [WARN] PackLoader:240 - Cannot read IP mode file for STMicroelectronics.X-CUBE-NFC10.1.0.0
2025-10-21 20:43:47,721 [WARN] PackLoader:240 - Cannot read IP mode file for STMicroelectronics.X-CUBE-ST60.1.1.0
2025-10-21 20:43:47,728 [WARN] PackLoader:240 - Cannot read IP mode file for emotas.I-CUBE-CANOPEN.1.3.0
2025-10-21 20:43:47,739 [WARN] PackLoader:240 - Cannot read IP mode file for STMicroelectronics.FP-SNS-STBOX1.2.1.0
2025-10-21 20:43:47,746 [WARN] PackLoader:240 - Cannot read IP mode file for STMicroelectronics.FP-SNS-SMARTAG2.1.2.0
2025-10-21 20:43:47,751 [WARN] PackLoader:240 - Cannot read IP mode file for STMicroelectronics.FP-SNS-FLIGHT1.5.1.0
2025-10-21 20:43:47,763 [INFO] LogOutputStream:77 - [STDOUT_REDIRECT] 1 : Invalid condition id : UX_CORESTACK_Condition cause : null
2025-10-21 20:43:47,764 [INFO] LogOutputStream:77 - [STDOUT_REDIRECT] 1 : Invalid condition id : UX_CORESTACK_Condition cause : null
2025-10-21 20:43:47,765 [INFO] LogOutputStream:77 - [STDOUT_REDIRECT] 1 : Invalid condition id : UX_CORESTACK_Condition cause : null
2025-10-21 20:43:47,767 [INFO] LogOutputStream:77 - [STDOUT_REDIRECT] 1 : Invalid condition id : UX_CORESTACK_Condition cause : null
2025-10-21 20:43:47,769 [INFO] LogOutputStream:77 - [STDOUT_REDIRECT] 1 : Invalid condition id : UX_CORESTACK_Condition cause : null
2025-10-21 20:43:47,772 [WARN] PackLoader:240 - Cannot read IP mode file for STMicroelectronics.X-CUBE-AZRTOS-WL.2.0.0
2025-10-21 20:43:47,782 [WARN] PackLoader:240 - Cannot read IP mode file for STMicroelectronics.FP-SNS-MOTENV1.5.0.0
2025-10-21 20:43:47,792 [WARN] PackLoader:240 - Cannot read IP mode file for STMicroelectronics.X-CUBE-BLE2.3.3.0
2025-10-21 20:43:47,800 [WARN] PackLoader:240 - Cannot read IP mode file for STMicroelectronics.X-CUBE-NFC9.1.0.0
2025-10-21 20:43:47,808 [WARN] PackLoader:240 - Cannot read IP mode file for wolfSSL.I-CUBE-wolfSSL.5.8.2
2025-10-21 20:43:47,814 [WARN] PackLoader:240 - Cannot read IP mode file for STMicroelectronics.X-CUBE-BLE1.7.1.0
2025-10-21 20:43:47,819 [WARN] PackLoader:240 - Cannot read IP mode file for wolfSSL.I-CUBE-wolfMQTT.1.19.2
2025-10-21 20:43:47,827 [WARN] PackLoader:240 - Cannot read IP mode file for STMicroelectronics.X-CUBE-EEPRMA1.5.2.0
2025-10-21 20:43:47,837 [WARN] PackLoader:240 - Cannot read IP mode file for STMicroelectronics.X-CUBE-ST67W61.1.1.0
2025-10-21 20:43:47,855 [WARN] PackLoader:240 - Cannot read IP mode file for STMicroelectronics.X-CUBE-AZRTOS-G0.1.1.0
2025-10-21 20:43:47,864 [WARN] PackLoader:240 - Cannot read IP mode file for STMicroelectronics.X-CUBE-SAFEA1.1.2.2
2025-10-21 20:43:47,872 [WARN] PackLoader:240 - Cannot read IP mode file for STMicroelectronics.X-CUBE-NFC4.3.0.0
2025-10-21 20:43:47,882 [WARN] PackLoader:240 - Cannot read IP mode file for EmbeddedOffice.I-CUBE-FS-RTOS.1.0.1
2025-10-21 20:43:47,890 [WARN] PackLoader:240 - Cannot read IP mode file for STMicroelectronics.X-CUBE-WB05N.2.0.0
2025-10-21 20:43:47,895 [WARN] PackLoader:240 - Cannot read IP mode file for wolfSSL.I-CUBE-wolfTPM.3.8.0
2025-10-21 20:43:47,903 [WARN] PackLoader:240 - Cannot read IP mode file for STMicroelectronics.X-CUBE-TCPP.4.2.0
2025-10-21 20:43:47,909 [WARN] PackLoader:240 - Cannot read IP mode file for RealThread.X-CUBE-RT-Thread_Nano.4.1.1
2025-10-21 20:43:47,914 [WARN] PackLoader:240 - Cannot read IP mode file for STMicroelectronics.FP-ATR-SIGFOX1.3.2.0
2025-10-21 20:43:47,922 [WARN] PackLoader:240 - Cannot read IP mode file for ITTIA_DB.I-CUBE-ITTIADB.8.9.0
2025-10-21 20:43:47,930 [WARN] PackLoader:240 - Cannot read IP mode file for STMicroelectronics.X-CUBE-ST67W61.1.0.0
2025-10-21 20:43:47,936 [WARN] PackLoader:240 - Cannot read IP mode file for STMicroelectronics.X-CUBE-AI.10.2.0
2025-10-21 20:43:47,964 [WARN] PackLoader:240 - Cannot read IP mode file for SEGGER.I-CUBE-embOS.1.3.1
2025-10-21 20:43:48,014 [WARN] PackLoader:240 - Cannot read IP mode file for STMicroelectronics.X-CUBE-ALGOBUILD.1.4.0
2025-10-21 20:43:48,071 [WARN] PackLoader:240 - Cannot read IP mode file for STMicroelectronics.X-CUBE-MEMS1.11.3.0
2025-10-21 20:43:48,206 [WARN] PackLoader:240 - Cannot read IP mode file for STMicroelectronics.X-CUBE-PM33A1.1.0.0
2025-10-21 20:43:48,221 [WARN] PackLoader:240 - Cannot read IP mode file for STMicroelectronics.X-CUBE-AZRTOS-F4.1.1.0
2025-10-21 20:43:48,227 [WARN] PackLoader:240 - Cannot read IP mode file for Avnet-IotConnect.X-CUBE-IoTC-DA16k-PMOD.1.0.0
2025-10-21 20:43:48,232 [WARN] PackLoader:240 - Cannot read IP mode file for STMicroelectronics.X-CUBE-ISPU.2.1.0
2025-10-21 20:43:48,245 [WARN] PackLoader:240 - Cannot read IP mode file for STMicroelectronics.X-CUBE-IPS.3.2.0
2025-10-21 20:43:48,255 [WARN] PackLoader:240 - Cannot read IP mode file for STMicroelectronics.X-CUBE-NFC12.1.0.0
2025-10-21 20:43:48,268 [WARN] PackLoader:240 - Cannot read IP mode file for STMicroelectronics.X-CUBE-AZRTOS-L5.2.0.0
2025-10-21 20:43:48,276 [WARN] PackLoader:240 - Cannot read IP mode file for STMicroelectronics.X-CUBE-NFC6.3.1.0
2025-10-21 20:43:48,284 [WARN] PackLoader:240 - Cannot read IP mode file for STMicroelectronics.X-CUBE-FREERTOS.1.3.1
2025-10-21 20:43:48,289 [WARN] PackLoader:240 - Cannot read IP mode file for STMicroelectronics.X-CUBE-TOUCHGFX.4.26.0
2025-10-21 20:43:48,327 [WARN] PackLoader:240 - Cannot read IP mode file for STMicroelectronics.FP-SNS-STAIOTCFT.1.0.0
2025-10-21 20:43:48,335 [WARN] PackLoader:240 - Cannot read IP mode file for STMicroelectronics.X-CUBE-DPower.1.3.0
2025-10-21 20:43:48,352 [WARN] ConditionMgr:438 - getConditionDescription Invalid condition id : LAN8742 Phy interface Condition cause : null
2025-10-21 20:43:48,353 [WARN] PackLoader:240 - Cannot read IP mode file for STMicroelectronics.X-CUBE-AZRTOS-L4.2.0.0
2025-10-21 20:43:48,354 [WARN] ConditionMgr:1044 - genDependencies : Invalid condition id : LAN8742 Phy interface Condition cause : null
2025-10-21 20:43:48,355 [WARN] ConditionMgr:1044 - genDependencies : Invalid condition id : LAN8742 Phy interface Condition cause : null
2025-10-21 20:43:48,355 [WARN] ConditionMgr:1044 - genDependencies : Invalid condition id : LAN8742 Phy interface Condition cause : null
2025-10-21 20:43:48,363 [WARN] PackLoader:240 - Cannot read IP mode file for STMicroelectronics.X-CUBE-SFXS2LP1.4.0.0
2025-10-21 20:43:48,385 [WARN] PackLoader:240 - Cannot read IP mode file for STMicroelectronics.X-CUBE-AZRTOS-H7.3.3.0
2025-10-21 20:43:48,492 [WARN] PackLoader:240 - Cannot read IP mode file for STMicroelectronics.X-CUBE-BLEMGR.4.1.0
2025-10-21 20:43:48,509 [WARN] ConditionMgr:438 - getConditionDescription Invalid condition id : UX DEVICE CLASS RTOS Condition cause : null
2025-10-21 20:43:48,510 [WARN] ConditionMgr:438 - getConditionDescription Invalid condition id : UX DEVICE CLASS RTOS Condition cause : null
2025-10-21 20:43:48,511 [WARN] PackLoader:240 - Cannot read IP mode file for STMicroelectronics.X-CUBE-AZRTOS-WB.2.0.0
2025-10-21 20:43:48,512 [WARN] ConditionMgr:1044 - genDependencies : Invalid condition id : UX DEVICE CLASS RTOS Condition cause : null
2025-10-21 20:43:48,512 [WARN] ConditionMgr:1044 - genDependencies : Invalid condition id : UX DEVICE CLASS RTOS Condition cause : null
2025-10-21 20:43:48,512 [WARN] ConditionMgr:1044 - genDependencies : Invalid condition id : UX DEVICE CLASS RTOS Condition cause : null
2025-10-21 20:43:48,513 [WARN] ConditionMgr:1044 - genDependencies : Invalid condition id : UX DEVICE CLASS RTOS Condition cause : null
2025-10-21 20:43:48,513 [WARN] ConditionMgr:1044 - genDependencies : Invalid condition id : UX DEVICE CLASS RTOS Condition cause : null
2025-10-21 20:43:48,522 [WARN] PackLoader:240 - Cannot read IP mode file for STMicroelectronics.X-CUBE-GNSS1.7.0.1
2025-10-21 20:43:48,527 [WARN] PackLoader:240 - Cannot read IP mode file for STMicroelectronics.X-CUBE-TOUCHGFX.4.25.0
2025-10-21 20:43:48,532 [WARN] ConditionMgr:438 - getConditionDescription Invalid condition id : Cortex-A Device cause : null
2025-10-21 20:43:48,541 [WARN] ConditionMgr:1044 - genDependencies : Invalid condition id : Cortex-A Device cause : null
2025-10-21 20:43:48,541 [WARN] ConditionMgr:1044 - genDependencies : Invalid condition id : Cortex-A Device cause : null
2025-10-21 20:43:48,541 [WARN] ConditionMgr:1044 - genDependencies : Invalid condition id : Cortex-A Device cause : null
2025-10-21 20:43:48,551 [WARN] PackLoader:240 - Cannot read IP mode file for STMicroelectronics.X-CUBE-SUBG2.5.0.0
2025-10-21 20:43:48,574 [WARN] PackLoader:240 - Cannot read IP mode file for STMicroelectronics.X-CUBE-AZRTOS-H7RS.1.1.0
2025-10-21 20:43:48,590 [WARN] PackLoader:240 - Cannot read IP mode file for STMicroelectronics.X-CUBE-AZRTOS-G4.2.0.0
2025-10-21 20:43:48,594 [WARN] PackLoader:240 - Cannot read IP mode file for wolfSSL.I-CUBE-wolfSSH.1.4.20
2025-10-21 20:43:48,600 [WARN] PackLoader:240 - Cannot read IP mode file for STMicroelectronics.X-CUBE-NFC7.2.0.0
2025-10-21 20:43:48,623 [WARN] PackLoader:240 - Cannot read IP mode file for STMicroelectronics.X-CUBE-IPS.3.1.0
2025-10-21 20:43:48,634 [WARN] PackLoader:240 - Cannot read IP mode file for STMicroelectronics.X-CUBE-ALS.1.0.2
2025-10-21 20:43:48,638 [WARN] PackLoader:240 - Cannot read IP mode file for STMicroelectronics.X-CUBE-STSE01.1.0.0
2025-10-21 20:43:48,649 [WARN] PackLoader:240 - Cannot read IP mode file for STMicroelectronics.X-CUBE-TOF1.3.4.3
2025-10-21 20:43:48,657 [INFO] ThirdParty:978 - Integrity check success = true
2025-10-21 20:43:48,658 [INFO] IntegrityCheckThread:100 - exiting critical section [integrity check]
2025-10-21 20:43:48,658 [INFO] IntegrityCheckThread:103 - End integrity checks thread
2025-10-21 20:44:37,562 [INFO] McuFinderGlobals:63 - Set McuFinder mode to 2 (CubeIDE integrated)
2025-10-21 20:44:37,574 [INFO] MainUpdater:2872 - connection check result : 10
2025-10-21 20:44:37,575 [INFO] MainUpdater:2872 - connection check result : 10
2025-10-21 20:44:37,643 [INFO] MicroXplorer:468 - Change Database Path : 
2025-10-21 20:44:37,643 [INFO] MicroXplorer:498 - Change Database Version : DB.6.0.150
2025-10-21 20:44:37,659 [WARN] ThirdParty:871 - waiting for thirdparty lock release [close project]
2025-10-21 20:44:37,659 [INFO] ThirdParty:873 - entering critical section [close project]
2025-10-21 20:44:37,662 [INFO] ThirdParty:883 - exiting critical section [close project]
2025-10-21 20:44:37,669 [INFO] PinOutPanel:1589 - setPackage(No Configuration,No Configuration)
2025-10-21 20:44:37,671 [INFO] UtilMem:75 - Begin LoadConfig() Used Memory: 547660520 Bytes (1033895936)
2025-10-21 20:44:37,672 [INFO] MicroXplorer:468 - Change Database Path : 
2025-10-21 20:44:37,673 [INFO] MicroXplorer:498 - Change Database Version : DB.6.0.150
2025-10-21 20:44:37,673 [INFO] OpenFileManager:355 - Change cursor
2025-10-21 20:44:37,697 [INFO] ThirdPartyDownloadManager:103 - Found SW packSTMicroelectronics.X-CUBE-AZRTOS-H7.3.3.0up-to-date on disk
2025-10-21 20:44:37,768 [INFO] Mcu:2029 - Initializing MCU STM32H753ZITx STM32H753ZITx STM32H753ZIT6
2025-10-21 20:44:41,647 [INFO] Context:786 - Trying to add GPIOservice into a context  which must be forbidden
2025-10-21 20:44:43,802 [INFO] ApiDbMcu:532 - Load IP Config File for STMicroelectronics.X-CUBE-AZRTOS-H7.3.3.0
2025-10-21 20:44:43,977 [INFO] ApiDbMcu:532 - Load IP Config File for NUCLEO-H753ZI
2025-10-21 20:44:44,129 [INFO] ImportTextPane:234 - (OptionalMessage_ERROR) Pin23 (VP_RIF_VS_RIF1) cannot be retrieved for this MCU
2025-10-21 20:44:44,147 [INFO] ImportTextPane:234 - (OptionalMessage_ERROR) Unable to find key (Mcu.IP8) in loaded IOC file
2025-10-21 20:44:44,148 [INFO] ImportTextPane:234 - (OptionalMessage_ERROR) Unknown IP (dummy)
2025-10-21 20:44:44,282 [INFO] RtosManager:558 - Registered RTOS mode: class=CMSIS, group=RTOS, mode=CMSIS_V1, owner=FREERTOS
2025-10-21 20:44:44,282 [INFO] RtosManager:558 - Registered RTOS mode: class=CMSIS, group=RTOS2, mode=CMSIS_V2, owner=FREERTOS
2025-10-21 20:44:44,282 [INFO] RtosManager:558 - Registered RTOS mode: class=RTOS, group=Core, mode=CMSIS_V1, owner=FREERTOS
2025-10-21 20:44:44,283 [INFO] RtosManager:558 - Registered RTOS mode: class=RTOS, group=Core, mode=CMSIS_V2, owner=FREERTOS
2025-10-21 20:44:44,283 [WARN] ModelIntegratedComponent:184 - Missing modes for component STMicroelectronics:FreeRTOS:0.0.1:STMicroelectronics:RTOS:FreeRTOS:Core:::10.2.0:
2025-10-21 20:44:44,306 [WARN] ModelIntegratedComponent:63 - No mode defined for component null
2025-10-21 20:44:44,306 [WARN] ModelIntegratedComponent:63 - No mode defined for component null
2025-10-21 20:44:44,306 [WARN] ModelIntegratedComponent:63 - No mode defined for component null
2025-10-21 20:44:44,306 [WARN] ModelIntegratedComponent:63 - No mode defined for component null
2025-10-21 20:44:44,306 [WARN] ModelIntegratedComponent:63 - No mode defined for component null
2025-10-21 20:44:44,306 [WARN] ModelIntegratedComponent:63 - No mode defined for component null
2025-10-21 20:44:44,306 [WARN] ModelIntegratedComponent:63 - No mode defined for component null
2025-10-21 20:44:44,306 [WARN] ModelIntegratedComponent:63 - No mode defined for component null
2025-10-21 20:44:44,306 [WARN] ModelIntegratedComponent:63 - No mode defined for component null
2025-10-21 20:44:44,306 [WARN] ModelIntegratedComponent:63 - No mode defined for component null
2025-10-21 20:44:44,306 [WARN] ModelIntegratedComponent:63 - No mode defined for component null
2025-10-21 20:44:44,306 [WARN] ModelIntegratedComponent:63 - No mode defined for component null
2025-10-21 20:44:44,306 [WARN] ModelIntegratedComponent:63 - No mode defined for component null
2025-10-21 20:44:44,307 [WARN] ModelIntegratedComponent:63 - No mode defined for component null
2025-10-21 20:44:44,307 [WARN] ModelIntegratedComponent:63 - No mode defined for component null
2025-10-21 20:44:44,307 [WARN] ModelIntegratedComponent:63 - No mode defined for component null
2025-10-21 20:44:44,307 [WARN] ModelIntegratedComponent:63 - No mode defined for component null
2025-10-21 20:44:44,307 [WARN] ModelIntegratedComponent:63 - No mode defined for component null
2025-10-21 20:44:44,307 [WARN] ModelIntegratedComponent:63 - No mode defined for component null
2025-10-21 20:44:44,307 [WARN] ModelIntegratedComponent:63 - No mode defined for component null
2025-10-21 20:44:44,307 [WARN] ModelIntegratedComponent:63 - No mode defined for component null
2025-10-21 20:44:44,307 [WARN] ModelIntegratedComponent:63 - No mode defined for component null
2025-10-21 20:44:44,307 [WARN] ModelIntegratedComponent:63 - No mode defined for component null
2025-10-21 20:44:44,307 [WARN] ModelIntegratedComponent:63 - No mode defined for component null
2025-10-21 20:44:44,307 [WARN] ModelIntegratedComponent:63 - No mode defined for component null
2025-10-21 20:44:44,307 [WARN] ModelIntegratedComponent:63 - No mode defined for component null
2025-10-21 20:44:44,307 [WARN] ModelIntegratedComponent:63 - No mode defined for component null
2025-10-21 20:44:44,307 [WARN] ModelIntegratedComponent:63 - No mode defined for component null
2025-10-21 20:44:44,307 [WARN] ModelIntegratedComponent:63 - No mode defined for component null
2025-10-21 20:44:44,307 [WARN] ModelIntegratedComponent:63 - No mode defined for component null
2025-10-21 20:44:44,307 [WARN] ModelIntegratedComponent:63 - No mode defined for component null
2025-10-21 20:44:44,307 [WARN] ModelIntegratedComponent:63 - No mode defined for component null
2025-10-21 20:44:44,307 [WARN] ModelIntegratedComponent:63 - No mode defined for component null
2025-10-21 20:44:44,308 [WARN] ModelIntegratedComponent:63 - No mode defined for component null
2025-10-21 20:44:44,308 [WARN] ModelIntegratedComponent:63 - No mode defined for component null
2025-10-21 20:44:44,308 [WARN] ModelPack:524 - Component already loaded: STMicroelectronics:HAL Drivers:0.0.0:STMicroelectronics:Device:STMicro_Driver:XSPI:HAL::0.0.1:HAL_XSPI
2025-10-21 20:44:44,530 [WARN] IP:2250 - TX_NO_TIMER not found: check if there is a RefParameter without a condition.
2025-10-21 20:44:44,531 [WARN] IP:2250 - TX_LOW_POWER_TICKLESS not found: check if there is a RefParameter without a condition.
2025-10-21 20:44:44,532 [WARN] IP:2250 - TX_LOW_POWER_USER_ENTER not found: check if there is a RefParameter without a condition.
2025-10-21 20:44:44,532 [WARN] IP:2250 - TX_LOW_POWER_USER_EXIT not found: check if there is a RefParameter without a condition.
2025-10-21 20:44:44,532 [WARN] IP:2250 - TX_LOW_POWER_USER_TIMER_ADJUST not found: check if there is a RefParameter without a condition.
2025-10-21 20:44:44,532 [WARN] IP:2250 - TX_LOW_POWER_TIMER_SETUP not found: check if there is a RefParameter without a condition.
2025-10-21 20:44:44,532 [WARN] IP:2250 - TX_BASEPRI_VALUE not found: check if there is a RefParameter without a condition.
2025-10-21 20:44:44,532 [WARN] IP:2250 - TX_APP_CREATION not found: check if there is a RefParameter without a condition.
2025-10-21 20:44:44,532 [WARN] IP:2250 - TX_APP_THREAD_ENTRY not found: check if there is a RefParameter without a condition.
2025-10-21 20:44:44,533 [WARN] IP:2250 - TX_APP_THREAD_NAME not found: check if there is a RefParameter without a condition.
2025-10-21 20:44:44,533 [WARN] IP:2250 - TX_APP_THREAD_PRIO not found: check if there is a RefParameter without a condition.
2025-10-21 20:44:44,534 [WARN] IP:2250 - TX_APP_STACK_SIZE not found: check if there is a RefParameter without a condition.
2025-10-21 20:44:44,534 [WARN] IP:2250 - TX_APP_SEM_CREATION not found: check if there is a RefParameter without a condition.
2025-10-21 20:44:44,534 [WARN] IP:2250 - TX_SEMAPHORE_NAME not found: check if there is a RefParameter without a condition.
2025-10-21 20:44:44,534 [WARN] IP:2250 - TX_SEMAPHORE_COUNT not found: check if there is a RefParameter without a condition.
2025-10-21 20:44:44,534 [WARN] IP:2250 - TX_APP_MUTEX_CREATION not found: check if there is a RefParameter without a condition.
2025-10-21 20:44:44,535 [WARN] IP:2250 - TX_MUTEX_NAME not found: check if there is a RefParameter without a condition.
2025-10-21 20:44:44,535 [WARN] IP:2250 - TX_Mutex_INHERITANCE not found: check if there is a RefParameter without a condition.
2025-10-21 20:44:44,535 [WARN] IP:2250 - TX_APP_MSG_QUEUE_CREATION not found: check if there is a RefParameter without a condition.
2025-10-21 20:44:44,535 [WARN] IP:2250 - TX_MSG_QUEUE_NAME not found: check if there is a RefParameter without a condition.
2025-10-21 20:44:44,535 [WARN] IP:2250 - TX_MSG_SIZE_WORDS not found: check if there is a RefParameter without a condition.
2025-10-21 20:44:44,535 [WARN] IP:2250 - TX_NB_MSG not found: check if there is a RefParameter without a condition.
2025-10-21 20:44:44,537 [WARN] IP:2250 - TX_NO_TIMER not found: check if there is a RefParameter without a condition.
2025-10-21 20:44:44,537 [WARN] IP:2250 - TX_BASEPRI_VALUE not found: check if there is a RefParameter without a condition.
2025-10-21 20:44:44,538 [WARN] IP:2250 - TX_APP_CREATION not found: check if there is a RefParameter without a condition.
2025-10-21 20:44:44,538 [WARN] IP:2250 - TX_APP_THREAD_ENTRY not found: check if there is a RefParameter without a condition.
2025-10-21 20:44:44,538 [WARN] IP:2250 - TX_APP_THREAD_NAME not found: check if there is a RefParameter without a condition.
2025-10-21 20:44:44,538 [WARN] IP:2250 - TX_APP_THREAD_PRIO not found: check if there is a RefParameter without a condition.
2025-10-21 20:44:44,538 [WARN] IP:2250 - TX_APP_STACK_SIZE not found: check if there is a RefParameter without a condition.
2025-10-21 20:44:44,538 [WARN] IP:2250 - TX_APP_SEM_CREATION not found: check if there is a RefParameter without a condition.
2025-10-21 20:44:44,538 [WARN] IP:2250 - TX_SEMAPHORE_NAME not found: check if there is a RefParameter without a condition.
2025-10-21 20:44:44,538 [WARN] IP:2250 - TX_SEMAPHORE_COUNT not found: check if there is a RefParameter without a condition.
2025-10-21 20:44:44,538 [WARN] IP:2250 - TX_APP_MUTEX_CREATION not found: check if there is a RefParameter without a condition.
2025-10-21 20:44:44,538 [WARN] IP:2250 - TX_MUTEX_NAME not found: check if there is a RefParameter without a condition.
2025-10-21 20:44:44,538 [WARN] IP:2250 - TX_Mutex_INHERITANCE not found: check if there is a RefParameter without a condition.
2025-10-21 20:44:44,539 [WARN] IP:2250 - TX_APP_MSG_QUEUE_CREATION not found: check if there is a RefParameter without a condition.
2025-10-21 20:44:44,539 [WARN] IP:2250 - TX_MSG_QUEUE_NAME not found: check if there is a RefParameter without a condition.
2025-10-21 20:44:44,539 [WARN] IP:2250 - TX_MSG_SIZE_WORDS not found: check if there is a RefParameter without a condition.
2025-10-21 20:44:44,539 [WARN] IP:2250 - TX_NB_MSG not found: check if there is a RefParameter without a condition.
2025-10-21 20:44:44,540 [WARN] IP:2250 - TX_NO_TIMER not found: check if there is a RefParameter without a condition.
2025-10-21 20:44:44,540 [WARN] IP:2250 - TX_BASEPRI_VALUE not found: check if there is a RefParameter without a condition.
2025-10-21 20:44:44,541 [WARN] IP:2250 - TX_APP_CREATION not found: check if there is a RefParameter without a condition.
2025-10-21 20:44:44,541 [WARN] IP:2250 - TX_APP_THREAD_ENTRY not found: check if there is a RefParameter without a condition.
2025-10-21 20:44:44,541 [WARN] IP:2250 - TX_APP_THREAD_NAME not found: check if there is a RefParameter without a condition.
2025-10-21 20:44:44,541 [WARN] IP:2250 - TX_APP_THREAD_PRIO not found: check if there is a RefParameter without a condition.
2025-10-21 20:44:44,541 [WARN] IP:2250 - TX_APP_STACK_SIZE not found: check if there is a RefParameter without a condition.
2025-10-21 20:44:44,541 [WARN] IP:2250 - TX_APP_SEM_CREATION not found: check if there is a RefParameter without a condition.
2025-10-21 20:44:44,541 [WARN] IP:2250 - TX_SEMAPHORE_NAME not found: check if there is a RefParameter without a condition.
2025-10-21 20:44:44,541 [WARN] IP:2250 - TX_SEMAPHORE_COUNT not found: check if there is a RefParameter without a condition.
2025-10-21 20:44:44,541 [WARN] IP:2250 - TX_APP_MUTEX_CREATION not found: check if there is a RefParameter without a condition.
2025-10-21 20:44:44,541 [WARN] IP:2250 - TX_MUTEX_NAME not found: check if there is a RefParameter without a condition.
2025-10-21 20:44:44,541 [WARN] IP:2250 - TX_Mutex_INHERITANCE not found: check if there is a RefParameter without a condition.
2025-10-21 20:44:44,541 [WARN] IP:2250 - TX_APP_MSG_QUEUE_CREATION not found: check if there is a RefParameter without a condition.
2025-10-21 20:44:44,541 [WARN] IP:2250 - TX_MSG_QUEUE_NAME not found: check if there is a RefParameter without a condition.
2025-10-21 20:44:44,542 [WARN] IP:2250 - TX_MSG_SIZE_WORDS not found: check if there is a RefParameter without a condition.
2025-10-21 20:44:44,542 [WARN] IP:2250 - TX_NB_MSG not found: check if there is a RefParameter without a condition.
2025-10-21 20:44:44,543 [WARN] IP:2250 - TX_NO_TIMER not found: check if there is a RefParameter without a condition.
2025-10-21 20:44:44,544 [WARN] IP:2250 - TX_BASEPRI_VALUE not found: check if there is a RefParameter without a condition.
2025-10-21 20:44:44,544 [WARN] IP:2250 - TX_APP_CREATION not found: check if there is a RefParameter without a condition.
2025-10-21 20:44:44,545 [WARN] IP:2250 - TX_APP_THREAD_ENTRY not found: check if there is a RefParameter without a condition.
2025-10-21 20:44:44,545 [WARN] IP:2250 - TX_APP_THREAD_NAME not found: check if there is a RefParameter without a condition.
2025-10-21 20:44:44,545 [WARN] IP:2250 - TX_APP_THREAD_PRIO not found: check if there is a RefParameter without a condition.
2025-10-21 20:44:44,545 [WARN] IP:2250 - TX_APP_STACK_SIZE not found: check if there is a RefParameter without a condition.
2025-10-21 20:44:44,545 [WARN] IP:2250 - TX_APP_SEM_CREATION not found: check if there is a RefParameter without a condition.
2025-10-21 20:44:44,545 [WARN] IP:2250 - TX_SEMAPHORE_NAME not found: check if there is a RefParameter without a condition.
2025-10-21 20:44:44,545 [WARN] IP:2250 - TX_SEMAPHORE_COUNT not found: check if there is a RefParameter without a condition.
2025-10-21 20:44:44,546 [WARN] IP:2250 - TX_APP_MUTEX_CREATION not found: check if there is a RefParameter without a condition.
2025-10-21 20:44:44,546 [WARN] IP:2250 - TX_MUTEX_NAME not found: check if there is a RefParameter without a condition.
2025-10-21 20:44:44,546 [WARN] IP:2250 - TX_Mutex_INHERITANCE not found: check if there is a RefParameter without a condition.
2025-10-21 20:44:44,546 [WARN] IP:2250 - TX_APP_MSG_QUEUE_CREATION not found: check if there is a RefParameter without a condition.
2025-10-21 20:44:44,546 [WARN] IP:2250 - TX_MSG_QUEUE_NAME not found: check if there is a RefParameter without a condition.
2025-10-21 20:44:44,546 [WARN] IP:2250 - TX_MSG_SIZE_WORDS not found: check if there is a RefParameter without a condition.
2025-10-21 20:44:44,546 [WARN] IP:2250 - TX_NB_MSG not found: check if there is a RefParameter without a condition.
2025-10-21 20:44:44,549 [INFO] RtosManager:558 - Registered RTOS mode: class=RTOS, group=ThreadX, mode=RTOSJjThreadX, owner=STMicroelectronics.X-CUBE-AZRTOS-H7.3.3.0
2025-10-21 20:44:44,550 [WARN] IP:2250 - TX_APP_CREATION not found: check if there is a RefParameter without a condition.
2025-10-21 20:44:44,550 [WARN] IP:2250 - TX_APP_THREAD_ENTRY not found: check if there is a RefParameter without a condition.
2025-10-21 20:44:44,550 [WARN] IP:2250 - TX_APP_THREAD_NAME not found: check if there is a RefParameter without a condition.
2025-10-21 20:44:44,550 [WARN] IP:2250 - TX_APP_THREAD_PRIO not found: check if there is a RefParameter without a condition.
2025-10-21 20:44:44,550 [WARN] IP:2250 - TX_APP_STACK_SIZE not found: check if there is a RefParameter without a condition.
2025-10-21 20:44:44,550 [WARN] IP:2250 - TX_APP_SEM_CREATION not found: check if there is a RefParameter without a condition.
2025-10-21 20:44:44,551 [WARN] IP:2250 - TX_SEMAPHORE_NAME not found: check if there is a RefParameter without a condition.
2025-10-21 20:44:44,551 [WARN] IP:2250 - TX_SEMAPHORE_COUNT not found: check if there is a RefParameter without a condition.
2025-10-21 20:44:44,551 [WARN] IP:2250 - TX_APP_MUTEX_CREATION not found: check if there is a RefParameter without a condition.
2025-10-21 20:44:44,551 [WARN] IP:2250 - TX_MUTEX_NAME not found: check if there is a RefParameter without a condition.
2025-10-21 20:44:44,551 [WARN] IP:2250 - TX_Mutex_INHERITANCE not found: check if there is a RefParameter without a condition.
2025-10-21 20:44:44,551 [WARN] IP:2250 - TX_APP_MSG_QUEUE_CREATION not found: check if there is a RefParameter without a condition.
2025-10-21 20:44:44,551 [WARN] IP:2250 - TX_MSG_QUEUE_NAME not found: check if there is a RefParameter without a condition.
2025-10-21 20:44:44,552 [WARN] IP:2250 - TX_MSG_SIZE_WORDS not found: check if there is a RefParameter without a condition.
2025-10-21 20:44:44,552 [WARN] IP:2250 - TX_NB_MSG not found: check if there is a RefParameter without a condition.
2025-10-21 20:44:44,553 [INFO] RtosManager:558 - Registered RTOS mode: class=RTOS, group=ThreadX, mode=RTOSJjThreadX, owner=STMicroelectronics.X-CUBE-AZRTOS-H7.3.3.0
2025-10-21 20:44:44,554 [WARN] IP:2250 - TX_NO_TIMER not found: check if there is a RefParameter without a condition.
2025-10-21 20:44:44,554 [WARN] IP:2250 - TX_BASEPRI_VALUE not found: check if there is a RefParameter without a condition.
2025-10-21 20:44:44,554 [WARN] IP:2250 - TX_APP_CREATION not found: check if there is a RefParameter without a condition.
2025-10-21 20:44:44,555 [WARN] IP:2250 - TX_APP_THREAD_ENTRY not found: check if there is a RefParameter without a condition.
2025-10-21 20:44:44,555 [WARN] IP:2250 - TX_APP_THREAD_NAME not found: check if there is a RefParameter without a condition.
2025-10-21 20:44:44,555 [WARN] IP:2250 - TX_APP_THREAD_PRIO not found: check if there is a RefParameter without a condition.
2025-10-21 20:44:44,555 [WARN] IP:2250 - TX_APP_STACK_SIZE not found: check if there is a RefParameter without a condition.
2025-10-21 20:44:44,555 [WARN] IP:2250 - TX_APP_SEM_CREATION not found: check if there is a RefParameter without a condition.
2025-10-21 20:44:44,555 [WARN] IP:2250 - TX_SEMAPHORE_NAME not found: check if there is a RefParameter without a condition.
2025-10-21 20:44:44,555 [WARN] IP:2250 - TX_SEMAPHORE_COUNT not found: check if there is a RefParameter without a condition.
2025-10-21 20:44:44,555 [WARN] IP:2250 - TX_APP_MUTEX_CREATION not found: check if there is a RefParameter without a condition.
2025-10-21 20:44:44,555 [WARN] IP:2250 - TX_MUTEX_NAME not found: check if there is a RefParameter without a condition.
2025-10-21 20:44:44,555 [WARN] IP:2250 - TX_Mutex_INHERITANCE not found: check if there is a RefParameter without a condition.
2025-10-21 20:44:44,555 [WARN] IP:2250 - TX_APP_MSG_QUEUE_CREATION not found: check if there is a RefParameter without a condition.
2025-10-21 20:44:44,555 [WARN] IP:2250 - TX_MSG_QUEUE_NAME not found: check if there is a RefParameter without a condition.
2025-10-21 20:44:44,556 [WARN] IP:2250 - TX_MSG_SIZE_WORDS not found: check if there is a RefParameter without a condition.
2025-10-21 20:44:44,556 [WARN] IP:2250 - TX_NB_MSG not found: check if there is a RefParameter without a condition.
2025-10-21 20:44:44,556 [INFO] RtosManager:558 - Registered RTOS mode: class=RTOS, group=ThreadX, mode=RTOSJjThreadX, owner=STMicroelectronics.X-CUBE-AZRTOS-H7.3.3.0
2025-10-21 20:44:44,557 [WARN] IP:2250 - TX_NO_TIMER not found: check if there is a RefParameter without a condition.
2025-10-21 20:44:44,558 [WARN] IP:2250 - TX_BASEPRI_VALUE not found: check if there is a RefParameter without a condition.
2025-10-21 20:44:44,558 [WARN] IP:2250 - TX_APP_CREATION not found: check if there is a RefParameter without a condition.
2025-10-21 20:44:44,558 [WARN] IP:2250 - TX_APP_THREAD_ENTRY not found: check if there is a RefParameter without a condition.
2025-10-21 20:44:44,558 [WARN] IP:2250 - TX_APP_THREAD_NAME not found: check if there is a RefParameter without a condition.
2025-10-21 20:44:44,558 [WARN] IP:2250 - TX_APP_THREAD_PRIO not found: check if there is a RefParameter without a condition.
2025-10-21 20:44:44,558 [WARN] IP:2250 - TX_APP_STACK_SIZE not found: check if there is a RefParameter without a condition.
2025-10-21 20:44:44,558 [WARN] IP:2250 - TX_APP_SEM_CREATION not found: check if there is a RefParameter without a condition.
2025-10-21 20:44:44,558 [WARN] IP:2250 - TX_SEMAPHORE_NAME not found: check if there is a RefParameter without a condition.
2025-10-21 20:44:44,558 [WARN] IP:2250 - TX_SEMAPHORE_COUNT not found: check if there is a RefParameter without a condition.
2025-10-21 20:44:44,558 [WARN] IP:2250 - TX_APP_MUTEX_CREATION not found: check if there is a RefParameter without a condition.
2025-10-21 20:44:44,559 [WARN] IP:2250 - TX_MUTEX_NAME not found: check if there is a RefParameter without a condition.
2025-10-21 20:44:44,559 [WARN] IP:2250 - TX_Mutex_INHERITANCE not found: check if there is a RefParameter without a condition.
2025-10-21 20:44:44,559 [WARN] IP:2250 - TX_APP_MSG_QUEUE_CREATION not found: check if there is a RefParameter without a condition.
2025-10-21 20:44:44,559 [WARN] IP:2250 - TX_MSG_QUEUE_NAME not found: check if there is a RefParameter without a condition.
2025-10-21 20:44:44,559 [WARN] IP:2250 - TX_MSG_SIZE_WORDS not found: check if there is a RefParameter without a condition.
2025-10-21 20:44:44,559 [WARN] IP:2250 - TX_NB_MSG not found: check if there is a RefParameter without a condition.
2025-10-21 20:44:44,560 [INFO] RtosManager:558 - Registered RTOS mode: class=RTOS, group=ThreadX, mode=RTOSJjThreadX, owner=STMicroelectronics.X-CUBE-AZRTOS-H7.3.3.0
2025-10-21 20:44:44,562 [WARN] IP:2250 - TX_NO_TIMER not found: check if there is a RefParameter without a condition.
2025-10-21 20:44:44,562 [WARN] IP:2250 - TX_BASEPRI_VALUE not found: check if there is a RefParameter without a condition.
2025-10-21 20:44:44,562 [WARN] IP:2250 - TX_APP_CREATION not found: check if there is a RefParameter without a condition.
2025-10-21 20:44:44,563 [WARN] IP:2250 - TX_APP_THREAD_ENTRY not found: check if there is a RefParameter without a condition.
2025-10-21 20:44:44,563 [WARN] IP:2250 - TX_APP_THREAD_NAME not found: check if there is a RefParameter without a condition.
2025-10-21 20:44:44,563 [WARN] IP:2250 - TX_APP_THREAD_PRIO not found: check if there is a RefParameter without a condition.
2025-10-21 20:44:44,563 [WARN] IP:2250 - TX_APP_STACK_SIZE not found: check if there is a RefParameter without a condition.
2025-10-21 20:44:44,563 [WARN] IP:2250 - TX_APP_SEM_CREATION not found: check if there is a RefParameter without a condition.
2025-10-21 20:44:44,564 [WARN] IP:2250 - TX_SEMAPHORE_NAME not found: check if there is a RefParameter without a condition.
2025-10-21 20:44:44,564 [WARN] IP:2250 - TX_SEMAPHORE_COUNT not found: check if there is a RefParameter without a condition.
2025-10-21 20:44:44,564 [WARN] IP:2250 - TX_APP_MUTEX_CREATION not found: check if there is a RefParameter without a condition.
2025-10-21 20:44:44,564 [WARN] IP:2250 - TX_MUTEX_NAME not found: check if there is a RefParameter without a condition.
2025-10-21 20:44:44,564 [WARN] IP:2250 - TX_Mutex_INHERITANCE not found: check if there is a RefParameter without a condition.
2025-10-21 20:44:44,564 [WARN] IP:2250 - TX_APP_MSG_QUEUE_CREATION not found: check if there is a RefParameter without a condition.
2025-10-21 20:44:44,564 [WARN] IP:2250 - TX_MSG_QUEUE_NAME not found: check if there is a RefParameter without a condition.
2025-10-21 20:44:44,564 [WARN] IP:2250 - TX_MSG_SIZE_WORDS not found: check if there is a RefParameter without a condition.
2025-10-21 20:44:44,564 [WARN] IP:2250 - TX_NB_MSG not found: check if there is a RefParameter without a condition.
2025-10-21 20:44:45,566 [INFO] ThirdPartyModel:298 - Start build external matchings
2025-10-21 20:44:45,854 [INFO] ThirdPartyModel:316 - End build external matchings
2025-10-21 20:44:45,871 [INFO] RtosManager:1018 - Current active RTOS is STMicroelectronics.X-CUBE-AZRTOS-H7.3.3.0 [Cortex-M7NS]
2025-10-21 20:44:45,892 [WARN] IP:2250 - TX_NO_TIMER not found: check if there is a RefParameter without a condition.
2025-10-21 20:44:45,892 [WARN] IP:2250 - TX_LOW_POWER_TICKLESS not found: check if there is a RefParameter without a condition.
2025-10-21 20:44:45,892 [WARN] IP:2250 - TX_LOW_POWER_USER_ENTER not found: check if there is a RefParameter without a condition.
2025-10-21 20:44:45,892 [WARN] IP:2250 - TX_LOW_POWER_USER_EXIT not found: check if there is a RefParameter without a condition.
2025-10-21 20:44:45,892 [WARN] IP:2250 - TX_LOW_POWER_USER_TIMER_ADJUST not found: check if there is a RefParameter without a condition.
2025-10-21 20:44:45,892 [WARN] IP:2250 - TX_LOW_POWER_TIMER_SETUP not found: check if there is a RefParameter without a condition.
2025-10-21 20:44:45,893 [WARN] IP:2250 - TX_BASEPRI_VALUE not found: check if there is a RefParameter without a condition.
2025-10-21 20:44:45,893 [WARN] IP:2250 - TX_APP_CREATION not found: check if there is a RefParameter without a condition.
2025-10-21 20:44:45,893 [WARN] IP:2250 - TX_APP_THREAD_ENTRY not found: check if there is a RefParameter without a condition.
2025-10-21 20:44:45,893 [WARN] IP:2250 - TX_APP_THREAD_NAME not found: check if there is a RefParameter without a condition.
2025-10-21 20:44:45,893 [WARN] IP:2250 - TX_APP_THREAD_PRIO not found: check if there is a RefParameter without a condition.
2025-10-21 20:44:45,893 [WARN] IP:2250 - TX_APP_STACK_SIZE not found: check if there is a RefParameter without a condition.
2025-10-21 20:44:45,893 [WARN] IP:2250 - TX_APP_SEM_CREATION not found: check if there is a RefParameter without a condition.
2025-10-21 20:44:45,893 [WARN] IP:2250 - TX_SEMAPHORE_NAME not found: check if there is a RefParameter without a condition.
2025-10-21 20:44:45,893 [WARN] IP:2250 - TX_SEMAPHORE_COUNT not found: check if there is a RefParameter without a condition.
2025-10-21 20:44:45,893 [WARN] IP:2250 - TX_APP_MUTEX_CREATION not found: check if there is a RefParameter without a condition.
2025-10-21 20:44:45,893 [WARN] IP:2250 - TX_MUTEX_NAME not found: check if there is a RefParameter without a condition.
2025-10-21 20:44:45,893 [WARN] IP:2250 - TX_Mutex_INHERITANCE not found: check if there is a RefParameter without a condition.
2025-10-21 20:44:45,893 [WARN] IP:2250 - TX_APP_MSG_QUEUE_CREATION not found: check if there is a RefParameter without a condition.
2025-10-21 20:44:45,893 [WARN] IP:2250 - TX_MSG_QUEUE_NAME not found: check if there is a RefParameter without a condition.
2025-10-21 20:44:45,893 [WARN] IP:2250 - TX_MSG_SIZE_WORDS not found: check if there is a RefParameter without a condition.
2025-10-21 20:44:45,893 [WARN] IP:2250 - TX_NB_MSG not found: check if there is a RefParameter without a condition.
2025-10-21 20:44:46,653 [INFO] ApiDb:581 - Connected to CubeFinder SQLite database (C:\Users\oopav\.stmcufinder\plugins\mcufinder\mcu\cube-finder-db.db)
2025-10-21 20:44:46,765 [INFO] ApiDb:668 - CubeFinder database Data Model version=2.1
2025-10-21 20:44:46,766 [INFO] ApiDb:669 - CubeFinder database Configuration version=3.0.39
2025-10-21 20:44:46,766 [INFO] ApiDb:670 - CubeFinder database generation date=2025-08-25 (1756130511)
2025-10-21 20:44:46,766 [INFO] ApiDb:671 - CubeFinder database FW Pack versions=[FP-ATR-ASTRA1_V2.0.0, FP-SNS-FLIGHT1_V5.1.0, FP-SNS-MOTENV1_V5.0.0, FP-SNS-MOTENVWB1_V1.4.0, FP-SNS-SMARTAG2_V1.2.0, FP-SNS-STBOX1_V2.1.0, STM32Cube_FW_C0_V1.4.0, STM32Cube_FW_F4_V1.28.3, STM32Cube_FW_F7_V1.17.4, STM32Cube_FW_G0_V1.6.2, STM32Cube_FW_G4_V1.6.1, STM32Cube_FW_H5_V1.5.0, STM32Cube_FW_H7RS_V1.2.0, STM32Cube_FW_H7_V1.12.1, STM32Cube_FW_L0_V1.12.2, STM32Cube_FW_L4_V1.18.1, STM32Cube_FW_L5_V1.5.1, STM32Cube_FW_N6_V1.2.0, STM32Cube_FW_U0_V1.3.0, STM32Cube_FW_U3_V1.2.0, STM32Cube_FW_U5_V1.8.0, STM32Cube_FW_WB0_V1.3.0, STM32Cube_FW_WBA_V1.7.0, STM32Cube_FW_WB_V1.23.0, STM32Cube_FW_WL3_V1.2.0, STM32Cube_FW_WL_V1.3.1, X-CUBE-ALGOBUILD_V1.4.0, X-CUBE-ALS_V1.0.2, X-CUBE-AZRTOS-F4_V1.1.0, X-CUBE-AZRTOS-F7_V1.1.0, X-CUBE-AZRTOS-G0_V1.1.0, X-CUBE-AZRTOS-G4_V2.0.0, X-CUBE-AZRTOS-H7RS_V1.1.0, X-CUBE-AZRTOS-H7_V3.4.0, X-CUBE-AZRTOS-L4_V2.0.0, X-CUBE-AZRTOS-L5_V2.0.0, X-CUBE-AZRTOS-WB_V2.0.0, X-CUBE-AZRTOS-WL_V2.0.0, X-CUBE-BLE1_V7.1.0, X-CUBE-BLE2_V3.3.0, X-CUBE-BLEMGR_V4.1.0, X-CUBE-EEPRMA1_V5.2.0, X-CUBE-FREERTOS_V1.3.1, X-CUBE-GNSS1_V6.0.0, X-CUBE-MEMS1_V11.3.0, X-CUBE-NFC4_V3.0.0, X-CUBE-NFC7_V2.0.0, X-CUBE-SFXS2LP1_V4.0.0, X-CUBE-ST67W61_V1.0.0, X-CUBE-SUBG2_V5.0.0, X-CUBE-TOF1_V3.4.3]
2025-10-21 20:44:46,934 [INFO] DbBoardsSqlite:226 - include board P-NUCLEO-WB55-NUCLEO as a kit item of type 'Nucleo-64'
2025-10-21 20:44:46,934 [INFO] DbBoardsSqlite:226 - include board P-NUCLEO-WB55-USBDONGLE as a kit item of type 'Nucleo USB Dongle'
2025-10-21 20:44:46,935 [INFO] DbBoardsSqlite:226 - include board STEVAL-IDP005V1 as a kit item of type 'Evaluation Board'
2025-10-21 20:44:46,936 [INFO] DbBoardsSqlite:226 - include board STEVAL-IDP005V2 as a kit item of type 'Evaluation Board'
2025-10-21 20:44:47,389 [INFO] ApiDb:240 - Found 880 in-development CPN: [B-G473E-ZEST1S, B-WB1M-WPAN1, B-WBA5M-WPAN, B-WL5M-SUBG1, NUCLEO-C031C6, NUCLEO-C051C8, NUCLEO-C071RB, NUCLEO-C092RC, NUCLEO-H503RB, NUCLEO-H533RE, NUCLEO-H563ZI, NUCLEO-H7S3L8, NUCLEO-N657X0-Q, NUCLEO-U031R8, NUCLEO-U083RC, NUCLEO-U385RG-Q, NUCLEO-U545RE-Q, NUCLEO-U5A5ZJ-Q, NUCLEO-WB05KZ, NUCLEO-WB07CC, NUCLEO-WB09KE, NUCLEO-WBA52CG, NUCLEO-WBA55CG, NUCLEO-WL33CC1, NUCLEO-WL33CC2, STEVAL-PROTEUS1, STEVAL-SMARTAG2, STEVAL-STWINBX1, STM320518-EVAL, STM32C0116-DK, STM32C011D6Y3TR, STM32C011D6Y6TR, STM32C011F4P3, STM32C011F4P6, STM32C011F4U3, STM32C011F4U6TR, STM32C011F6P3, STM32C011F6P6, STM32C011F6U3, STM32C011F6U6TR, STM32C011J4M3, STM32C011J4M6, STM32C011J6M3, STM32C011J6M6, STM32C0316-DK, STM32C031C4T3, STM32C031C4T6, STM32C031C4U3, STM32C031C4U6, STM32C031C6T3, STM32C031C6T6, STM32C031C6U3, STM32C031C6U6, STM32C031F4P3, STM32C031F4P6, STM32C031F6P3, STM32C031F6P6, STM32C031G4U3, STM32C031G4U6, STM32C031G6U3, STM32C031G6U6, STM32C031K4T3, STM32C031K4T6, STM32C031K4U3, STM32C031K4U6, STM32C031K6T3, STM32C031K6T6, STM32C031K6U3, STM32C031K6U6, STM32C051C6T6, STM32C051C6U6, STM32C051C8T6, STM32C051C8U6, STM32C051D8Y6TR, STM32C051F6P6, STM32C051F8P6, STM32C051G6U6, STM32C051G8U6, STM32C051K6T6, STM32C051K6U6, STM32C051K8T6, STM32C071C8T6, STM32C071C8T6N, STM32C071C8U6, STM32C071C8U6N, STM32C071CBT6, STM32C071CBT6N, STM32C071CBU6, STM32C071CBU6N, STM32C071F8P6, STM32C071F8P6N, STM32C071FBP6, STM32C071FBP6N, STM32C071FBY6TR, STM32C071G8U6, STM32C071G8U6N, STM32C071GBU6, STM32C071GBU6N, STM32C071K8T6, STM32C071K8T6N, STM32C071K8U6, STM32C071K8U6N, STM32C071KBT6, STM32C071KBT6N, STM32C071KBU6, STM32C071KBU6N, STM32C071R8T6, STM32C071R8T6N, STM32C071RBI6N, STM32C071RBT6, STM32C071RBT6N, STM32C091CBT6, STM32C091CBU6, STM32C091CCT6, STM32C091CCU6, STM32C091ECY6TR, STM32C091FBP6, STM32C091FCP6, STM32C091GBU6, STM32C091GCU6, STM32C091KBT6, STM32C091KBU6, STM32C091KCT6, STM32C091KCU6, STM32C091RBT6, STM32C091RCI6, STM32C091RCT6, STM32C092CBT6, STM32C092CBU6, STM32C092CCT6, STM32C092CCU6, STM32C092ECY6TR, STM32C092FBP6, STM32C092FCP6, STM32C092GBU6, STM32C092GCU6, STM32C092KBT6, STM32C092KBU6, STM32C092KCT6, STM32C092KCU6, STM32C092RBT6, STM32C092RCI6, STM32C092RCT6, STM32G071K8TXN, STM32G071K8UXN, STM32G081GBU6N, STM32G081KBT6N, STM32G081KBUXN, STM32G0B1CCT6N, STM32G0B1KCT6, STM32G0B1NEY6TR, STM32G0B1RCT6N, STM32G0C1CCT6, STM32G0C1CCT6N, STM32G0C1CCU6N, STM32G0C1CET6N, STM32G0C1CEU6N, STM32G0C1KCT6, STM32G0C1NEY6TR, STM32G0C1RCI6N, STM32G0C1RCT6N, STM32G0C1REI6N, STM32G0C1RET6N, STM32G0C1VCI6, STM32G0C1VEI6, STM32G411C6T3, STM32G411C6T6, STM32G411C6U3, STM32G411C6U6, STM32G411C8T3, STM32G411C8T6, STM32G411C8U3, STM32G411C8U6, STM32G411CBT3, STM32G411CBT6, STM32G411CBU3, STM32G411CBU6, STM32G411K6T3, STM32G411K6T6, STM32G411K6U3, STM32G411K6U6, STM32G411K8T3, STM32G411K8T6, STM32G411K8U3, STM32G411K8U6, STM32G411KBT3, STM32G411KBT6, STM32G411KBU3, STM32G411KBU6, STM32G411M6T3, STM32G411M6T6, STM32G411M8T3, STM32G411M8T6, STM32G411MBT3, STM32G411MBT6, STM32G411R6T3, STM32G411R6T6, STM32G411R8T3, STM32G411R8T6, STM32G411RBT3, STM32G411RBT6, STM32G414CBT3, STM32G414CBT6, STM32G414CBU3, STM32G414CBU6, STM32G414CCT3, STM32G414CCT6, STM32G414CCU3, STM32G414CCU6, STM32G414MBT3, STM32G414MBT6, STM32G414MCT3, STM32G414MCT6, STM32G414RBT3, STM32G414RBT6, STM32G414RCT3, STM32G414RCT6, STM32G414VBT3, STM32G414VBT6, STM32G414VCT3, STM32G414VCT6, STM32G431CBT3Z, STM32G431RBT3Z, STM32G471CCT6, STM32G471CCU6, STM32G471CET3, STM32G471CET6, STM32G471CEU3, STM32G471CEU6, STM32G471MCT6, STM32G471MET3, STM32G471MET6, STM32G471MEY6TR, STM32G471QCT6, STM32G471QET3, STM32G471RCT6, STM32G471RET3, STM32G471RET6, STM32G471VCH6, STM32G471VCI6, STM32G471VCT6, STM32G471VEH3, STM32G471VEH6, STM32G471VEI3, STM32G471VEI6, STM32G471VET3, STM32G471VET6, STM32G473QET3Z, STM32G473RET3Z, STM32G474CCT6, STM32G491RET3Z, STM32H503CBT6, STM32H503CBU6, STM32H503EBY6TR, STM32H503KBU6, STM32H503RBT6, STM32H523CCT6, STM32H523CCU6, STM32H523CET6, STM32H523CEU6, STM32H523HEY6TR, STM32H523RCT6, STM32H523RET6, STM32H523VCI6, STM32H523VCT6, STM32H523VEI6, STM32H523VET6, STM32H523ZCJ6, STM32H523ZCT6, STM32H523ZEJ6, STM32H523ZET6, STM32H533CET6, STM32H533CEU6, STM32H533HEY6TR, STM32H533RET6, STM32H533VEI6, STM32H533VET6, STM32H533ZEJ6, STM32H533ZET6, STM32H562AGI6, STM32H562AII6, STM32H562IGK6, STM32H562IGT6, STM32H562IIK6, STM32H562IIT6, STM32H562RGT6, STM32H562RGV6, STM32H562RIT6, STM32H562RIV6, STM32H562VGT6, STM32H562VIT6, STM32H562ZGT6, STM32H562ZIT6, STM32H563AGI6, STM32H563AII3Q, STM32H563AII6, STM32H563IGK6, STM32H563IGT6, STM32H563IIK3Q, STM32H563IIK6, STM32H563IIT3Q, STM32H563IIT6, STM32H563MIY3QTR, STM32H563RGT6, STM32H563RGV6, STM32H563RIT6, STM32H563RIV6, STM32H563VGT6, STM32H563VIT3Q, STM32H563VIT6, STM32H563ZGT6, STM32H563ZIT3Q, STM32H563ZIT6, STM32H573AII3Q, STM32H573AII6, STM32H573I-DK, STM32H573IIK3Q, STM32H573IIK6, STM32H573IIT3Q, STM32H573IIT6, STM32H573MIY3QTR, STM32H573RIT6, STM32H573RIV6, STM32H573VIT3Q, STM32H573VIT6, STM32H573ZIT3Q, STM32H573ZIT6, STM32H7R3A8I6, STM32H7R3I8K6, STM32H7R3I8T6, STM32H7R3L8H6, STM32H7R3L8H6H, STM32H7R3R8V6, STM32H7R3V8H6, STM32H7R3V8T6, STM32H7R3V8Y6TR, STM32H7R3Z8J6, STM32H7R3Z8T6, STM32H7R7A8I6, STM32H7R7I8K6, STM32H7R7I8T6, STM32H7R7L8H6, STM32H7R7L8H6H, STM32H7R7Z8J6, STM32H7S3A8I6, STM32H7S3I8K6, STM32H7S3I8T6, STM32H7S3L8H6, STM32H7S3L8H6H, STM32H7S3R8V6, STM32H7S3V8H6, STM32H7S3V8T6, STM32H7S3V8Y6TR, STM32H7S3Z8J6, STM32H7S3Z8T6, STM32H7S78-DK, STM32H7S7A8I6, STM32H7S7I8K6, STM32H7S7I8T6, STM32H7S7L8H6, STM32H7S7L8H6H, STM32H7S7Z8J6, STM32L4R5QGI6STR, STM32MP131AAE3, STM32MP131AAF3, STM32MP131AAG3, STM32MP131CAE3, STM32MP131CAF3, STM32MP131CAG3, STM32MP131DAE7, STM32MP131DAF7, STM32MP131DAG7, STM32MP131FAE7, STM32MP131FAF7, STM32MP131FAG7, STM32MP133AAE3, STM32MP133AAF3, STM32MP133AAG3, STM32MP133CAE3, STM32MP133CAF3, STM32MP133CAG3, STM32MP133DAE7, STM32MP133DAF7, STM32MP133DAG7, STM32MP133FAE7, STM32MP133FAF7, STM32MP133FAG7, STM32MP135AAE3, STM32MP135AAF3, STM32MP135AAG3, STM32MP135CAE3, STM32MP135CAF3, STM32MP135CAG3, STM32MP135DAE7, STM32MP135DAF7, STM32MP135DAG7, STM32MP135F-DK, STM32MP135FAE7, STM32MP135FAF7, STM32MP135FAF7T, STM32MP135FAF7U, STM32MP135FAG7, STM32MP211AAL3, STM32MP211AAM3, STM32MP211AAN3, STM32MP211AAO3, STM32MP211CAL3, STM32MP211CAM3, STM32MP211CAN3, STM32MP211CAO3, STM32MP211DAL3, STM32MP211DAM3, STM32MP211DAN3, STM32MP211DAO3, STM32MP211FAL3, STM32MP211FAM3, STM32MP211FAN3, STM32MP211FAO3, STM32MP213AAL3, STM32MP213AAM3, STM32MP213AAN3, STM32MP213AAO3, STM32MP213CAL3, STM32MP213CAM3, STM32MP213CAN3, STM32MP213CAO3, STM32MP213DAL3, STM32MP213DAM3, STM32MP213DAN3, STM32MP213DAO3, STM32MP213FAL3, STM32MP213FAM3, STM32MP213FAN3, STM32MP213FAO3, STM32MP215AAL3, STM32MP215AAM3, STM32MP215AAN3, STM32MP215AAO3, STM32MP215CAL3, STM32MP215CAM3, STM32MP215CAN3, STM32MP215CAO3, STM32MP215DAL3, STM32MP215DAM3, STM32MP215DAN3, STM32MP215DAO3, STM32MP215F-DK, STM32MP215FAL3, STM32MP215FAM3, STM32MP215FAN3, STM32MP215FAO3, STM32MP231AAJ3, STM32MP231AAK3, STM32MP231AAL3, STM32MP231CAJ3, STM32MP231CAK3, STM32MP231CAL3, STM32MP231DAJ3, STM32MP231DAK3, STM32MP231DAL3, STM32MP231FAJ3, STM32MP231FAK3, STM32MP231FAL3, STM32MP233AAJ3, STM32MP233AAK3, STM32MP233AAL3, STM32MP233CAJ3, STM32MP233CAK3, STM32MP233CAL3, STM32MP233DAJ3, STM32MP233DAK3, STM32MP233DAL3, STM32MP233FAJ3, STM32MP233FAK3, STM32MP233FAL3, STM32MP235AAJ3, STM32MP235AAK3, STM32MP235AAL3, STM32MP235CAJ3, STM32MP235CAK3, STM32MP235CAL3, STM32MP235DAJ3, STM32MP235DAK3, STM32MP235DAL3, STM32MP235FAJ3, STM32MP235FAK3, STM32MP235FAL3, STM32MP251AAI3, STM32MP251AAK3, STM32MP251AAL3, STM32MP251CAI3, STM32MP251CAK3, STM32MP251CAL3, STM32MP251DAI3, STM32MP251DAK3, STM32MP251DAL3, STM32MP251FAI3, STM32MP251FAK3, STM32MP251FAL3, STM32MP253AAI3, STM32MP253AAK3, STM32MP253AAL3, STM32MP253CAI3, STM32MP253CAK3, STM32MP253CAL3, STM32MP253DAI3, STM32MP253DAK3, STM32MP253DAL3, STM32MP253FAI3, STM32MP253FAK3, STM32MP253FAL3, STM32MP255AAI3, STM32MP255AAK3, STM32MP255AAL3, STM32MP255CAI3, STM32MP255CAK3, STM32MP255CAL3, STM32MP255DAI3, STM32MP255DAK3, STM32MP255DAL3, STM32MP255FAI3, STM32MP255FAK3, STM32MP255FAL3, STM32MP257AAI3, STM32MP257AAK3, STM32MP257AAL3, STM32MP257CAI3, STM32MP257CAK3, STM32MP257CAL3, STM32MP257DAI3, STM32MP257DAK3, STM32MP257DAL3, STM32MP257F-DK, STM32MP257F-EV1, STM32MP257FAI3, STM32MP257FAK3, STM32MP257FAL3, STM32N645A0H3Q, STM32N645B0H3Q, STM32N645I0H3Q, STM32N645L0H3Q, STM32N645X0H3Q, STM32N645Z0H3Q, STM32N647A0H3Q, STM32N647B0H3Q, STM32N647I0H3Q, STM32N647L0H3Q, STM32N647X0H3Q, STM32N647Z0H3Q, STM32N655A0H3Q, STM32N655B0H3Q, STM32N655I0H3Q, STM32N655L0H3Q, STM32N655X0H3Q, STM32N655Z0H3Q, STM32N6570-DK, STM32N657A0H3Q, STM32N657B0H3Q, STM32N657I0H3Q, STM32N657L0H3Q, STM32N657X0H3Q, STM32N657Z0H3Q, STM32U031C6T6, STM32U031C6U6, STM32U031C8T6, STM32U031C8U6, STM32U031F4P6, STM32U031F6P6, STM32U031F8P6, STM32U031G6Y6TR, STM32U031G8Y6TR, STM32U031K4U6, STM32U031K6U6, STM32U031K8U6, STM32U031R6I6, STM32U031R6T6, STM32U031R8I6, STM32U031R8T6, STM32U073C8T6, STM32U073C8U6, STM32U073CBT6, STM32U073CBU6, STM32U073CCT6, STM32U073CCU6, STM32U073H8Y6TR, STM32U073HBY6TR, STM32U073HCY6TR, STM32U073K8U6, STM32U073KBU6, STM32U073KCU6, STM32U073M8I6, STM32U073M8T6, STM32U073MBI6, STM32U073MBT6, STM32U073MCI6, STM32U073MCT6, STM32U073R8I6, STM32U073R8T6, STM32U073RBI6, STM32U073RBT6, STM32U073RCI6, STM32U073RCT6, STM32U083C-DK, STM32U083CCT6, STM32U083CCU6, STM32U083HCY6TR, STM32U083KCU6, STM32U083MCI6, STM32U083MCT6, STM32U083RCI6, STM32U083RCT6, STM32U375CET6, STM32U375CET6Q, STM32U375CEU6, STM32U375CEU6Q, STM32U375CEY6QTR, STM32U375CGT6, STM32U375CGT6Q, STM32U375CGU6, STM32U375CGU6Q, STM32U375CGY6QTR, STM32U375KEU6, STM32U375KGU6, STM32U375REI6, STM32U375REI6Q, STM32U375RET6, STM32U375RET6Q, STM32U375REY6GTR, STM32U375REY6QTR, STM32U375RGI6, STM32U375RGI6Q, STM32U375RGT6, STM32U375RGT6Q, STM32U375RGY6GTR, STM32U375RGY6QTR, STM32U375VEI6, STM32U375VEI6Q, STM32U375VET6, STM32U375VET6Q, STM32U375VGI6, STM32U375VGI6Q, STM32U375VGT6, STM32U375VGT6Q, STM32U385CGT6, STM32U385CGT6Q, STM32U385CGU6, STM32U385CGU6Q, STM32U385CGY6QTR, STM32U385KGU6, STM32U385RGI6, STM32U385RGI6Q, STM32U385RGT6, STM32U385RGT6Q, STM32U385RGY6GTR, STM32U385RGY6QTR, STM32U385VGI6, STM32U385VGI6Q, STM32U385VGT6, STM32U385VGT6Q, STM32U535CBT6, STM32U535CBT6Q, STM32U535CBU6, STM32U535CBU6Q, STM32U535CCT6, STM32U535CCT6Q, STM32U535CCU6, STM32U535CCU6Q, STM32U535CET6, STM32U535CET6Q, STM32U535CEU6, STM32U535CEU6Q, STM32U535JEY6QTR, STM32U535NCY6QTR, STM32U535NEY6QTR, STM32U535RBI6, STM32U535RBI6Q, STM32U535RBT6, STM32U535RBT6Q, STM32U535RCI6, STM32U535RCI6Q, STM32U535RCT6, STM32U535RCT6Q, STM32U535REI6, STM32U535REI6Q, STM32U535RET6, STM32U535RET6Q, STM32U535VCI6, STM32U535VCI6Q, STM32U535VCT6, STM32U535VCT6Q, STM32U535VEI6, STM32U535VEI6Q, STM32U535VET6, STM32U535VET6Q, STM32U545CET6, STM32U545CET6Q, STM32U545CEU6, STM32U545CEU6Q, STM32U545JEY6QTR, STM32U545NEY6QTR, STM32U545REI6, STM32U545REI6Q, STM32U545RET6, STM32U545RET6Q, STM32U545VEI6, STM32U545VEI6Q, STM32U545VET6, STM32U545VET6Q, STM32U595AIH6, STM32U595AIH6Q, STM32U595AJH6, STM32U595AJH6Q, STM32U595QII6, STM32U595QII6Q, STM32U595QJI6, STM32U595QJI6Q, STM32U595RIT6, STM32U595RIT6Q, STM32U595RJT6, STM32U595RJT6Q, STM32U595VIT6, STM32U595VIT6Q, STM32U595VJT6, STM32U595VJT6Q, STM32U595ZIT6, STM32U595ZIT6Q, STM32U595ZIY6QTR, STM32U595ZJT6, STM32U595ZJT6Q, STM32U595ZJY6QTR, STM32U599BJY6QTR, STM32U599NIH6Q, STM32U599NJH6Q, STM32U599VIT6Q, STM32U599VJT6, STM32U599VJT6Q, STM32U599ZIT6Q, STM32U599ZIY6QTR, STM32U599ZJT6Q, STM32U599ZJY6QTR, STM32U5A5AJH6, STM32U5A5AJH6Q, STM32U5A5QII3Q , STM32U5A5QJI6, STM32U5A5QJI6Q, STM32U5A5RJT6, STM32U5A5RJT6Q, STM32U5A5VJT6, STM32U5A5VJT6Q, STM32U5A5ZJT6, STM32U5A5ZJT6Q, STM32U5A5ZJY6QTR, STM32U5A9BJY6QTR, STM32U5A9J-DK, STM32U5A9NJH6Q, STM32U5A9VJT6Q, STM32U5A9ZJT6Q, STM32U5A9ZJY6QTR, STM32U5F7VIT6, STM32U5F7VIT6Q, STM32U5F7VJT6, STM32U5F7VJT6Q, STM32U5F9BJY6QTR, STM32U5F9NJH6Q, STM32U5F9VIT6Q, STM32U5F9VJT6Q, STM32U5F9ZIJ6QTR, STM32U5F9ZIT6Q, STM32U5F9ZJJ6QTR, STM32U5F9ZJT6Q, STM32U5G7VJT6, STM32U5G7VJT6Q, STM32U5G9BJY6QTR, STM32U5G9J-DK1, STM32U5G9J-DK2, STM32U5G9NJH6Q, STM32U5G9VJT6Q, STM32U5G9ZJJ6QTR, STM32U5G9ZJT6Q, STM32WB05KZV6TR, STM32WB05KZV7TR, STM32WB05TZF6TR, STM32WB05TZF7TR, STM32WB06CCF6TR, STM32WB06CCF7TR, STM32WB06CCV6TR, STM32WB06CCV7TR, STM32WB06KCV6TR, STM32WB06KCV7TR, STM32WB07CCF6TR, STM32WB07CCF7TR, STM32WB07CCV6TR, STM32WB07CCV7TR, STM32WB07KCV6TR, STM32WB07KCV7TR, STM32WB09KEV6TR, STM32WB09KEV7TR, STM32WB09TEF6TR, STM32WB09TEF7TR, STM32WB1MMCH6, STM32WBA50KGU6, STM32WBA50KGU6TR, STM32WBA52CEU6, STM32WBA52CEU6TR, STM32WBA52CEU7, STM32WBA52CEU7TR, STM32WBA52CGU6, STM32WBA52CGU6TR, STM32WBA52CGU6U, STM32WBA52CGU7, STM32WBA52CGU7TR, STM32WBA52KEU6, STM32WBA52KEU6TR, STM32WBA52KGU6, STM32WBA52KGU6TR, STM32WBA54CEU6, STM32WBA54CEU6TR, STM32WBA54CEU7, STM32WBA54CEU7TR, STM32WBA54CGU6, STM32WBA54CGU6TR, STM32WBA54CGU7, STM32WBA54CGU7TR, STM32WBA54KEU6, STM32WBA54KEU6TR, STM32WBA54KEU7, STM32WBA54KEU7TR, STM32WBA54KGU6, STM32WBA54KGU6TR, STM32WBA54KGU7, STM32WBA54KGU7TR, STM32WBA55CEU6, STM32WBA55CEU6TR, STM32WBA55CEU7, STM32WBA55CEU7TR, STM32WBA55CGU6, STM32WBA55CGU6TR, STM32WBA55CGU6U, STM32WBA55CGU7, STM32WBA55CGU7TR, STM32WBA55G-DK1, STM32WBA55HEF6, STM32WBA55HEF7, STM32WBA55HGF6, STM32WBA55HGF7, STM32WBA55UEI6, STM32WBA55UEI6TR, STM32WBA55UEI7, STM32WBA55UEI7TR, STM32WBA55UGI6, STM32WBA55UGI6TR, STM32WBA55UGI7, STM32WBA55UGI7TR, STM32WBA5MMGH6TR, STM32WBA62MGF6, STM32WBA62MIF6, STM32WBA65MGF7, STM32WBA65MIF6, STM32WBA65MIF7, STM32WL30K8V6, STM32WL30KBV6, STM32WL31C8V6, STM32WL31CBV6, STM32WL31K8V6, STM32WL31KBV6, STM32WL33C8V6, STM32WL33C8V6X, STM32WL33CBV6, STM32WL33CBV6X, STM32WL33CCV6, STM32WL33CCV6A, STM32WL33CCV6X, STM32WL33K8V7, STM32WL33K8V7X, STM32WL33KBV7 , STM32WL33KBV7X, STM32WL33KCV7, STM32WL33KCV7X, STM32WL5MOCH6, STM32WL5MOCH6TR]
2025-10-21 20:44:47,572 [INFO] BoardInfo:889 - No configuration file found for board P-NUCLEO-WB55
2025-10-21 20:44:47,574 [INFO] DbBoards:161 - Kit is not supported: P-NUCLEO-WB55
2025-10-21 20:44:47,579 [INFO] BoardInfo:889 - No configuration file found for board STEVAL-BFA001V1B
2025-10-21 20:44:47,580 [INFO] DbBoards:161 - Kit is not supported: STEVAL-BFA001V1B
2025-10-21 20:44:47,581 [INFO] BoardInfo:889 - No configuration file found for board STEVAL-BFA001V2B
2025-10-21 20:44:47,582 [INFO] DbBoards:161 - Kit is not supported: STEVAL-BFA001V2B
2025-10-21 20:44:47,782 [INFO] DbBoards:168 - Found 212 boards, 209 are supported
2025-10-21 20:44:47,782 [INFO] DbBoards:169 - Found 212 boards, 43 of them is supported for  Bsp
2025-10-21 20:44:47,785 [INFO] ApiDb:668 - CubeFinder database Data Model version=2.1
2025-10-21 20:44:47,786 [INFO] ApiDb:669 - CubeFinder database Configuration version=3.0.39
2025-10-21 20:44:47,786 [INFO] ApiDb:670 - CubeFinder database generation date=2025-08-25 (1756130511)
2025-10-21 20:44:47,786 [INFO] ApiDb:671 - CubeFinder database FW Pack versions=[FP-ATR-ASTRA1_V2.0.0, FP-SNS-FLIGHT1_V5.1.0, FP-SNS-MOTENV1_V5.0.0, FP-SNS-MOTENVWB1_V1.4.0, FP-SNS-SMARTAG2_V1.2.0, FP-SNS-STBOX1_V2.1.0, STM32Cube_FW_C0_V1.4.0, STM32Cube_FW_F4_V1.28.3, STM32Cube_FW_F7_V1.17.4, STM32Cube_FW_G0_V1.6.2, STM32Cube_FW_G4_V1.6.1, STM32Cube_FW_H5_V1.5.0, STM32Cube_FW_H7RS_V1.2.0, STM32Cube_FW_H7_V1.12.1, STM32Cube_FW_L0_V1.12.2, STM32Cube_FW_L4_V1.18.1, STM32Cube_FW_L5_V1.5.1, STM32Cube_FW_N6_V1.2.0, STM32Cube_FW_U0_V1.3.0, STM32Cube_FW_U3_V1.2.0, STM32Cube_FW_U5_V1.8.0, STM32Cube_FW_WB0_V1.3.0, STM32Cube_FW_WBA_V1.7.0, STM32Cube_FW_WB_V1.23.0, STM32Cube_FW_WL3_V1.2.0, STM32Cube_FW_WL_V1.3.1, X-CUBE-ALGOBUILD_V1.4.0, X-CUBE-ALS_V1.0.2, X-CUBE-AZRTOS-F4_V1.1.0, X-CUBE-AZRTOS-F7_V1.1.0, X-CUBE-AZRTOS-G0_V1.1.0, X-CUBE-AZRTOS-G4_V2.0.0, X-CUBE-AZRTOS-H7RS_V1.1.0, X-CUBE-AZRTOS-H7_V3.4.0, X-CUBE-AZRTOS-L4_V2.0.0, X-CUBE-AZRTOS-L5_V2.0.0, X-CUBE-AZRTOS-WB_V2.0.0, X-CUBE-AZRTOS-WL_V2.0.0, X-CUBE-BLE1_V7.1.0, X-CUBE-BLE2_V3.3.0, X-CUBE-BLEMGR_V4.1.0, X-CUBE-EEPRMA1_V5.2.0, X-CUBE-FREERTOS_V1.3.1, X-CUBE-GNSS1_V6.0.0, X-CUBE-MEMS1_V11.3.0, X-CUBE-NFC4_V3.0.0, X-CUBE-NFC7_V2.0.0, X-CUBE-SFXS2LP1_V4.0.0, X-CUBE-ST67W61_V1.0.0, X-CUBE-SUBG2_V5.0.0, X-CUBE-TOF1_V3.4.3]
2025-10-21 20:44:49,507 [INFO] ApiDb:240 - Found 880 in-development CPN: [B-G473E-ZEST1S, B-WB1M-WPAN1, B-WBA5M-WPAN, B-WL5M-SUBG1, NUCLEO-C031C6, NUCLEO-C051C8, NUCLEO-C071RB, NUCLEO-C092RC, NUCLEO-H503RB, NUCLEO-H533RE, NUCLEO-H563ZI, NUCLEO-H7S3L8, NUCLEO-N657X0-Q, NUCLEO-U031R8, NUCLEO-U083RC, NUCLEO-U385RG-Q, NUCLEO-U545RE-Q, NUCLEO-U5A5ZJ-Q, NUCLEO-WB05KZ, NUCLEO-WB07CC, NUCLEO-WB09KE, NUCLEO-WBA52CG, NUCLEO-WBA55CG, NUCLEO-WL33CC1, NUCLEO-WL33CC2, STEVAL-PROTEUS1, STEVAL-SMARTAG2, STEVAL-STWINBX1, STM320518-EVAL, STM32C0116-DK, STM32C011D6Y3TR, STM32C011D6Y6TR, STM32C011F4P3, STM32C011F4P6, STM32C011F4U3, STM32C011F4U6TR, STM32C011F6P3, STM32C011F6P6, STM32C011F6U3, STM32C011F6U6TR, STM32C011J4M3, STM32C011J4M6, STM32C011J6M3, STM32C011J6M6, STM32C0316-DK, STM32C031C4T3, STM32C031C4T6, STM32C031C4U3, STM32C031C4U6, STM32C031C6T3, STM32C031C6T6, STM32C031C6U3, STM32C031C6U6, STM32C031F4P3, STM32C031F4P6, STM32C031F6P3, STM32C031F6P6, STM32C031G4U3, STM32C031G4U6, STM32C031G6U3, STM32C031G6U6, STM32C031K4T3, STM32C031K4T6, STM32C031K4U3, STM32C031K4U6, STM32C031K6T3, STM32C031K6T6, STM32C031K6U3, STM32C031K6U6, STM32C051C6T6, STM32C051C6U6, STM32C051C8T6, STM32C051C8U6, STM32C051D8Y6TR, STM32C051F6P6, STM32C051F8P6, STM32C051G6U6, STM32C051G8U6, STM32C051K6T6, STM32C051K6U6, STM32C051K8T6, STM32C071C8T6, STM32C071C8T6N, STM32C071C8U6, STM32C071C8U6N, STM32C071CBT6, STM32C071CBT6N, STM32C071CBU6, STM32C071CBU6N, STM32C071F8P6, STM32C071F8P6N, STM32C071FBP6, STM32C071FBP6N, STM32C071FBY6TR, STM32C071G8U6, STM32C071G8U6N, STM32C071GBU6, STM32C071GBU6N, STM32C071K8T6, STM32C071K8T6N, STM32C071K8U6, STM32C071K8U6N, STM32C071KBT6, STM32C071KBT6N, STM32C071KBU6, STM32C071KBU6N, STM32C071R8T6, STM32C071R8T6N, STM32C071RBI6N, STM32C071RBT6, STM32C071RBT6N, STM32C091CBT6, STM32C091CBU6, STM32C091CCT6, STM32C091CCU6, STM32C091ECY6TR, STM32C091FBP6, STM32C091FCP6, STM32C091GBU6, STM32C091GCU6, STM32C091KBT6, STM32C091KBU6, STM32C091KCT6, STM32C091KCU6, STM32C091RBT6, STM32C091RCI6, STM32C091RCT6, STM32C092CBT6, STM32C092CBU6, STM32C092CCT6, STM32C092CCU6, STM32C092ECY6TR, STM32C092FBP6, STM32C092FCP6, STM32C092GBU6, STM32C092GCU6, STM32C092KBT6, STM32C092KBU6, STM32C092KCT6, STM32C092KCU6, STM32C092RBT6, STM32C092RCI6, STM32C092RCT6, STM32G071K8TXN, STM32G071K8UXN, STM32G081GBU6N, STM32G081KBT6N, STM32G081KBUXN, STM32G0B1CCT6N, STM32G0B1KCT6, STM32G0B1NEY6TR, STM32G0B1RCT6N, STM32G0C1CCT6, STM32G0C1CCT6N, STM32G0C1CCU6N, STM32G0C1CET6N, STM32G0C1CEU6N, STM32G0C1KCT6, STM32G0C1NEY6TR, STM32G0C1RCI6N, STM32G0C1RCT6N, STM32G0C1REI6N, STM32G0C1RET6N, STM32G0C1VCI6, STM32G0C1VEI6, STM32G411C6T3, STM32G411C6T6, STM32G411C6U3, STM32G411C6U6, STM32G411C8T3, STM32G411C8T6, STM32G411C8U3, STM32G411C8U6, STM32G411CBT3, STM32G411CBT6, STM32G411CBU3, STM32G411CBU6, STM32G411K6T3, STM32G411K6T6, STM32G411K6U3, STM32G411K6U6, STM32G411K8T3, STM32G411K8T6, STM32G411K8U3, STM32G411K8U6, STM32G411KBT3, STM32G411KBT6, STM32G411KBU3, STM32G411KBU6, STM32G411M6T3, STM32G411M6T6, STM32G411M8T3, STM32G411M8T6, STM32G411MBT3, STM32G411MBT6, STM32G411R6T3, STM32G411R6T6, STM32G411R8T3, STM32G411R8T6, STM32G411RBT3, STM32G411RBT6, STM32G414CBT3, STM32G414CBT6, STM32G414CBU3, STM32G414CBU6, STM32G414CCT3, STM32G414CCT6, STM32G414CCU3, STM32G414CCU6, STM32G414MBT3, STM32G414MBT6, STM32G414MCT3, STM32G414MCT6, STM32G414RBT3, STM32G414RBT6, STM32G414RCT3, STM32G414RCT6, STM32G414VBT3, STM32G414VBT6, STM32G414VCT3, STM32G414VCT6, STM32G431CBT3Z, STM32G431RBT3Z, STM32G471CCT6, STM32G471CCU6, STM32G471CET3, STM32G471CET6, STM32G471CEU3, STM32G471CEU6, STM32G471MCT6, STM32G471MET3, STM32G471MET6, STM32G471MEY6TR, STM32G471QCT6, STM32G471QET3, STM32G471RCT6, STM32G471RET3, STM32G471RET6, STM32G471VCH6, STM32G471VCI6, STM32G471VCT6, STM32G471VEH3, STM32G471VEH6, STM32G471VEI3, STM32G471VEI6, STM32G471VET3, STM32G471VET6, STM32G473QET3Z, STM32G473RET3Z, STM32G474CCT6, STM32G491RET3Z, STM32H503CBT6, STM32H503CBU6, STM32H503EBY6TR, STM32H503KBU6, STM32H503RBT6, STM32H523CCT6, STM32H523CCU6, STM32H523CET6, STM32H523CEU6, STM32H523HEY6TR, STM32H523RCT6, STM32H523RET6, STM32H523VCI6, STM32H523VCT6, STM32H523VEI6, STM32H523VET6, STM32H523ZCJ6, STM32H523ZCT6, STM32H523ZEJ6, STM32H523ZET6, STM32H533CET6, STM32H533CEU6, STM32H533HEY6TR, STM32H533RET6, STM32H533VEI6, STM32H533VET6, STM32H533ZEJ6, STM32H533ZET6, STM32H562AGI6, STM32H562AII6, STM32H562IGK6, STM32H562IGT6, STM32H562IIK6, STM32H562IIT6, STM32H562RGT6, STM32H562RGV6, STM32H562RIT6, STM32H562RIV6, STM32H562VGT6, STM32H562VIT6, STM32H562ZGT6, STM32H562ZIT6, STM32H563AGI6, STM32H563AII3Q, STM32H563AII6, STM32H563IGK6, STM32H563IGT6, STM32H563IIK3Q, STM32H563IIK6, STM32H563IIT3Q, STM32H563IIT6, STM32H563MIY3QTR, STM32H563RGT6, STM32H563RGV6, STM32H563RIT6, STM32H563RIV6, STM32H563VGT6, STM32H563VIT3Q, STM32H563VIT6, STM32H563ZGT6, STM32H563ZIT3Q, STM32H563ZIT6, STM32H573AII3Q, STM32H573AII6, STM32H573I-DK, STM32H573IIK3Q, STM32H573IIK6, STM32H573IIT3Q, STM32H573IIT6, STM32H573MIY3QTR, STM32H573RIT6, STM32H573RIV6, STM32H573VIT3Q, STM32H573VIT6, STM32H573ZIT3Q, STM32H573ZIT6, STM32H7R3A8I6, STM32H7R3I8K6, STM32H7R3I8T6, STM32H7R3L8H6, STM32H7R3L8H6H, STM32H7R3R8V6, STM32H7R3V8H6, STM32H7R3V8T6, STM32H7R3V8Y6TR, STM32H7R3Z8J6, STM32H7R3Z8T6, STM32H7R7A8I6, STM32H7R7I8K6, STM32H7R7I8T6, STM32H7R7L8H6, STM32H7R7L8H6H, STM32H7R7Z8J6, STM32H7S3A8I6, STM32H7S3I8K6, STM32H7S3I8T6, STM32H7S3L8H6, STM32H7S3L8H6H, STM32H7S3R8V6, STM32H7S3V8H6, STM32H7S3V8T6, STM32H7S3V8Y6TR, STM32H7S3Z8J6, STM32H7S3Z8T6, STM32H7S78-DK, STM32H7S7A8I6, STM32H7S7I8K6, STM32H7S7I8T6, STM32H7S7L8H6, STM32H7S7L8H6H, STM32H7S7Z8J6, STM32L4R5QGI6STR, STM32MP131AAE3, STM32MP131AAF3, STM32MP131AAG3, STM32MP131CAE3, STM32MP131CAF3, STM32MP131CAG3, STM32MP131DAE7, STM32MP131DAF7, STM32MP131DAG7, STM32MP131FAE7, STM32MP131FAF7, STM32MP131FAG7, STM32MP133AAE3, STM32MP133AAF3, STM32MP133AAG3, STM32MP133CAE3, STM32MP133CAF3, STM32MP133CAG3, STM32MP133DAE7, STM32MP133DAF7, STM32MP133DAG7, STM32MP133FAE7, STM32MP133FAF7, STM32MP133FAG7, STM32MP135AAE3, STM32MP135AAF3, STM32MP135AAG3, STM32MP135CAE3, STM32MP135CAF3, STM32MP135CAG3, STM32MP135DAE7, STM32MP135DAF7, STM32MP135DAG7, STM32MP135F-DK, STM32MP135FAE7, STM32MP135FAF7, STM32MP135FAF7T, STM32MP135FAF7U, STM32MP135FAG7, STM32MP211AAL3, STM32MP211AAM3, STM32MP211AAN3, STM32MP211AAO3, STM32MP211CAL3, STM32MP211CAM3, STM32MP211CAN3, STM32MP211CAO3, STM32MP211DAL3, STM32MP211DAM3, STM32MP211DAN3, STM32MP211DAO3, STM32MP211FAL3, STM32MP211FAM3, STM32MP211FAN3, STM32MP211FAO3, STM32MP213AAL3, STM32MP213AAM3, STM32MP213AAN3, STM32MP213AAO3, STM32MP213CAL3, STM32MP213CAM3, STM32MP213CAN3, STM32MP213CAO3, STM32MP213DAL3, STM32MP213DAM3, STM32MP213DAN3, STM32MP213DAO3, STM32MP213FAL3, STM32MP213FAM3, STM32MP213FAN3, STM32MP213FAO3, STM32MP215AAL3, STM32MP215AAM3, STM32MP215AAN3, STM32MP215AAO3, STM32MP215CAL3, STM32MP215CAM3, STM32MP215CAN3, STM32MP215CAO3, STM32MP215DAL3, STM32MP215DAM3, STM32MP215DAN3, STM32MP215DAO3, STM32MP215F-DK, STM32MP215FAL3, STM32MP215FAM3, STM32MP215FAN3, STM32MP215FAO3, STM32MP231AAJ3, STM32MP231AAK3, STM32MP231AAL3, STM32MP231CAJ3, STM32MP231CAK3, STM32MP231CAL3, STM32MP231DAJ3, STM32MP231DAK3, STM32MP231DAL3, STM32MP231FAJ3, STM32MP231FAK3, STM32MP231FAL3, STM32MP233AAJ3, STM32MP233AAK3, STM32MP233AAL3, STM32MP233CAJ3, STM32MP233CAK3, STM32MP233CAL3, STM32MP233DAJ3, STM32MP233DAK3, STM32MP233DAL3, STM32MP233FAJ3, STM32MP233FAK3, STM32MP233FAL3, STM32MP235AAJ3, STM32MP235AAK3, STM32MP235AAL3, STM32MP235CAJ3, STM32MP235CAK3, STM32MP235CAL3, STM32MP235DAJ3, STM32MP235DAK3, STM32MP235DAL3, STM32MP235FAJ3, STM32MP235FAK3, STM32MP235FAL3, STM32MP251AAI3, STM32MP251AAK3, STM32MP251AAL3, STM32MP251CAI3, STM32MP251CAK3, STM32MP251CAL3, STM32MP251DAI3, STM32MP251DAK3, STM32MP251DAL3, STM32MP251FAI3, STM32MP251FAK3, STM32MP251FAL3, STM32MP253AAI3, STM32MP253AAK3, STM32MP253AAL3, STM32MP253CAI3, STM32MP253CAK3, STM32MP253CAL3, STM32MP253DAI3, STM32MP253DAK3, STM32MP253DAL3, STM32MP253FAI3, STM32MP253FAK3, STM32MP253FAL3, STM32MP255AAI3, STM32MP255AAK3, STM32MP255AAL3, STM32MP255CAI3, STM32MP255CAK3, STM32MP255CAL3, STM32MP255DAI3, STM32MP255DAK3, STM32MP255DAL3, STM32MP255FAI3, STM32MP255FAK3, STM32MP255FAL3, STM32MP257AAI3, STM32MP257AAK3, STM32MP257AAL3, STM32MP257CAI3, STM32MP257CAK3, STM32MP257CAL3, STM32MP257DAI3, STM32MP257DAK3, STM32MP257DAL3, STM32MP257F-DK, STM32MP257F-EV1, STM32MP257FAI3, STM32MP257FAK3, STM32MP257FAL3, STM32N645A0H3Q, STM32N645B0H3Q, STM32N645I0H3Q, STM32N645L0H3Q, STM32N645X0H3Q, STM32N645Z0H3Q, STM32N647A0H3Q, STM32N647B0H3Q, STM32N647I0H3Q, STM32N647L0H3Q, STM32N647X0H3Q, STM32N647Z0H3Q, STM32N655A0H3Q, STM32N655B0H3Q, STM32N655I0H3Q, STM32N655L0H3Q, STM32N655X0H3Q, STM32N655Z0H3Q, STM32N6570-DK, STM32N657A0H3Q, STM32N657B0H3Q, STM32N657I0H3Q, STM32N657L0H3Q, STM32N657X0H3Q, STM32N657Z0H3Q, STM32U031C6T6, STM32U031C6U6, STM32U031C8T6, STM32U031C8U6, STM32U031F4P6, STM32U031F6P6, STM32U031F8P6, STM32U031G6Y6TR, STM32U031G8Y6TR, STM32U031K4U6, STM32U031K6U6, STM32U031K8U6, STM32U031R6I6, STM32U031R6T6, STM32U031R8I6, STM32U031R8T6, STM32U073C8T6, STM32U073C8U6, STM32U073CBT6, STM32U073CBU6, STM32U073CCT6, STM32U073CCU6, STM32U073H8Y6TR, STM32U073HBY6TR, STM32U073HCY6TR, STM32U073K8U6, STM32U073KBU6, STM32U073KCU6, STM32U073M8I6, STM32U073M8T6, STM32U073MBI6, STM32U073MBT6, STM32U073MCI6, STM32U073MCT6, STM32U073R8I6, STM32U073R8T6, STM32U073RBI6, STM32U073RBT6, STM32U073RCI6, STM32U073RCT6, STM32U083C-DK, STM32U083CCT6, STM32U083CCU6, STM32U083HCY6TR, STM32U083KCU6, STM32U083MCI6, STM32U083MCT6, STM32U083RCI6, STM32U083RCT6, STM32U375CET6, STM32U375CET6Q, STM32U375CEU6, STM32U375CEU6Q, STM32U375CEY6QTR, STM32U375CGT6, STM32U375CGT6Q, STM32U375CGU6, STM32U375CGU6Q, STM32U375CGY6QTR, STM32U375KEU6, STM32U375KGU6, STM32U375REI6, STM32U375REI6Q, STM32U375RET6, STM32U375RET6Q, STM32U375REY6GTR, STM32U375REY6QTR, STM32U375RGI6, STM32U375RGI6Q, STM32U375RGT6, STM32U375RGT6Q, STM32U375RGY6GTR, STM32U375RGY6QTR, STM32U375VEI6, STM32U375VEI6Q, STM32U375VET6, STM32U375VET6Q, STM32U375VGI6, STM32U375VGI6Q, STM32U375VGT6, STM32U375VGT6Q, STM32U385CGT6, STM32U385CGT6Q, STM32U385CGU6, STM32U385CGU6Q, STM32U385CGY6QTR, STM32U385KGU6, STM32U385RGI6, STM32U385RGI6Q, STM32U385RGT6, STM32U385RGT6Q, STM32U385RGY6GTR, STM32U385RGY6QTR, STM32U385VGI6, STM32U385VGI6Q, STM32U385VGT6, STM32U385VGT6Q, STM32U535CBT6, STM32U535CBT6Q, STM32U535CBU6, STM32U535CBU6Q, STM32U535CCT6, STM32U535CCT6Q, STM32U535CCU6, STM32U535CCU6Q, STM32U535CET6, STM32U535CET6Q, STM32U535CEU6, STM32U535CEU6Q, STM32U535JEY6QTR, STM32U535NCY6QTR, STM32U535NEY6QTR, STM32U535RBI6, STM32U535RBI6Q, STM32U535RBT6, STM32U535RBT6Q, STM32U535RCI6, STM32U535RCI6Q, STM32U535RCT6, STM32U535RCT6Q, STM32U535REI6, STM32U535REI6Q, STM32U535RET6, STM32U535RET6Q, STM32U535VCI6, STM32U535VCI6Q, STM32U535VCT6, STM32U535VCT6Q, STM32U535VEI6, STM32U535VEI6Q, STM32U535VET6, STM32U535VET6Q, STM32U545CET6, STM32U545CET6Q, STM32U545CEU6, STM32U545CEU6Q, STM32U545JEY6QTR, STM32U545NEY6QTR, STM32U545REI6, STM32U545REI6Q, STM32U545RET6, STM32U545RET6Q, STM32U545VEI6, STM32U545VEI6Q, STM32U545VET6, STM32U545VET6Q, STM32U595AIH6, STM32U595AIH6Q, STM32U595AJH6, STM32U595AJH6Q, STM32U595QII6, STM32U595QII6Q, STM32U595QJI6, STM32U595QJI6Q, STM32U595RIT6, STM32U595RIT6Q, STM32U595RJT6, STM32U595RJT6Q, STM32U595VIT6, STM32U595VIT6Q, STM32U595VJT6, STM32U595VJT6Q, STM32U595ZIT6, STM32U595ZIT6Q, STM32U595ZIY6QTR, STM32U595ZJT6, STM32U595ZJT6Q, STM32U595ZJY6QTR, STM32U599BJY6QTR, STM32U599NIH6Q, STM32U599NJH6Q, STM32U599VIT6Q, STM32U599VJT6, STM32U599VJT6Q, STM32U599ZIT6Q, STM32U599ZIY6QTR, STM32U599ZJT6Q, STM32U599ZJY6QTR, STM32U5A5AJH6, STM32U5A5AJH6Q, STM32U5A5QII3Q , STM32U5A5QJI6, STM32U5A5QJI6Q, STM32U5A5RJT6, STM32U5A5RJT6Q, STM32U5A5VJT6, STM32U5A5VJT6Q, STM32U5A5ZJT6, STM32U5A5ZJT6Q, STM32U5A5ZJY6QTR, STM32U5A9BJY6QTR, STM32U5A9J-DK, STM32U5A9NJH6Q, STM32U5A9VJT6Q, STM32U5A9ZJT6Q, STM32U5A9ZJY6QTR, STM32U5F7VIT6, STM32U5F7VIT6Q, STM32U5F7VJT6, STM32U5F7VJT6Q, STM32U5F9BJY6QTR, STM32U5F9NJH6Q, STM32U5F9VIT6Q, STM32U5F9VJT6Q, STM32U5F9ZIJ6QTR, STM32U5F9ZIT6Q, STM32U5F9ZJJ6QTR, STM32U5F9ZJT6Q, STM32U5G7VJT6, STM32U5G7VJT6Q, STM32U5G9BJY6QTR, STM32U5G9J-DK1, STM32U5G9J-DK2, STM32U5G9NJH6Q, STM32U5G9VJT6Q, STM32U5G9ZJJ6QTR, STM32U5G9ZJT6Q, STM32WB05KZV6TR, STM32WB05KZV7TR, STM32WB05TZF6TR, STM32WB05TZF7TR, STM32WB06CCF6TR, STM32WB06CCF7TR, STM32WB06CCV6TR, STM32WB06CCV7TR, STM32WB06KCV6TR, STM32WB06KCV7TR, STM32WB07CCF6TR, STM32WB07CCF7TR, STM32WB07CCV6TR, STM32WB07CCV7TR, STM32WB07KCV6TR, STM32WB07KCV7TR, STM32WB09KEV6TR, STM32WB09KEV7TR, STM32WB09TEF6TR, STM32WB09TEF7TR, STM32WB1MMCH6, STM32WBA50KGU6, STM32WBA50KGU6TR, STM32WBA52CEU6, STM32WBA52CEU6TR, STM32WBA52CEU7, STM32WBA52CEU7TR, STM32WBA52CGU6, STM32WBA52CGU6TR, STM32WBA52CGU6U, STM32WBA52CGU7, STM32WBA52CGU7TR, STM32WBA52KEU6, STM32WBA52KEU6TR, STM32WBA52KGU6, STM32WBA52KGU6TR, STM32WBA54CEU6, STM32WBA54CEU6TR, STM32WBA54CEU7, STM32WBA54CEU7TR, STM32WBA54CGU6, STM32WBA54CGU6TR, STM32WBA54CGU7, STM32WBA54CGU7TR, STM32WBA54KEU6, STM32WBA54KEU6TR, STM32WBA54KEU7, STM32WBA54KEU7TR, STM32WBA54KGU6, STM32WBA54KGU6TR, STM32WBA54KGU7, STM32WBA54KGU7TR, STM32WBA55CEU6, STM32WBA55CEU6TR, STM32WBA55CEU7, STM32WBA55CEU7TR, STM32WBA55CGU6, STM32WBA55CGU6TR, STM32WBA55CGU6U, STM32WBA55CGU7, STM32WBA55CGU7TR, STM32WBA55G-DK1, STM32WBA55HEF6, STM32WBA55HEF7, STM32WBA55HGF6, STM32WBA55HGF7, STM32WBA55UEI6, STM32WBA55UEI6TR, STM32WBA55UEI7, STM32WBA55UEI7TR, STM32WBA55UGI6, STM32WBA55UGI6TR, STM32WBA55UGI7, STM32WBA55UGI7TR, STM32WBA5MMGH6TR, STM32WBA62MGF6, STM32WBA62MIF6, STM32WBA65MGF7, STM32WBA65MIF6, STM32WBA65MIF7, STM32WL30K8V6, STM32WL30KBV6, STM32WL31C8V6, STM32WL31CBV6, STM32WL31K8V6, STM32WL31KBV6, STM32WL33C8V6, STM32WL33C8V6X, STM32WL33CBV6, STM32WL33CBV6X, STM32WL33CCV6, STM32WL33CCV6A, STM32WL33CCV6X, STM32WL33K8V7, STM32WL33K8V7X, STM32WL33KBV7 , STM32WL33KBV7X, STM32WL33KCV7, STM32WL33KCV7X, STM32WL5MOCH6, STM32WL5MOCH6TR]
2025-10-21 20:44:49,512 [INFO] DbMcus:218 - Found 4801 MCUs, 4801 are supported
2025-10-21 20:44:49,513 [INFO] ApiDb:423 - Load user favorites file C:\Users\oopav/.stm32cubeide/favorites.mcus.txt: 0 item(s)
2025-10-21 20:44:49,513 [INFO] ApiDb:427 - User favorites MCUs=[]
2025-10-21 20:44:49,514 [INFO] DbMcus:224 - Set 0 / 0 favorites MCUs
2025-10-21 20:44:49,957 [INFO] ApiDb:423 - Load user favorites file C:\Users\oopav/.stm32cubeide/favorites.boards.txt: 0 item(s)
2025-10-21 20:44:49,957 [INFO] ApiDb:427 - User favorites Boards=[]
2025-10-21 20:44:49,957 [INFO] DbBoards:198 - Set 0 / 0 favorites Boards
2025-10-21 20:44:50,037 [INFO] UtilMem:75 - End LoadConfig() Used Memory: 973003216 Bytes (1073741824)
2025-10-21 20:44:50,190 [WARN] ThirdParty:833 - waiting for thirdparty lock release [change project]
2025-10-21 20:44:50,191 [INFO] ThirdParty:835 - entering critical section [change project]
2025-10-21 20:44:50,191 [INFO] ThirdParty:1030 - CMSIS Pack Vendor :STMicroelectronics X-CUBE-PM33A1 1.0.0
2025-10-21 20:44:50,191 [INFO] ThirdParty:1030 - CMSIS Pack Vendor :STMicroelectronics USBPD 4.1
2025-10-21 20:44:50,191 [INFO] ThirdParty:1030 - CMSIS Pack Vendor :STMicroelectronics X-CUBE-AZRTOS-H7 3.3.0
2025-10-21 20:44:50,191 [INFO] ThirdParty:1030 - CMSIS Pack Vendor :STMicroelectronics X-CUBE-NFC9 1.0.0
2025-10-21 20:44:50,191 [INFO] ThirdParty:1030 - CMSIS Pack Vendor :STMicroelectronics USB_HOST 2.0.0
2025-10-21 20:44:50,191 [INFO] ThirdParty:1030 - CMSIS Pack Vendor :STMicroelectronics FP-SNS-MOTENVWB1 1.4.0
2025-10-21 20:44:50,191 [INFO] ThirdParty:1030 - CMSIS Pack Vendor :STMicroelectronics X-CUBE-AZRTOS-F4 1.1.0
2025-10-21 20:44:50,191 [INFO] ThirdParty:1030 - CMSIS Pack Vendor :STMicroelectronics LIBJPEG 8.0.0
2025-10-21 20:44:50,191 [INFO] ThirdParty:1030 - CMSIS Pack Vendor :STMicroelectronics FP-ATR-ASTRA1 2.0.2
2025-10-21 20:44:50,191 [INFO] ThirdParty:1030 - CMSIS Pack Vendor :wolfSSL I-CUBE-wolfSSL 5.8.2
2025-10-21 20:44:50,191 [INFO] ThirdParty:1030 - CMSIS Pack Vendor :STMicroelectronics X-CUBE-BLE1 7.1.0
2025-10-21 20:44:50,191 [INFO] ThirdParty:1030 - CMSIS Pack Vendor :Avnet-IotConnect X-CUBE-IoTC-DA16k-PMOD 1.0.0
2025-10-21 20:44:50,191 [INFO] ThirdParty:1030 - CMSIS Pack Vendor :STMicroelectronics X-CUBE-SMBUS 2.1.0
2025-10-21 20:44:50,191 [INFO] ThirdParty:1030 - CMSIS Pack Vendor :wolfSSL I-CUBE-wolfMQTT 1.19.2
2025-10-21 20:44:50,191 [INFO] ThirdParty:1030 - CMSIS Pack Vendor :STMicroelectronics USB_DEVICE 3.0.0
2025-10-21 20:44:50,191 [INFO] ThirdParty:1030 - CMSIS Pack Vendor :STMicroelectronics X-CUBE-ISPU 2.1.0
2025-10-21 20:44:50,191 [INFO] ThirdParty:1030 - CMSIS Pack Vendor :STMicroelectronics X-CUBE-EEPRMA1 5.2.0
2025-10-21 20:44:50,191 [INFO] ThirdParty:1030 - CMSIS Pack Vendor :STMicroelectronics X-CUBE-IPS 3.2.0
2025-10-21 20:44:50,191 [INFO] ThirdParty:1030 - CMSIS Pack Vendor :STMicroelectronics X-CUBE-BLEMGR 4.1.0
2025-10-21 20:44:50,191 [INFO] ThirdParty:1030 - CMSIS Pack Vendor :STMicroelectronics X-CUBE-AZRTOS-WB 2.0.0
2025-10-21 20:44:50,191 [INFO] ThirdParty:1030 - CMSIS Pack Vendor :STMicroelectronics X-CUBE-ST60 1.0.0
2025-10-21 20:44:50,192 [INFO] ThirdParty:1030 - CMSIS Pack Vendor :STMicroelectronics X-CUBE-GNSS1 7.0.1
2025-10-21 20:44:50,192 [INFO] ThirdParty:1030 - CMSIS Pack Vendor :STMicroelectronics X-CUBE-NFC12 1.0.0
2025-10-21 20:44:50,192 [INFO] ThirdParty:1030 - CMSIS Pack Vendor :STMicroelectronics X-CUBE-AZRTOS-F7 1.1.0
2025-10-21 20:44:50,192 [INFO] ThirdParty:1030 - CMSIS Pack Vendor :STMicroelectronics X-CUBE-AZRTOS-L5 2.0.0
2025-10-21 20:44:50,192 [INFO] ThirdParty:1030 - CMSIS Pack Vendor :STMicroelectronics X-CUBE-TOUCHGFX 4.25.0
2025-10-21 20:44:50,192 [INFO] ThirdParty:1030 - CMSIS Pack Vendor :STMicroelectronics USB_DEVICE 2.0.0
2025-10-21 20:44:50,192 [INFO] ThirdParty:1030 - CMSIS Pack Vendor :STMicroelectronics X-CUBE-NFC6 3.1.0
2025-10-21 20:44:50,192 [INFO] ThirdParty:1030 - CMSIS Pack Vendor :STMicroelectronics X-CUBE-ST67W61 1.1.0
2025-10-21 20:44:50,192 [INFO] ThirdParty:1030 - CMSIS Pack Vendor :Cesanta I-CUBE-Mongoose 7.19.0
2025-10-21 20:44:50,192 [INFO] ThirdParty:1030 - CMSIS Pack Vendor :quantropi X-CUBE-qispace-sdk-base 2.1.0
2025-10-21 20:44:50,192 [INFO] ThirdParty:1030 - CMSIS Pack Vendor :STMicroelectronics FreeRTOS 0.0.1
2025-10-21 20:44:50,192 [INFO] ThirdParty:1030 - CMSIS Pack Vendor :STMicroelectronics X-CUBE-AZRTOS-G0 1.1.0
2025-10-21 20:44:50,192 [INFO] ThirdParty:1030 - CMSIS Pack Vendor :STMicroelectronics X-CUBE-SAFEA1 1.2.2
2025-10-21 20:44:50,192 [INFO] ThirdParty:1030 - CMSIS Pack Vendor :STMicroelectronics X-CUBE-NFC4 3.0.0
2025-10-21 20:44:50,192 [INFO] ThirdParty:1030 - CMSIS Pack Vendor :STMicroelectronics X-CUBE-SUBG2 5.0.0
2025-10-21 20:44:50,192 [INFO] ThirdParty:1030 - CMSIS Pack Vendor :STMicroelectronics X-CUBE-AZRTOS-H7RS 1.1.0
2025-10-21 20:44:50,192 [INFO] ThirdParty:1030 - CMSIS Pack Vendor :STMicroelectronics STM32_WPAN 1.0.0
2025-10-21 20:44:50,192 [INFO] ThirdParty:1030 - CMSIS Pack Vendor :EmbeddedOffice I-CUBE-FS-RTOS 1.0.1
2025-10-21 20:44:50,192 [INFO] ThirdParty:1030 - CMSIS Pack Vendor :STMicroelectronics lwIP 2.0.3
2025-10-21 20:44:50,192 [INFO] ThirdParty:1030 - CMSIS Pack Vendor :WES I-CUBE-Cesium 1.4.0
2025-10-21 20:44:50,192 [INFO] ThirdParty:1030 - CMSIS Pack Vendor :STMicroelectronics USB_HOST 1.0.0
2025-10-21 20:44:50,192 [INFO] ThirdParty:1030 - CMSIS Pack Vendor :Infineon AIROC-Wi-Fi-Bluetooth-STM32 1.7.1
2025-10-21 20:44:50,192 [INFO] ThirdParty:1030 - CMSIS Pack Vendor :STMicroelectronics X-CUBE-AZRTOS-G4 2.0.0
2025-10-21 20:44:50,192 [INFO] ThirdParty:1030 - CMSIS Pack Vendor :STMicroelectronics X-CUBE-WB05N 2.0.0
2025-10-21 20:44:50,192 [INFO] ThirdParty:1030 - CMSIS Pack Vendor :STMicroelectronics PDM2PCM 3.1.0
2025-10-21 20:44:50,192 [INFO] ThirdParty:1030 - CMSIS Pack Vendor :STMicroelectronics PDM2PCM 3.3.0
2025-10-21 20:44:50,192 [INFO] ThirdParty:1030 - CMSIS Pack Vendor :wolfSSL I-CUBE-wolfTPM 3.8.0
2025-10-21 20:44:50,192 [INFO] ThirdParty:1030 - CMSIS Pack Vendor :STMicroelectronics X-CUBE-AZRTOS-H7 3.4.0
2025-10-21 20:44:50,192 [INFO] ThirdParty:1030 - CMSIS Pack Vendor :STMicroelectronics X-CUBE-DISPLAY 3.0.0
2025-10-21 20:44:50,192 [INFO] ThirdParty:1030 - CMSIS Pack Vendor :wolfSSL I-CUBE-wolfSSH 1.4.20
2025-10-21 20:44:50,192 [INFO] ThirdParty:1030 - CMSIS Pack Vendor :STMicroelectronics X-CUBE-NFC7 2.0.0
2025-10-21 20:44:50,192 [INFO] ThirdParty:1030 - CMSIS Pack Vendor :STMicroelectronics X-CUBE-TCPP 4.2.0
2025-10-21 20:44:50,192 [INFO] ThirdParty:1030 - CMSIS Pack Vendor :RealThread X-CUBE-RT-Thread_Nano 4.1.1
2025-10-21 20:44:50,192 [INFO] ThirdParty:1030 - CMSIS Pack Vendor :STMicroelectronics FP-ATR-SIGFOX1 3.2.0
2025-10-21 20:44:50,192 [INFO] ThirdParty:1030 - CMSIS Pack Vendor :STMicroelectronics X-CUBE-NFC10 1.0.0
2025-10-21 20:44:50,192 [INFO] ThirdParty:1030 - CMSIS Pack Vendor :STMicroelectronics X-CUBE-FREERTOS 1.3.1
2025-10-21 20:44:50,192 [INFO] ThirdParty:1030 - CMSIS Pack Vendor :STMicroelectronics HAL Drivers 0.0.0
2025-10-21 20:44:50,193 [INFO] ThirdParty:1030 - CMSIS Pack Vendor :STMicroelectronics MBEDTLS 2.16.2
2025-10-21 20:44:50,193 [INFO] ThirdParty:1030 - CMSIS Pack Vendor :STMicroelectronics X-CUBE-ST60 1.1.0
2025-10-21 20:44:50,193 [INFO] ThirdParty:1030 - CMSIS Pack Vendor :STMicroelectronics X-CUBE-IPS 3.1.0
2025-10-21 20:44:50,193 [INFO] ThirdParty:1030 - CMSIS Pack Vendor :STMicroelectronics X-CUBE-ALS 1.0.2
2025-10-21 20:44:50,193 [INFO] ThirdParty:1030 - CMSIS Pack Vendor :emotas I-CUBE-CANOPEN 1.3.0
2025-10-21 20:44:50,193 [INFO] ThirdParty:1030 - CMSIS Pack Vendor :STMicroelectronics MBEDTLS 2.14.1
2025-10-21 20:44:50,193 [INFO] ThirdParty:1030 - CMSIS Pack Vendor :ITTIA_DB I-CUBE-ITTIADB 8.9.0
2025-10-21 20:44:50,193 [INFO] ThirdParty:1030 - CMSIS Pack Vendor :STMicroelectronics X-CUBE-TOUCHGFX 4.26.0
2025-10-21 20:44:50,193 [INFO] ThirdParty:1030 - CMSIS Pack Vendor :STMicroelectronics X-CUBE-STSE01 1.0.0
2025-10-21 20:44:50,193 [INFO] ThirdParty:1030 - CMSIS Pack Vendor :STMicroelectronics X-CUBE-ST67W61 1.0.0
2025-10-21 20:44:50,193 [INFO] ThirdParty:1030 - CMSIS Pack Vendor :STMicroelectronics FP-SNS-STBOX1 2.1.0
2025-10-21 20:44:50,193 [INFO] ThirdParty:1030 - CMSIS Pack Vendor :STMicroelectronics X-CUBE-AI 10.2.0
2025-10-21 20:44:50,193 [INFO] ThirdParty:1030 - CMSIS Pack Vendor :STMicroelectronics FP-SNS-STAIOTCFT 1.0.0
2025-10-21 20:44:50,193 [INFO] ThirdParty:1030 - CMSIS Pack Vendor :STMicroelectronics ThreadX 1.0.0
2025-10-21 20:44:50,193 [INFO] ThirdParty:1030 - CMSIS Pack Vendor :STMicroelectronics FP-SNS-SMARTAG2 1.2.0
2025-10-21 20:44:50,193 [INFO] ThirdParty:1030 - CMSIS Pack Vendor :STMicroelectronics FP-SNS-FLIGHT1 5.1.0
2025-10-21 20:44:50,193 [INFO] ThirdParty:1030 - CMSIS Pack Vendor :STMicroelectronics X-CUBE-AZRTOS-WL 2.0.0
2025-10-21 20:44:50,193 [INFO] ThirdParty:1030 - CMSIS Pack Vendor :SEGGER I-CUBE-embOS 1.3.1
2025-10-21 20:44:50,193 [INFO] ThirdParty:1030 - CMSIS Pack Vendor :STMicroelectronics X-CUBE-ALGOBUILD 1.4.0
2025-10-21 20:44:50,193 [INFO] ThirdParty:1030 - CMSIS Pack Vendor :STMicroelectronics X-CUBE-DPower 1.3.0
2025-10-21 20:44:50,193 [INFO] ThirdParty:1030 - CMSIS Pack Vendor :STMicroelectronics X-CUBE-MEMS1 11.3.0
2025-10-21 20:44:50,193 [INFO] ThirdParty:1030 - CMSIS Pack Vendor :STMicroelectronics FP-SNS-MOTENV1 5.0.0
2025-10-21 20:44:50,193 [INFO] ThirdParty:1030 - CMSIS Pack Vendor :STMicroelectronics USB_DEVICE 1.0.0
2025-10-21 20:44:50,193 [INFO] ThirdParty:1030 - CMSIS Pack Vendor :STMicroelectronics X-CUBE-AZRTOS-L4 2.0.0
2025-10-21 20:44:50,193 [INFO] ThirdParty:1030 - CMSIS Pack Vendor :STMicroelectronics ThreadX 0.0.2
2025-10-21 20:44:50,193 [INFO] ThirdParty:1030 - CMSIS Pack Vendor :STMicroelectronics lwIP 2.1.2
2025-10-21 20:44:50,193 [INFO] ThirdParty:1030 - CMSIS Pack Vendor :STMicroelectronics X-CUBE-SFXS2LP1 4.0.0
2025-10-21 20:44:50,193 [INFO] ThirdParty:1030 - CMSIS Pack Vendor :STMicroelectronics X-CUBE-BLE2 3.3.0
2025-10-21 20:44:50,193 [INFO] ThirdParty:1030 - CMSIS Pack Vendor :STMicroelectronics X-CUBE-TOF1 3.4.3
2025-10-21 20:44:50,193 [INFO] ThirdParty:1030 - CMSIS Pack Vendor :STMicroelectronics PDM2PCM 3.2.0
2025-10-21 20:44:50,193 [INFO] ThirdParty:841 - exiting critical section [change project]
2025-10-21 20:44:50,660 [INFO] PinOutPanel:1589 - setPackage(No Configuration,No Configuration)
2025-10-21 20:44:50,663 [INFO] PinOutPanel:1589 - setPackage(STM32H753ZITx,LQFP144)
2025-10-21 20:44:51,569 [INFO] UtilMem:75 - Before build in PCC Used Memory: 759242944 Bytes (1073741824)
2025-10-21 20:44:52,396 [INFO] UtilMem:75 - After build in PCC Used Memory: 853614784 Bytes (1073741824)
2025-10-21 20:44:52,455 [INFO] IPUIPlugin:80 - create IPUIPlugin
2025-10-21 20:44:52,455 [INFO] IPUIPlugin:80 - create IPUIPlugin
2025-10-21 20:44:52,456 [INFO] IPUIPlugin:80 - create IPUIPlugin
2025-10-21 20:44:52,457 [INFO] IPUIPlugin:80 - create IPUIPlugin
2025-10-21 20:44:52,457 [INFO] IPUIPlugin:80 - create IPUIPlugin
2025-10-21 20:44:52,457 [INFO] IPUIPlugin:80 - create IPUIPlugin
2025-10-21 20:44:52,457 [INFO] IPUIPlugin:80 - create IPUIPlugin
2025-10-21 20:44:52,457 [INFO] IPUIPlugin:80 - create IPUIPlugin
2025-10-21 20:44:52,458 [INFO] IPUIPlugin:80 - create IPUIPlugin
2025-10-21 20:44:52,458 [INFO] IPUIPlugin:80 - create IPUIPlugin
2025-10-21 20:44:52,458 [INFO] IPUIPlugin:80 - create IPUIPlugin
2025-10-21 20:44:52,458 [INFO] IPUIPlugin:80 - create IPUIPlugin
2025-10-21 20:44:52,458 [INFO] IPUIPlugin:80 - create IPUIPlugin
2025-10-21 20:44:52,458 [INFO] IPUIPlugin:80 - create IPUIPlugin
2025-10-21 20:44:52,458 [INFO] IPUIPlugin:80 - create IPUIPlugin
2025-10-21 20:44:52,458 [INFO] IPUIPlugin:80 - create IPUIPlugin
2025-10-21 20:44:52,458 [INFO] IPUIPlugin:80 - create IPUIPlugin
2025-10-21 20:44:52,458 [INFO] IPUIPlugin:80 - create IPUIPlugin
2025-10-21 20:44:52,459 [INFO] IPUIPlugin:80 - create IPUIPlugin
2025-10-21 20:44:52,459 [INFO] IPUIPlugin:80 - create IPUIPlugin
2025-10-21 20:44:52,459 [INFO] IPUIPlugin:80 - create IPUIPlugin
2025-10-21 20:44:52,459 [INFO] IPUIPlugin:80 - create IPUIPlugin
2025-10-21 20:44:52,459 [INFO] IPUIPlugin:80 - create IPUIPlugin
2025-10-21 20:44:52,459 [INFO] IPUIPlugin:80 - create IPUIPlugin
2025-10-21 20:44:52,459 [INFO] IPUIPlugin:80 - create IPUIPlugin
2025-10-21 20:44:52,459 [INFO] IPUIPlugin:80 - create IPUIPlugin
2025-10-21 20:44:52,459 [INFO] IPUIPlugin:80 - create IPUIPlugin
2025-10-21 20:44:52,460 [INFO] IPUIPlugin:80 - create IPUIPlugin
2025-10-21 20:44:52,460 [INFO] IPUIPlugin:80 - create IPUIPlugin
2025-10-21 20:44:52,460 [INFO] IPUIPlugin:80 - create IPUIPlugin
2025-10-21 20:44:52,460 [INFO] IPUIPlugin:80 - create IPUIPlugin
2025-10-21 20:44:52,460 [INFO] IPUIPlugin:80 - create IPUIPlugin
2025-10-21 20:44:52,460 [INFO] IPUIPlugin:80 - create IPUIPlugin
2025-10-21 20:44:52,460 [INFO] IPUIPlugin:80 - create IPUIPlugin
2025-10-21 20:44:52,461 [INFO] IPUIPlugin:80 - create IPUIPlugin
2025-10-21 20:44:52,461 [INFO] IPUIPlugin:80 - create IPUIPlugin
2025-10-21 20:44:52,461 [INFO] IPUIPlugin:80 - create IPUIPlugin
2025-10-21 20:44:52,461 [INFO] IPUIPlugin:80 - create IPUIPlugin
2025-10-21 20:44:52,461 [INFO] IPUIPlugin:80 - create IPUIPlugin
2025-10-21 20:44:52,462 [INFO] IPUIPlugin:80 - create IPUIPlugin
2025-10-21 20:44:52,462 [INFO] IPUIPlugin:80 - create IPUIPlugin
2025-10-21 20:44:52,462 [INFO] IPUIPlugin:80 - create IPUIPlugin
2025-10-21 20:44:52,462 [INFO] IPUIPlugin:80 - create IPUIPlugin
2025-10-21 20:44:52,462 [INFO] IPUIPlugin:80 - create IPUIPlugin
2025-10-21 20:44:52,462 [INFO] IPUIPlugin:80 - create IPUIPlugin
2025-10-21 20:44:52,463 [INFO] IPUIPlugin:80 - create IPUIPlugin
2025-10-21 20:44:52,463 [INFO] IPUIPlugin:80 - create IPUIPlugin
2025-10-21 20:44:52,463 [INFO] IPUIPlugin:80 - create IPUIPlugin
2025-10-21 20:44:52,463 [INFO] IPUIPlugin:80 - create IPUIPlugin
2025-10-21 20:44:52,463 [INFO] IPUIPlugin:80 - create IPUIPlugin
2025-10-21 20:44:52,464 [INFO] IPUIPlugin:80 - create IPUIPlugin
2025-10-21 20:44:52,464 [INFO] IPUIPlugin:80 - create IPUIPlugin
2025-10-21 20:44:52,464 [INFO] IPUIPlugin:80 - create IPUIPlugin
2025-10-21 20:44:52,464 [INFO] IPUIPlugin:80 - create IPUIPlugin
2025-10-21 20:44:52,464 [INFO] IPUIPlugin:80 - create IPUIPlugin
2025-10-21 20:44:52,465 [INFO] IPUIPlugin:80 - create IPUIPlugin
2025-10-21 20:44:52,465 [INFO] IPUIPlugin:80 - create IPUIPlugin
2025-10-21 20:44:52,465 [INFO] IPUIPlugin:80 - create IPUIPlugin
2025-10-21 20:44:52,465 [INFO] IPUIPlugin:80 - create IPUIPlugin
2025-10-21 20:44:52,466 [INFO] IPUIPlugin:80 - create IPUIPlugin
2025-10-21 20:44:52,466 [INFO] IPUIPlugin:80 - create IPUIPlugin
2025-10-21 20:44:52,466 [INFO] IPUIPlugin:80 - create IPUIPlugin
2025-10-21 20:44:52,466 [INFO] IPUIPlugin:80 - create IPUIPlugin
2025-10-21 20:44:52,467 [INFO] IPUIPlugin:80 - create IPUIPlugin
2025-10-21 20:44:52,467 [INFO] IPUIPlugin:80 - create IPUIPlugin
2025-10-21 20:44:52,467 [INFO] IPUIPlugin:80 - create IPUIPlugin
2025-10-21 20:44:52,467 [INFO] IPUIPlugin:80 - create IPUIPlugin
2025-10-21 20:44:52,468 [INFO] IPUIPlugin:80 - create IPUIPlugin
2025-10-21 20:44:52,468 [INFO] IPUIPlugin:80 - create IPUIPlugin
2025-10-21 20:44:52,468 [INFO] IPUIPlugin:80 - create IPUIPlugin
2025-10-21 20:44:52,468 [INFO] IPUIPlugin:80 - create IPUIPlugin
2025-10-21 20:44:52,469 [INFO] IPUIPlugin:80 - create IPUIPlugin
2025-10-21 20:44:52,469 [INFO] IPUIPlugin:80 - create IPUIPlugin
2025-10-21 20:44:52,469 [INFO] IPUIPlugin:80 - create IPUIPlugin
2025-10-21 20:44:52,470 [INFO] IPUIPlugin:80 - create IPUIPlugin
2025-10-21 20:44:52,470 [INFO] IPUIPlugin:80 - create IPUIPlugin
2025-10-21 20:44:52,470 [INFO] IPUIPlugin:80 - create IPUIPlugin
2025-10-21 20:44:52,471 [INFO] IPUIPlugin:80 - create IPUIPlugin
2025-10-21 20:44:52,471 [INFO] IPUIPlugin:80 - create IPUIPlugin
2025-10-21 20:44:52,472 [INFO] IPUIPlugin:80 - create IPUIPlugin
2025-10-21 20:44:52,472 [INFO] IPUIPlugin:80 - create IPUIPlugin
2025-10-21 20:44:52,473 [INFO] IPUIPlugin:80 - create IPUIPlugin
2025-10-21 20:44:52,474 [INFO] IPUIPlugin:80 - create IPUIPlugin
2025-10-21 20:44:52,474 [INFO] IPUIPlugin:80 - create IPUIPlugin
2025-10-21 20:44:52,475 [INFO] IPUIPlugin:80 - create IPUIPlugin
2025-10-21 20:44:52,475 [INFO] IPUIPlugin:80 - create IPUIPlugin
2025-10-21 20:44:52,476 [INFO] IPUIPlugin:80 - create IPUIPlugin
2025-10-21 20:44:52,476 [INFO] IPUIPlugin:80 - create IPUIPlugin
2025-10-21 20:44:52,476 [INFO] IPUIPlugin:80 - create IPUIPlugin
2025-10-21 20:44:52,477 [INFO] IPUIPlugin:80 - create IPUIPlugin
2025-10-21 20:44:52,477 [INFO] IPUIPlugin:80 - create IPUIPlugin
2025-10-21 20:44:52,478 [INFO] IPUIPlugin:80 - create IPUIPlugin
2025-10-21 20:44:52,478 [INFO] IPUIPlugin:80 - create IPUIPlugin
2025-10-21 20:44:52,478 [INFO] IPUIPlugin:80 - create IPUIPlugin
2025-10-21 20:44:52,479 [INFO] IPUIPlugin:80 - create IPUIPlugin
2025-10-21 20:44:52,479 [INFO] IPUIPlugin:80 - create IPUIPlugin
2025-10-21 20:44:52,480 [INFO] IPUIPlugin:80 - create IPUIPlugin
2025-10-21 20:44:52,481 [INFO] IPUIPlugin:80 - create IPUIPlugin
2025-10-21 20:44:52,481 [INFO] IPUIPlugin:80 - create IPUIPlugin
2025-10-21 20:44:52,482 [INFO] IPUIPlugin:80 - create IPUIPlugin
2025-10-21 20:44:52,482 [INFO] IPUIPlugin:80 - create IPUIPlugin
2025-10-21 20:44:52,482 [INFO] IPUIPlugin:80 - create IPUIPlugin
2025-10-21 20:44:52,510 [INFO] ApiDbMcu:532 - Load IP Config File for PDM2PCM
2025-10-21 20:44:52,747 [INFO] CADModel:165 - CPN selected for project levelSTM32H753ZIT6
2025-10-21 20:44:52,747 [INFO] CADModel:114 - Register for checkConnection events
2025-10-21 20:44:52,751 [INFO] RtosManager:728 - Active RTOS found at IOC load: STMicroelectronics.X-CUBE-AZRTOS-H7.3.3.0 [Cortex-M7NS]
2025-10-21 20:44:52,812 [INFO] OpenFileManager:386 - Restore cursor
2025-10-21 20:44:53,109 [WARN] IP:2250 - TX_NO_TIMER not found: check if there is a RefParameter without a condition.
2025-10-21 20:44:53,109 [WARN] IP:2250 - TX_LOW_POWER_TICKLESS not found: check if there is a RefParameter without a condition.
2025-10-21 20:44:53,109 [WARN] IP:2250 - TX_LOW_POWER_USER_ENTER not found: check if there is a RefParameter without a condition.
2025-10-21 20:44:53,109 [WARN] IP:2250 - TX_LOW_POWER_USER_EXIT not found: check if there is a RefParameter without a condition.
2025-10-21 20:44:53,109 [WARN] IP:2250 - TX_LOW_POWER_USER_TIMER_ADJUST not found: check if there is a RefParameter without a condition.
2025-10-21 20:44:53,109 [WARN] IP:2250 - TX_LOW_POWER_TIMER_SETUP not found: check if there is a RefParameter without a condition.
2025-10-21 20:44:53,109 [WARN] IP:2250 - TX_BASEPRI_VALUE not found: check if there is a RefParameter without a condition.
2025-10-21 20:44:53,109 [WARN] IP:2250 - TX_APP_CREATION not found: check if there is a RefParameter without a condition.
2025-10-21 20:44:53,109 [WARN] IP:2250 - TX_APP_THREAD_ENTRY not found: check if there is a RefParameter without a condition.
2025-10-21 20:44:53,109 [WARN] IP:2250 - TX_APP_THREAD_NAME not found: check if there is a RefParameter without a condition.
2025-10-21 20:44:53,109 [WARN] IP:2250 - TX_APP_THREAD_PRIO not found: check if there is a RefParameter without a condition.
2025-10-21 20:44:53,109 [WARN] IP:2250 - TX_APP_STACK_SIZE not found: check if there is a RefParameter without a condition.
2025-10-21 20:44:53,109 [WARN] IP:2250 - TX_APP_SEM_CREATION not found: check if there is a RefParameter without a condition.
2025-10-21 20:44:53,109 [WARN] IP:2250 - TX_SEMAPHORE_NAME not found: check if there is a RefParameter without a condition.
2025-10-21 20:44:53,109 [WARN] IP:2250 - TX_SEMAPHORE_COUNT not found: check if there is a RefParameter without a condition.
2025-10-21 20:44:53,109 [WARN] IP:2250 - TX_APP_MUTEX_CREATION not found: check if there is a RefParameter without a condition.
2025-10-21 20:44:53,109 [WARN] IP:2250 - TX_MUTEX_NAME not found: check if there is a RefParameter without a condition.
2025-10-21 20:44:53,109 [WARN] IP:2250 - TX_Mutex_INHERITANCE not found: check if there is a RefParameter without a condition.
2025-10-21 20:44:53,109 [WARN] IP:2250 - TX_APP_MSG_QUEUE_CREATION not found: check if there is a RefParameter without a condition.
2025-10-21 20:44:53,109 [WARN] IP:2250 - TX_MSG_QUEUE_NAME not found: check if there is a RefParameter without a condition.
2025-10-21 20:44:53,109 [WARN] IP:2250 - TX_MSG_SIZE_WORDS not found: check if there is a RefParameter without a condition.
2025-10-21 20:44:53,110 [WARN] IP:2250 - TX_NB_MSG not found: check if there is a RefParameter without a condition.
2025-10-21 20:44:53,112 [WARN] IP:2250 - TX_NO_TIMER not found: check if there is a RefParameter without a condition.
2025-10-21 20:44:53,112 [WARN] IP:2250 - TX_LOW_POWER_TICKLESS not found: check if there is a RefParameter without a condition.
2025-10-21 20:44:53,112 [WARN] IP:2250 - TX_LOW_POWER_USER_ENTER not found: check if there is a RefParameter without a condition.
2025-10-21 20:44:53,112 [WARN] IP:2250 - TX_LOW_POWER_USER_EXIT not found: check if there is a RefParameter without a condition.
2025-10-21 20:44:53,112 [WARN] IP:2250 - TX_LOW_POWER_USER_TIMER_ADJUST not found: check if there is a RefParameter without a condition.
2025-10-21 20:44:53,112 [WARN] IP:2250 - TX_LOW_POWER_TIMER_SETUP not found: check if there is a RefParameter without a condition.
2025-10-21 20:44:53,112 [WARN] IP:2250 - TX_BASEPRI_VALUE not found: check if there is a RefParameter without a condition.
2025-10-21 20:44:53,112 [WARN] IP:2250 - TX_APP_CREATION not found: check if there is a RefParameter without a condition.
2025-10-21 20:44:53,112 [WARN] IP:2250 - TX_APP_THREAD_ENTRY not found: check if there is a RefParameter without a condition.
2025-10-21 20:44:53,112 [WARN] IP:2250 - TX_APP_THREAD_NAME not found: check if there is a RefParameter without a condition.
2025-10-21 20:44:53,112 [WARN] IP:2250 - TX_APP_THREAD_PRIO not found: check if there is a RefParameter without a condition.
2025-10-21 20:44:53,112 [WARN] IP:2250 - TX_APP_STACK_SIZE not found: check if there is a RefParameter without a condition.
2025-10-21 20:44:53,112 [WARN] IP:2250 - TX_APP_SEM_CREATION not found: check if there is a RefParameter without a condition.
2025-10-21 20:44:53,112 [WARN] IP:2250 - TX_SEMAPHORE_NAME not found: check if there is a RefParameter without a condition.
2025-10-21 20:44:53,112 [WARN] IP:2250 - TX_SEMAPHORE_COUNT not found: check if there is a RefParameter without a condition.
2025-10-21 20:44:53,112 [WARN] IP:2250 - TX_APP_MUTEX_CREATION not found: check if there is a RefParameter without a condition.
2025-10-21 20:44:53,112 [WARN] IP:2250 - TX_MUTEX_NAME not found: check if there is a RefParameter without a condition.
2025-10-21 20:44:53,112 [WARN] IP:2250 - TX_Mutex_INHERITANCE not found: check if there is a RefParameter without a condition.
2025-10-21 20:44:53,112 [WARN] IP:2250 - TX_APP_MSG_QUEUE_CREATION not found: check if there is a RefParameter without a condition.
2025-10-21 20:44:53,113 [WARN] IP:2250 - TX_MSG_QUEUE_NAME not found: check if there is a RefParameter without a condition.
2025-10-21 20:44:53,113 [WARN] IP:2250 - TX_MSG_SIZE_WORDS not found: check if there is a RefParameter without a condition.
2025-10-21 20:44:53,113 [WARN] IP:2250 - TX_NB_MSG not found: check if there is a RefParameter without a condition.
2025-10-21 20:47:01,999 [INFO] UtilMem:75 - End SaveConfig() Used Memory: 755179384 Bytes (1073741824)
2025-10-21 20:47:02,119 [INFO] UtilMem:75 - End SaveConfig() Used Memory: 786156824 Bytes (1073741824)
2025-10-21 20:47:02,469 [ERROR] IocParser:95 - Exception caught: Cannot invoke "java.lang.CharSequence.length()" because "this.text" is null
2025-10-21 20:47:02,805 [INFO] UtilMem:75 - End SaveConfig() Used Memory: 842757616 Bytes (1073741824)
2025-10-21 20:47:03,691 [INFO] BlockDiagram:2775 - set Specific Code input for plugin: RCC
2025-10-21 20:47:03,691 [INFO] BlockDiagram:2775 - set Specific Code input for plugin: NUCLEO-H753ZI
2025-10-21 20:47:03,691 [INFO] BlockDiagram:2775 - set Specific Code input for plugin: STMicroelectronics.X-CUBE-AZRTOS-H7.3.3.0
2025-10-21 20:47:03,692 [INFO] BlockDiagram:2775 - set Specific Code input for plugin: MEMORYMAP
2025-10-21 20:47:03,692 [INFO] BlockDiagram:2775 - set Specific Code input for plugin: TIM1_8H7
2025-10-21 20:47:03,692 [INFO] BlockDiagram:2775 - set Specific Code input for plugin: TIM1_8H7
2025-10-21 20:47:03,692 [INFO] BlockDiagram:2775 - set Specific Code input for plugin: TIM1_8H7
2025-10-21 20:47:03,692 [INFO] BlockDiagram:2775 - set Specific Code input for plugin: SYS
2025-10-21 20:47:03,692 [INFO] BlockDiagram:2775 - set Specific Code input for plugin: NVIC
2025-10-21 20:47:03,693 [INFO] BlockDiagram:2775 - set Specific Code input for plugin: GPIO
2025-10-21 20:47:03,706 [WARN] IP:2250 - TX_NO_TIMER not found: check if there is a RefParameter without a condition.
2025-10-21 20:47:03,706 [WARN] IP:2250 - TX_LOW_POWER_TICKLESS not found: check if there is a RefParameter without a condition.
2025-10-21 20:47:03,707 [WARN] IP:2250 - TX_LOW_POWER_USER_ENTER not found: check if there is a RefParameter without a condition.
2025-10-21 20:47:03,707 [WARN] IP:2250 - TX_LOW_POWER_USER_EXIT not found: check if there is a RefParameter without a condition.
2025-10-21 20:47:03,707 [WARN] IP:2250 - TX_LOW_POWER_USER_TIMER_ADJUST not found: check if there is a RefParameter without a condition.
2025-10-21 20:47:03,707 [WARN] IP:2250 - TX_LOW_POWER_TIMER_SETUP not found: check if there is a RefParameter without a condition.
2025-10-21 20:47:03,707 [WARN] IP:2250 - TX_BASEPRI_VALUE not found: check if there is a RefParameter without a condition.
2025-10-21 20:47:03,707 [WARN] IP:2250 - TX_APP_CREATION not found: check if there is a RefParameter without a condition.
2025-10-21 20:47:03,707 [WARN] IP:2250 - TX_APP_THREAD_ENTRY not found: check if there is a RefParameter without a condition.
2025-10-21 20:47:03,707 [WARN] IP:2250 - TX_APP_THREAD_NAME not found: check if there is a RefParameter without a condition.
2025-10-21 20:47:03,707 [WARN] IP:2250 - TX_APP_THREAD_PRIO not found: check if there is a RefParameter without a condition.
2025-10-21 20:47:03,707 [WARN] IP:2250 - TX_APP_STACK_SIZE not found: check if there is a RefParameter without a condition.
2025-10-21 20:47:03,707 [WARN] IP:2250 - TX_APP_SEM_CREATION not found: check if there is a RefParameter without a condition.
2025-10-21 20:47:03,707 [WARN] IP:2250 - TX_SEMAPHORE_NAME not found: check if there is a RefParameter without a condition.
2025-10-21 20:47:03,707 [WARN] IP:2250 - TX_SEMAPHORE_COUNT not found: check if there is a RefParameter without a condition.
2025-10-21 20:47:03,707 [WARN] IP:2250 - TX_APP_MUTEX_CREATION not found: check if there is a RefParameter without a condition.
2025-10-21 20:47:03,707 [WARN] IP:2250 - TX_MUTEX_NAME not found: check if there is a RefParameter without a condition.
2025-10-21 20:47:03,707 [WARN] IP:2250 - TX_Mutex_INHERITANCE not found: check if there is a RefParameter without a condition.
2025-10-21 20:47:03,708 [WARN] IP:2250 - TX_APP_MSG_QUEUE_CREATION not found: check if there is a RefParameter without a condition.
2025-10-21 20:47:03,708 [WARN] IP:2250 - TX_MSG_QUEUE_NAME not found: check if there is a RefParameter without a condition.
2025-10-21 20:47:03,708 [WARN] IP:2250 - TX_MSG_SIZE_WORDS not found: check if there is a RefParameter without a condition.
2025-10-21 20:47:03,708 [WARN] IP:2250 - TX_NB_MSG not found: check if there is a RefParameter without a condition.
2025-10-21 20:47:03,711 [WARN] ThirdPartyIpManager:480 - Condition 'CM7 IAR Condition' not fulfilled in pack 'STMicroelectronics.X-CUBE-AZRTOS-H7.3.3.0'
2025-10-21 20:47:03,711 [WARN] ThirdPartyIpManager:480 - Condition 'CM7 IAR Condition' not fulfilled in pack 'STMicroelectronics.X-CUBE-AZRTOS-H7.3.3.0'
2025-10-21 20:47:03,711 [WARN] ThirdPartyIpManager:480 - Condition 'CM7 IAR Condition' not fulfilled in pack 'STMicroelectronics.X-CUBE-AZRTOS-H7.3.3.0'
2025-10-21 20:47:03,711 [WARN] ThirdPartyIpManager:480 - Condition 'CM7 IAR Condition' not fulfilled in pack 'STMicroelectronics.X-CUBE-AZRTOS-H7.3.3.0'
2025-10-21 20:47:03,712 [WARN] ThirdPartyIpManager:480 - Condition 'CM7 IAR Condition' not fulfilled in pack 'STMicroelectronics.X-CUBE-AZRTOS-H7.3.3.0'
2025-10-21 20:47:03,712 [WARN] ThirdPartyIpManager:480 - Condition 'CM7 IAR Condition' not fulfilled in pack 'STMicroelectronics.X-CUBE-AZRTOS-H7.3.3.0'
2025-10-21 20:47:03,712 [WARN] ThirdPartyIpManager:480 - Condition 'CM7 IAR Condition' not fulfilled in pack 'STMicroelectronics.X-CUBE-AZRTOS-H7.3.3.0'
2025-10-21 20:47:03,712 [WARN] ThirdPartyIpManager:480 - Condition 'CM7 IAR Condition' not fulfilled in pack 'STMicroelectronics.X-CUBE-AZRTOS-H7.3.3.0'
2025-10-21 20:47:03,712 [WARN] ThirdPartyIpManager:480 - Condition 'CM7 IAR Condition' not fulfilled in pack 'STMicroelectronics.X-CUBE-AZRTOS-H7.3.3.0'
2025-10-21 20:47:03,712 [WARN] ThirdPartyIpManager:480 - Condition 'CM7 IAR Condition' not fulfilled in pack 'STMicroelectronics.X-CUBE-AZRTOS-H7.3.3.0'
2025-10-21 20:47:03,712 [WARN] ThirdPartyIpManager:480 - Condition 'CM7 IAR Condition' not fulfilled in pack 'STMicroelectronics.X-CUBE-AZRTOS-H7.3.3.0'
2025-10-21 20:47:03,712 [WARN] ThirdPartyIpManager:480 - Condition 'CM4 IAR Condition' not fulfilled in pack 'STMicroelectronics.X-CUBE-AZRTOS-H7.3.3.0'
2025-10-21 20:47:03,712 [WARN] ThirdPartyIpManager:480 - Condition 'CM4 IAR Condition' not fulfilled in pack 'STMicroelectronics.X-CUBE-AZRTOS-H7.3.3.0'
2025-10-21 20:47:03,712 [WARN] ThirdPartyIpManager:480 - Condition 'CM4 IAR Condition' not fulfilled in pack 'STMicroelectronics.X-CUBE-AZRTOS-H7.3.3.0'
2025-10-21 20:47:03,712 [WARN] ThirdPartyIpManager:480 - Condition 'CM4 IAR Condition' not fulfilled in pack 'STMicroelectronics.X-CUBE-AZRTOS-H7.3.3.0'
2025-10-21 20:47:03,712 [WARN] ThirdPartyIpManager:480 - Condition 'CM4 IAR Condition' not fulfilled in pack 'STMicroelectronics.X-CUBE-AZRTOS-H7.3.3.0'
2025-10-21 20:47:03,712 [WARN] ThirdPartyIpManager:480 - Condition 'CM4 IAR Condition' not fulfilled in pack 'STMicroelectronics.X-CUBE-AZRTOS-H7.3.3.0'
2025-10-21 20:47:03,712 [WARN] ThirdPartyIpManager:480 - Condition 'CM4 IAR Condition' not fulfilled in pack 'STMicroelectronics.X-CUBE-AZRTOS-H7.3.3.0'
2025-10-21 20:47:03,712 [WARN] ThirdPartyIpManager:480 - Condition 'CM4 IAR Condition' not fulfilled in pack 'STMicroelectronics.X-CUBE-AZRTOS-H7.3.3.0'
2025-10-21 20:47:03,712 [WARN] ThirdPartyIpManager:480 - Condition 'CM4 IAR Condition' not fulfilled in pack 'STMicroelectronics.X-CUBE-AZRTOS-H7.3.3.0'
2025-10-21 20:47:03,713 [WARN] ThirdPartyIpManager:480 - Condition 'CM4 IAR Condition' not fulfilled in pack 'STMicroelectronics.X-CUBE-AZRTOS-H7.3.3.0'
2025-10-21 20:47:03,713 [WARN] ThirdPartyIpManager:480 - Condition 'CM4 IAR Condition' not fulfilled in pack 'STMicroelectronics.X-CUBE-AZRTOS-H7.3.3.0'
2025-10-21 20:47:03,714 [WARN] ThirdPartyIpManager:480 - Condition 'CM4 GNU Condition' not fulfilled in pack 'STMicroelectronics.X-CUBE-AZRTOS-H7.3.3.0'
2025-10-21 20:47:03,714 [WARN] ThirdPartyIpManager:480 - Condition 'CM4 GNU Condition' not fulfilled in pack 'STMicroelectronics.X-CUBE-AZRTOS-H7.3.3.0'
2025-10-21 20:47:03,715 [WARN] ThirdPartyIpManager:480 - Condition 'CM4 GNU Condition' not fulfilled in pack 'STMicroelectronics.X-CUBE-AZRTOS-H7.3.3.0'
2025-10-21 20:47:03,715 [WARN] ThirdPartyIpManager:480 - Condition 'CM4 GNU Condition' not fulfilled in pack 'STMicroelectronics.X-CUBE-AZRTOS-H7.3.3.0'
2025-10-21 20:47:03,715 [WARN] ThirdPartyIpManager:480 - Condition 'CM4 GNU Condition' not fulfilled in pack 'STMicroelectronics.X-CUBE-AZRTOS-H7.3.3.0'
2025-10-21 20:47:03,715 [WARN] ThirdPartyIpManager:480 - Condition 'CM4 GNU Condition' not fulfilled in pack 'STMicroelectronics.X-CUBE-AZRTOS-H7.3.3.0'
2025-10-21 20:47:03,715 [WARN] ThirdPartyIpManager:480 - Condition 'CM4 GNU Condition' not fulfilled in pack 'STMicroelectronics.X-CUBE-AZRTOS-H7.3.3.0'
2025-10-21 20:47:03,715 [WARN] ThirdPartyIpManager:480 - Condition 'CM4 GNU Condition' not fulfilled in pack 'STMicroelectronics.X-CUBE-AZRTOS-H7.3.3.0'
2025-10-21 20:47:03,715 [WARN] ThirdPartyIpManager:480 - Condition 'CM4 GNU Condition' not fulfilled in pack 'STMicroelectronics.X-CUBE-AZRTOS-H7.3.3.0'
2025-10-21 20:47:03,715 [WARN] ThirdPartyIpManager:480 - Condition 'CM4 GNU Condition' not fulfilled in pack 'STMicroelectronics.X-CUBE-AZRTOS-H7.3.3.0'
2025-10-21 20:47:03,715 [WARN] ThirdPartyIpManager:480 - Condition 'CM7 ARMC6 Condition' not fulfilled in pack 'STMicroelectronics.X-CUBE-AZRTOS-H7.3.3.0'
2025-10-21 20:47:03,715 [WARN] ThirdPartyIpManager:480 - Condition 'CM7 ARMC6 Condition' not fulfilled in pack 'STMicroelectronics.X-CUBE-AZRTOS-H7.3.3.0'
2025-10-21 20:47:03,716 [WARN] ThirdPartyIpManager:480 - Condition 'CM7 ARMC6 Condition' not fulfilled in pack 'STMicroelectronics.X-CUBE-AZRTOS-H7.3.3.0'
2025-10-21 20:47:03,716 [WARN] ThirdPartyIpManager:480 - Condition 'CM7 ARMC6 Condition' not fulfilled in pack 'STMicroelectronics.X-CUBE-AZRTOS-H7.3.3.0'
2025-10-21 20:47:03,716 [WARN] ThirdPartyIpManager:480 - Condition 'CM7 ARMC6 Condition' not fulfilled in pack 'STMicroelectronics.X-CUBE-AZRTOS-H7.3.3.0'
2025-10-21 20:47:03,716 [WARN] ThirdPartyIpManager:480 - Condition 'CM7 ARMC6 Condition' not fulfilled in pack 'STMicroelectronics.X-CUBE-AZRTOS-H7.3.3.0'
2025-10-21 20:47:03,716 [WARN] ThirdPartyIpManager:480 - Condition 'CM7 ARMC6 Condition' not fulfilled in pack 'STMicroelectronics.X-CUBE-AZRTOS-H7.3.3.0'
2025-10-21 20:47:03,716 [WARN] ThirdPartyIpManager:480 - Condition 'CM7 ARMC6 Condition' not fulfilled in pack 'STMicroelectronics.X-CUBE-AZRTOS-H7.3.3.0'
2025-10-21 20:47:03,716 [WARN] ThirdPartyIpManager:480 - Condition 'CM7 ARMC6 Condition' not fulfilled in pack 'STMicroelectronics.X-CUBE-AZRTOS-H7.3.3.0'
2025-10-21 20:47:03,716 [WARN] ThirdPartyIpManager:480 - Condition 'CM7 ARMC6 Condition' not fulfilled in pack 'STMicroelectronics.X-CUBE-AZRTOS-H7.3.3.0'
2025-10-21 20:47:03,716 [WARN] ThirdPartyIpManager:480 - Condition 'CM4 ARMC6 Condition' not fulfilled in pack 'STMicroelectronics.X-CUBE-AZRTOS-H7.3.3.0'
2025-10-21 20:47:03,717 [WARN] ThirdPartyIpManager:480 - Condition 'CM4 ARMC6 Condition' not fulfilled in pack 'STMicroelectronics.X-CUBE-AZRTOS-H7.3.3.0'
2025-10-21 20:47:03,717 [WARN] ThirdPartyIpManager:480 - Condition 'CM4 ARMC6 Condition' not fulfilled in pack 'STMicroelectronics.X-CUBE-AZRTOS-H7.3.3.0'
2025-10-21 20:47:03,717 [WARN] ThirdPartyIpManager:480 - Condition 'CM4 ARMC6 Condition' not fulfilled in pack 'STMicroelectronics.X-CUBE-AZRTOS-H7.3.3.0'
2025-10-21 20:47:03,717 [WARN] ThirdPartyIpManager:480 - Condition 'CM4 ARMC6 Condition' not fulfilled in pack 'STMicroelectronics.X-CUBE-AZRTOS-H7.3.3.0'
2025-10-21 20:47:03,717 [WARN] ThirdPartyIpManager:480 - Condition 'CM4 ARMC6 Condition' not fulfilled in pack 'STMicroelectronics.X-CUBE-AZRTOS-H7.3.3.0'
2025-10-21 20:47:03,717 [WARN] ThirdPartyIpManager:480 - Condition 'CM4 ARMC6 Condition' not fulfilled in pack 'STMicroelectronics.X-CUBE-AZRTOS-H7.3.3.0'
2025-10-21 20:47:03,717 [WARN] ThirdPartyIpManager:480 - Condition 'CM4 ARMC6 Condition' not fulfilled in pack 'STMicroelectronics.X-CUBE-AZRTOS-H7.3.3.0'
2025-10-21 20:47:03,717 [WARN] ThirdPartyIpManager:480 - Condition 'CM4 ARMC6 Condition' not fulfilled in pack 'STMicroelectronics.X-CUBE-AZRTOS-H7.3.3.0'
2025-10-21 20:47:03,717 [WARN] ThirdPartyIpManager:480 - Condition 'CM4 ARMC6 Condition' not fulfilled in pack 'STMicroelectronics.X-CUBE-AZRTOS-H7.3.3.0'
2025-10-21 20:47:03,718 [WARN] ThirdPartyIpManager:480 - Condition 'NX CORE Condition' not fulfilled in pack 'STMicroelectronics.X-CUBE-AZRTOS-H7.3.3.0'
2025-10-21 20:47:03,718 [WARN] ThirdPartyRefParameterProcessor:173 - Condition 'NX CORE Condition;(SIiCclassIiNetwork&SIiCgroupIiNetXDuo&SIiCsubIiNXOoCore)' has not the same result using Semaphore or Dynamic solver for pack 'STMicroelectronics.X-CUBE-AZRTOS-H7.3.3.0''
2025-10-21 20:47:03,719 [WARN] ThirdPartyIpManager:480 - Condition 'NX CORE Condition' not fulfilled in pack 'STMicroelectronics.X-CUBE-AZRTOS-H7.3.3.0'
2025-10-21 20:47:03,719 [WARN] ThirdPartyRefParameterProcessor:173 - Condition 'NX CORE Condition;(SIiCclassIiNetwork&SIiCgroupIiNetXDuo&SIiCsubIiNXOoCore)' has not the same result using Semaphore or Dynamic solver for pack 'STMicroelectronics.X-CUBE-AZRTOS-H7.3.3.0''
2025-10-21 20:47:03,719 [WARN] ThirdPartyIpManager:480 - Condition 'NX CORE Condition' not fulfilled in pack 'STMicroelectronics.X-CUBE-AZRTOS-H7.3.3.0'
2025-10-21 20:47:03,719 [WARN] ThirdPartyRefParameterProcessor:173 - Condition 'NX CORE Condition;(SIiCclassIiNetwork&SIiCgroupIiNetXDuo&SIiCsubIiNXOoCore)' has not the same result using Semaphore or Dynamic solver for pack 'STMicroelectronics.X-CUBE-AZRTOS-H7.3.3.0''
2025-10-21 20:47:03,719 [WARN] ThirdPartyIpManager:480 - Condition 'NX CORE Condition' not fulfilled in pack 'STMicroelectronics.X-CUBE-AZRTOS-H7.3.3.0'
2025-10-21 20:47:03,719 [WARN] ThirdPartyRefParameterProcessor:173 - Condition 'NX CORE Condition;(SIiCclassIiNetwork&SIiCgroupIiNetXDuo&SIiCsubIiNXOoCore)' has not the same result using Semaphore or Dynamic solver for pack 'STMicroelectronics.X-CUBE-AZRTOS-H7.3.3.0''
2025-10-21 20:47:03,719 [WARN] ThirdPartyIpManager:480 - Condition 'NX CORE Condition' not fulfilled in pack 'STMicroelectronics.X-CUBE-AZRTOS-H7.3.3.0'
2025-10-21 20:47:03,719 [WARN] ThirdPartyRefParameterProcessor:173 - Condition 'NX CORE Condition;(SIiCclassIiNetwork&SIiCgroupIiNetXDuo&SIiCsubIiNXOoCore)' has not the same result using Semaphore or Dynamic solver for pack 'STMicroelectronics.X-CUBE-AZRTOS-H7.3.3.0''
2025-10-21 20:47:03,719 [WARN] ThirdPartyIpManager:480 - Condition 'UX_CORESTACK_Condition' not fulfilled in pack 'STMicroelectronics.X-CUBE-AZRTOS-H7.3.3.0'
2025-10-21 20:47:03,719 [WARN] ThirdPartyRefParameterProcessor:173 - Condition 'UX_CORESTACK_Condition;(SIiCclassIiUSB&SIiCgroupIiUSBX&SIiCsubIiCoreSystem)' has not the same result using Semaphore or Dynamic solver for pack 'STMicroelectronics.X-CUBE-AZRTOS-H7.3.3.0''
2025-10-21 20:47:03,719 [WARN] ThirdPartyIpManager:480 - Condition 'UX_CORESTACK_Condition' not fulfilled in pack 'STMicroelectronics.X-CUBE-AZRTOS-H7.3.3.0'
2025-10-21 20:47:03,719 [WARN] ThirdPartyRefParameterProcessor:173 - Condition 'UX_CORESTACK_Condition;(SIiCclassIiUSB&SIiCgroupIiUSBX&SIiCsubIiCoreSystem)' has not the same result using Semaphore or Dynamic solver for pack 'STMicroelectronics.X-CUBE-AZRTOS-H7.3.3.0''
2025-10-21 20:47:03,719 [WARN] ThirdPartyIpManager:480 - Condition 'UX_CORESTACK_Condition' not fulfilled in pack 'STMicroelectronics.X-CUBE-AZRTOS-H7.3.3.0'
2025-10-21 20:47:03,719 [WARN] ThirdPartyRefParameterProcessor:173 - Condition 'UX_CORESTACK_Condition;(SIiCclassIiUSB&SIiCgroupIiUSBX&SIiCsubIiCoreSystem)' has not the same result using Semaphore or Dynamic solver for pack 'STMicroelectronics.X-CUBE-AZRTOS-H7.3.3.0''
2025-10-21 20:47:03,719 [WARN] ThirdPartyIpManager:480 - Condition 'UX_CORESTACK_Condition' not fulfilled in pack 'STMicroelectronics.X-CUBE-AZRTOS-H7.3.3.0'
2025-10-21 20:47:03,719 [WARN] ThirdPartyRefParameterProcessor:173 - Condition 'UX_CORESTACK_Condition;(SIiCclassIiUSB&SIiCgroupIiUSBX&SIiCsubIiCoreSystem)' has not the same result using Semaphore or Dynamic solver for pack 'STMicroelectronics.X-CUBE-AZRTOS-H7.3.3.0''
2025-10-21 20:47:03,719 [WARN] ThirdPartyIpManager:480 - Condition 'UX_CORESTACK_Condition' not fulfilled in pack 'STMicroelectronics.X-CUBE-AZRTOS-H7.3.3.0'
2025-10-21 20:47:03,719 [WARN] ThirdPartyRefParameterProcessor:173 - Condition 'UX_CORESTACK_Condition;(SIiCclassIiUSB&SIiCgroupIiUSBX&SIiCsubIiCoreSystem)' has not the same result using Semaphore or Dynamic solver for pack 'STMicroelectronics.X-CUBE-AZRTOS-H7.3.3.0''
2025-10-21 20:47:03,719 [WARN] ThirdPartyIpManager:480 - Condition 'FX Common Condition' not fulfilled in pack 'STMicroelectronics.X-CUBE-AZRTOS-H7.3.3.0'
2025-10-21 20:47:03,720 [WARN] ThirdPartyRefParameterProcessor:173 - Condition 'FX Common Condition;(SIiCclassIiFileOoSystem&SIiCgroupIiFileX&SIiCsubIiCore)' has not the same result using Semaphore or Dynamic solver for pack 'STMicroelectronics.X-CUBE-AZRTOS-H7.3.3.0''
2025-10-21 20:47:03,720 [WARN] ThirdPartyIpManager:480 - Condition 'FX Common Condition' not fulfilled in pack 'STMicroelectronics.X-CUBE-AZRTOS-H7.3.3.0'
2025-10-21 20:47:03,720 [WARN] ThirdPartyRefParameterProcessor:173 - Condition 'FX Common Condition;(SIiCclassIiFileOoSystem&SIiCgroupIiFileX&SIiCsubIiCore)' has not the same result using Semaphore or Dynamic solver for pack 'STMicroelectronics.X-CUBE-AZRTOS-H7.3.3.0''
2025-10-21 20:47:03,720 [WARN] ThirdPartyIpManager:480 - Condition 'FX Common Condition' not fulfilled in pack 'STMicroelectronics.X-CUBE-AZRTOS-H7.3.3.0'
2025-10-21 20:47:03,720 [WARN] ThirdPartyRefParameterProcessor:173 - Condition 'FX Common Condition;(SIiCclassIiFileOoSystem&SIiCgroupIiFileX&SIiCsubIiCore)' has not the same result using Semaphore or Dynamic solver for pack 'STMicroelectronics.X-CUBE-AZRTOS-H7.3.3.0''
2025-10-21 20:47:03,720 [WARN] ThirdPartyIpManager:480 - Condition 'FX Common Condition' not fulfilled in pack 'STMicroelectronics.X-CUBE-AZRTOS-H7.3.3.0'
2025-10-21 20:47:03,720 [WARN] ThirdPartyRefParameterProcessor:173 - Condition 'FX Common Condition;(SIiCclassIiFileOoSystem&SIiCgroupIiFileX&SIiCsubIiCore)' has not the same result using Semaphore or Dynamic solver for pack 'STMicroelectronics.X-CUBE-AZRTOS-H7.3.3.0''
2025-10-21 20:47:03,720 [WARN] ThirdPartyIpManager:480 - Condition 'FX Common Condition' not fulfilled in pack 'STMicroelectronics.X-CUBE-AZRTOS-H7.3.3.0'
2025-10-21 20:47:03,720 [WARN] ThirdPartyRefParameterProcessor:173 - Condition 'FX Common Condition;(SIiCclassIiFileOoSystem&SIiCgroupIiFileX&SIiCsubIiCore)' has not the same result using Semaphore or Dynamic solver for pack 'STMicroelectronics.X-CUBE-AZRTOS-H7.3.3.0''
2025-10-21 20:47:03,724 [INFO] CodeGenerator:892 - code generatio: config db path: C:\ST\STM32CubeIDE_1.19.0\STM32CubeIDE\plugins\com.st.stm32cube.common.mx_6.15.0.202507011659\\db\
2025-10-21 20:47:03,791 [WARN] IP:2250 - TX_NO_TIMER not found: check if there is a RefParameter without a condition.
2025-10-21 20:47:03,792 [WARN] IP:2250 - TX_LOW_POWER_TICKLESS not found: check if there is a RefParameter without a condition.
2025-10-21 20:47:03,792 [WARN] IP:2250 - TX_LOW_POWER_USER_ENTER not found: check if there is a RefParameter without a condition.
2025-10-21 20:47:03,792 [WARN] IP:2250 - TX_LOW_POWER_USER_EXIT not found: check if there is a RefParameter without a condition.
2025-10-21 20:47:03,792 [WARN] IP:2250 - TX_LOW_POWER_USER_TIMER_ADJUST not found: check if there is a RefParameter without a condition.
2025-10-21 20:47:03,792 [WARN] IP:2250 - TX_LOW_POWER_TIMER_SETUP not found: check if there is a RefParameter without a condition.
2025-10-21 20:47:03,792 [WARN] IP:2250 - TX_BASEPRI_VALUE not found: check if there is a RefParameter without a condition.
2025-10-21 20:47:03,792 [WARN] IP:2250 - TX_APP_CREATION not found: check if there is a RefParameter without a condition.
2025-10-21 20:47:03,792 [WARN] IP:2250 - TX_APP_THREAD_ENTRY not found: check if there is a RefParameter without a condition.
2025-10-21 20:47:03,792 [WARN] IP:2250 - TX_APP_THREAD_NAME not found: check if there is a RefParameter without a condition.
2025-10-21 20:47:03,792 [WARN] IP:2250 - TX_APP_THREAD_PRIO not found: check if there is a RefParameter without a condition.
2025-10-21 20:47:03,792 [WARN] IP:2250 - TX_APP_STACK_SIZE not found: check if there is a RefParameter without a condition.
2025-10-21 20:47:03,792 [WARN] IP:2250 - TX_APP_SEM_CREATION not found: check if there is a RefParameter without a condition.
2025-10-21 20:47:03,792 [WARN] IP:2250 - TX_SEMAPHORE_NAME not found: check if there is a RefParameter without a condition.
2025-10-21 20:47:03,792 [WARN] IP:2250 - TX_SEMAPHORE_COUNT not found: check if there is a RefParameter without a condition.
2025-10-21 20:47:03,792 [WARN] IP:2250 - TX_APP_MUTEX_CREATION not found: check if there is a RefParameter without a condition.
2025-10-21 20:47:03,793 [WARN] IP:2250 - TX_MUTEX_NAME not found: check if there is a RefParameter without a condition.
2025-10-21 20:47:03,793 [WARN] IP:2250 - TX_Mutex_INHERITANCE not found: check if there is a RefParameter without a condition.
2025-10-21 20:47:03,793 [WARN] IP:2250 - TX_APP_MSG_QUEUE_CREATION not found: check if there is a RefParameter without a condition.
2025-10-21 20:47:03,793 [WARN] IP:2250 - TX_MSG_QUEUE_NAME not found: check if there is a RefParameter without a condition.
2025-10-21 20:47:03,793 [WARN] IP:2250 - TX_MSG_SIZE_WORDS not found: check if there is a RefParameter without a condition.
2025-10-21 20:47:03,793 [WARN] IP:2250 - TX_NB_MSG not found: check if there is a RefParameter without a condition.
2025-10-21 20:47:04,044 [INFO] IP:3329 - RTE Config file name : RTE_Component
2025-10-21 20:47:04,044 [INFO] IP:3347 - RTE template : RTE_Components.ftl
2025-10-21 20:47:04,067 [INFO] CodeEngine:265 - oldGeneratedFile, C:\Users\oopav\PSR\Cvika\PSR_Ex\MXTmpFiles\license.tmp_save
2025-10-21 20:47:04,494 [INFO] CodeEngine:289 - Generated code: C:\Users\oopav\PSR\Cvika\PSR_Ex\MXTmpFiles\license.tmp
2025-10-21 20:47:04,670 [INFO] CodeEngine:265 - oldGeneratedFile, C:\Users\oopav\PSR\Cvika\PSR_Ex\MXTmpFiles\gpio.tmp_save
2025-10-21 20:47:04,862 [INFO] CodeEngine:289 - Generated code: C:\Users\oopav\PSR\Cvika\PSR_Ex\MXTmpFiles\gpio.tmp
2025-10-21 20:47:04,959 [WARN] IPConfigManager:103 - WARNING: Missing Config File for MEMORYMAP ip!!
2025-10-21 20:47:05,613 [INFO] Middleware:1452 - No code input for Bsp Dependency
2025-10-21 20:47:05,655 [INFO] Middleware:1452 - No code input for Bsp Dependency
2025-10-21 20:47:05,672 [INFO] CodeEngine:265 - oldGeneratedFile, C:\Users\oopav\PSR\Cvika\PSR_Ex\Core\Inc\tx_user.h_save
2025-10-21 20:47:05,817 [INFO] CodeEngine:289 - Generated code: C:\Users\oopav\PSR\Cvika\PSR_Ex\Core\Inc\tx_user.h
2025-10-21 20:47:05,830 [INFO] CodeEngine:265 - oldGeneratedFile, C:\Users\oopav\PSR\Cvika\PSR_Ex\Core\Src\tx_initialize_low_level.S_save
2025-10-21 20:47:05,963 [INFO] CodeEngine:289 - Generated code: C:\Users\oopav\PSR\Cvika\PSR_Ex\Core\Src\tx_initialize_low_level.S
2025-10-21 20:47:05,977 [INFO] CodeEngine:265 - oldGeneratedFile, C:\Users\oopav\PSR\Cvika\PSR_Ex\AZURE_RTOS\App\app_azure_rtos_config.h_save
2025-10-21 20:47:06,064 [INFO] CodeEngine:289 - Generated code: C:\Users\oopav\PSR\Cvika\PSR_Ex\AZURE_RTOS\App\app_azure_rtos_config.h
2025-10-21 20:47:06,078 [INFO] CodeEngine:265 - oldGeneratedFile, C:\Users\oopav\PSR\Cvika\PSR_Ex\Core\Src\app_threadx.c_save
2025-10-21 20:47:06,194 [INFO] CodeEngine:289 - Generated code: C:\Users\oopav\PSR\Cvika\PSR_Ex\Core\Src\app_threadx.c
2025-10-21 20:47:06,206 [INFO] CodeEngine:265 - oldGeneratedFile, C:\Users\oopav\PSR\Cvika\PSR_Ex\Core\Inc\app_threadx.h_save
2025-10-21 20:47:06,308 [INFO] CodeEngine:289 - Generated code: C:\Users\oopav\PSR\Cvika\PSR_Ex\Core\Inc\app_threadx.h
2025-10-21 20:47:06,319 [INFO] CodeEngine:265 - oldGeneratedFile, C:\Users\oopav\PSR\Cvika\PSR_Ex\AZURE_RTOS\App\app_azure_rtos.c_save
2025-10-21 20:47:06,431 [INFO] CodeEngine:289 - Generated code: C:\Users\oopav\PSR\Cvika\PSR_Ex\AZURE_RTOS\App\app_azure_rtos.c
2025-10-21 20:47:06,443 [INFO] CodeEngine:265 - oldGeneratedFile, C:\Users\oopav\PSR\Cvika\PSR_Ex\AZURE_RTOS\App\app_azure_rtos.h_save
2025-10-21 20:47:06,530 [INFO] CodeEngine:289 - Generated code: C:\Users\oopav\PSR\Cvika\PSR_Ex\AZURE_RTOS\App\app_azure_rtos.h
2025-10-21 20:47:06,549 [INFO] CodeEngine:265 - oldGeneratedFile, C:\Users\oopav\PSR\Cvika\PSR_Ex\MXTmpFiles\cortex.tmp_save
2025-10-21 20:47:06,631 [INFO] CodeEngine:289 - Generated code: C:\Users\oopav\PSR\Cvika\PSR_Ex\MXTmpFiles\cortex.tmp
2025-10-21 20:47:06,669 [INFO] CodeEngine:265 - oldGeneratedFile, C:\Users\oopav\PSR\Cvika\PSR_Ex\Core\Inc\stm32h7xx_nucleo_conf.h_save
2025-10-21 20:47:06,735 [INFO] CodeEngine:289 - Generated code: C:\Users\oopav\PSR\Cvika\PSR_Ex\Core\Inc\stm32h7xx_nucleo_conf.h
2025-10-21 20:47:06,745 [INFO] CodeEngine:265 - oldGeneratedFile, C:\Users\oopav\PSR\Cvika\PSR_Ex\MXTmpFiles\bsp_inc.tmp_save
2025-10-21 20:47:06,808 [INFO] CodeEngine:289 - Generated code: C:\Users\oopav\PSR\Cvika\PSR_Ex\MXTmpFiles\bsp_inc.tmp
2025-10-21 20:47:06,813 [INFO] CodeEngine:265 - oldGeneratedFile, C:\Users\oopav\PSR\Cvika\PSR_Ex\MXTmpFiles\bsp_common_vars.tmp_save
2025-10-21 20:47:06,869 [INFO] CodeEngine:289 - Generated code: C:\Users\oopav\PSR\Cvika\PSR_Ex\MXTmpFiles\bsp_common_vars.tmp
2025-10-21 20:47:06,880 [INFO] CodeEngine:265 - oldGeneratedFile, C:\Users\oopav\PSR\Cvika\PSR_Ex\MXTmpFiles\bsp_common_init.tmp_save
2025-10-21 20:47:06,938 [INFO] CodeEngine:289 - Generated code: C:\Users\oopav\PSR\Cvika\PSR_Ex\MXTmpFiles\bsp_common_init.tmp
2025-10-21 20:47:06,945 [INFO] CodeEngine:265 - oldGeneratedFile, C:\Users\oopav\PSR\Cvika\PSR_Ex\MXTmpFiles\bsp_common_demo_before_while.tmp_save
2025-10-21 20:47:07,000 [INFO] CodeEngine:289 - Generated code: C:\Users\oopav\PSR\Cvika\PSR_Ex\MXTmpFiles\bsp_common_demo_before_while.tmp
2025-10-21 20:47:07,007 [INFO] CodeEngine:265 - oldGeneratedFile, C:\Users\oopav\PSR\Cvika\PSR_Ex\MXTmpFiles\bsp_common_demo_inside_while.tmp_save
2025-10-21 20:47:07,051 [INFO] CodeEngine:289 - Generated code: C:\Users\oopav\PSR\Cvika\PSR_Ex\MXTmpFiles\bsp_common_demo_inside_while.tmp
2025-10-21 20:47:07,056 [INFO] CodeEngine:265 - oldGeneratedFile, C:\Users\oopav\PSR\Cvika\PSR_Ex\MXTmpFiles\bsp_common_demo_fct.tmp_save
2025-10-21 20:47:07,099 [INFO] CodeEngine:289 - Generated code: C:\Users\oopav\PSR\Cvika\PSR_Ex\MXTmpFiles\bsp_common_demo_fct.tmp
2025-10-21 20:47:07,124 [INFO] CodeEngine:265 - oldGeneratedFile, C:\Users\oopav\PSR\Cvika\PSR_Ex\Core\Src\stm32h7xx_it.c_save
2025-10-21 20:47:07,235 [INFO] CodeEngine:289 - Generated code: C:\Users\oopav\PSR\Cvika\PSR_Ex\Core\Src\stm32h7xx_it.c
2025-10-21 20:47:07,249 [INFO] CodeEngine:265 - oldGeneratedFile, C:\Users\oopav\PSR\Cvika\PSR_Ex\Core\Inc\stm32h7xx_it.h_save
2025-10-21 20:47:07,300 [INFO] CodeEngine:289 - Generated code: C:\Users\oopav\PSR\Cvika\PSR_Ex\Core\Inc\stm32h7xx_it.h
2025-10-21 20:47:07,303 [INFO] IP:3329 - RTE Config file name : RTE_Component
2025-10-21 20:47:07,303 [INFO] IP:3347 - RTE template : RTE_Components.ftl
2025-10-21 20:47:07,303 [INFO] CodeGenerator:2312 - Add RTE Code Input 
2025-10-21 20:47:07,314 [INFO] CodeEngine:265 - oldGeneratedFile, C:\Users\oopav\PSR\Cvika\PSR_Ex\Core\Inc\RTE_Components.h_save
2025-10-21 20:47:07,373 [INFO] CodeEngine:289 - Generated code: C:\Users\oopav\PSR\Cvika\PSR_Ex\Core\Inc\RTE_Components.h
2025-10-21 20:47:07,522 [INFO] CodeEngine:265 - oldGeneratedFile, C:\Users\oopav\PSR\Cvika\PSR_Ex\Core\Src\stm32h7xx_hal_msp.c_save
2025-10-21 20:47:07,678 [INFO] CodeEngine:289 - Generated code: C:\Users\oopav\PSR\Cvika\PSR_Ex\Core\Src\stm32h7xx_hal_msp.c
2025-10-21 20:47:07,682 [INFO] CodeEngine:265 - oldGeneratedFile, C:\Users\oopav\PSR\Cvika\PSR_Ex\MXTmpFiles\system.tmp_save
2025-10-21 20:47:07,737 [INFO] CodeEngine:289 - Generated code: C:\Users\oopav\PSR\Cvika\PSR_Ex\MXTmpFiles\system.tmp
2025-10-21 20:47:07,744 [INFO] CodeEngine:265 - oldGeneratedFile, C:\Users\oopav\PSR\Cvika\PSR_Ex\Core\Src\stm32h7xx_hal_timebase_tim.c_save
2025-10-21 20:47:07,800 [INFO] CodeEngine:289 - Generated code: C:\Users\oopav\PSR\Cvika\PSR_Ex\Core\Src\stm32h7xx_hal_timebase_tim.c
2025-10-21 20:47:07,815 [INFO] CodeEngine:321 - oldGeneratedFile, C:\Users\oopav\PSR\Cvika\PSR_Ex\Core\Inc\stm32h7xx_hal_conf.h_save
2025-10-21 20:47:07,878 [INFO] CodeEngine:345 - Generated code: C:\Users\oopav\PSR\Cvika\PSR_Ex\Core\Inc\stm32h7xx_hal_conf.h
2025-10-21 20:47:07,966 [INFO] ApiDbMcu:532 - Load IP Config File for TIM1
2025-10-21 20:47:07,985 [INFO] ApiDbMcu:532 - Load IP Config File for TIM2
2025-10-21 20:47:07,999 [INFO] ApiDbMcu:532 - Load IP Config File for TIM3
2025-10-21 20:47:08,004 [INFO] ApiDbMcu:532 - Load IP Config File for RCC
2025-10-21 20:47:08,011 [WARN] IPConfigManager:3811 - IP not found : TIM
2025-10-21 20:47:08,013 [WARN] CodeGenerator:4259 - IP not found : null
2025-10-21 20:47:08,030 [INFO] CodeEngine:265 - oldGeneratedFile, C:\Users\oopav\PSR\Cvika\PSR_Ex\Core\Inc\main.h_save
2025-10-21 20:47:08,128 [INFO] CodeEngine:289 - Generated code: C:\Users\oopav\PSR\Cvika\PSR_Ex\Core\Inc\main.h
2025-10-21 20:47:08,135 [INFO] CodeEngine:265 - oldGeneratedFile, C:\Users\oopav\PSR\Cvika\PSR_Ex\Core\Src\main.c_save
2025-10-21 20:47:08,333 [INFO] CodeEngine:289 - Generated code: C:\Users\oopav\PSR\Cvika\PSR_Ex\Core\Src\main.c
2025-10-21 20:47:08,794 [INFO] ProjectBuilder:3606 - Time for Copy HAL[1] : 248mS.
2025-10-21 20:47:08,794 [ERROR] Middleware:2950 - Invalid RefComponent list
2025-10-21 20:47:08,794 [ERROR] Middleware:2950 - Invalid RefComponent list
2025-10-21 20:47:08,794 [ERROR] Middleware:2950 - Invalid RefComponent list
2025-10-21 20:47:08,794 [ERROR] Middleware:2950 - Invalid RefComponent list
2025-10-21 20:47:08,794 [ERROR] Middleware:2950 - Invalid RefComponent list
2025-10-21 20:47:08,794 [ERROR] Middleware:2950 - Invalid RefComponent list
2025-10-21 20:47:08,794 [ERROR] Middleware:2950 - Invalid RefComponent list
2025-10-21 20:47:08,794 [ERROR] Middleware:2950 - Invalid RefComponent list
2025-10-21 20:47:08,794 [ERROR] Middleware:2950 - Invalid RefComponent list
2025-10-21 20:47:08,794 [ERROR] Middleware:2950 - Invalid RefComponent list
2025-10-21 20:47:08,794 [ERROR] Middleware:2950 - Invalid RefComponent list
2025-10-21 20:47:08,794 [ERROR] Middleware:2950 - Invalid RefComponent list
2025-10-21 20:47:08,794 [ERROR] Middleware:2950 - Invalid RefComponent list
2025-10-21 20:47:08,795 [ERROR] Middleware:2950 - Invalid RefComponent list
2025-10-21 20:47:08,795 [ERROR] Middleware:2950 - Invalid RefComponent list
2025-10-21 20:47:08,795 [ERROR] Middleware:2950 - Invalid RefComponent list
2025-10-21 20:47:08,795 [ERROR] Middleware:2950 - Invalid RefComponent list
2025-10-21 20:47:08,795 [ERROR] Middleware:2950 - Invalid RefComponent list
2025-10-21 20:47:08,795 [ERROR] Middleware:2950 - Invalid RefComponent list
2025-10-21 20:47:08,795 [ERROR] Middleware:2950 - Invalid RefComponent list
2025-10-21 20:47:08,795 [ERROR] Middleware:2950 - Invalid RefComponent list
2025-10-21 20:47:08,795 [ERROR] Middleware:2950 - Invalid RefComponent list
2025-10-21 20:47:08,795 [ERROR] Middleware:2950 - Invalid RefComponent list
2025-10-21 20:47:08,795 [ERROR] Middleware:2950 - Invalid RefComponent list
2025-10-21 20:47:08,795 [ERROR] Middleware:2950 - Invalid RefComponent list
2025-10-21 20:47:08,795 [ERROR] Middleware:2950 - Invalid RefComponent list
2025-10-21 20:47:08,795 [ERROR] Middleware:2950 - Invalid RefComponent list
2025-10-21 20:47:08,795 [ERROR] Middleware:2950 - Invalid RefComponent list
2025-10-21 20:47:08,795 [ERROR] Middleware:2950 - Invalid RefComponent list
2025-10-21 20:47:08,795 [ERROR] Middleware:2950 - Invalid RefComponent list
2025-10-21 20:47:08,795 [ERROR] Middleware:2950 - Invalid RefComponent list
2025-10-21 20:47:08,795 [ERROR] Middleware:2950 - Invalid RefComponent list
2025-10-21 20:47:08,795 [ERROR] Middleware:2950 - Invalid RefComponent list
2025-10-21 20:47:08,795 [ERROR] Middleware:2950 - Invalid RefComponent list
2025-10-21 20:47:08,795 [ERROR] Middleware:2950 - Invalid RefComponent list
2025-10-21 20:47:08,795 [ERROR] Middleware:2950 - Invalid RefComponent list
2025-10-21 20:47:08,795 [ERROR] Middleware:2950 - Invalid RefComponent list
2025-10-21 20:47:08,795 [ERROR] Middleware:2950 - Invalid RefComponent list
2025-10-21 20:47:08,796 [ERROR] Middleware:2950 - Invalid RefComponent list
2025-10-21 20:47:08,796 [ERROR] Middleware:2950 - Invalid RefComponent list
2025-10-21 20:47:08,796 [ERROR] Middleware:2950 - Invalid RefComponent list
2025-10-21 20:47:08,796 [ERROR] Middleware:2950 - Invalid RefComponent list
2025-10-21 20:47:08,796 [ERROR] Middleware:2950 - Invalid RefComponent list
2025-10-21 20:47:08,796 [ERROR] Middleware:2950 - Invalid RefComponent list
2025-10-21 20:47:08,796 [ERROR] Middleware:2950 - Invalid RefComponent list
2025-10-21 20:47:08,796 [ERROR] Middleware:2950 - Invalid RefComponent list
2025-10-21 20:47:08,796 [ERROR] Middleware:2950 - Invalid RefComponent list
2025-10-21 20:47:08,796 [ERROR] Middleware:2950 - Invalid RefComponent list
2025-10-21 20:47:08,797 [ERROR] Middleware:2950 - Invalid RefComponent list
2025-10-21 20:47:08,797 [ERROR] Middleware:2950 - Invalid RefComponent list
2025-10-21 20:47:08,797 [ERROR] Middleware:2950 - Invalid RefComponent list
2025-10-21 20:47:08,797 [ERROR] Middleware:2950 - Invalid RefComponent list
2025-10-21 20:47:08,797 [ERROR] Middleware:2950 - Invalid RefComponent list
2025-10-21 20:47:08,797 [ERROR] Middleware:2950 - Invalid RefComponent list
2025-10-21 20:47:08,797 [ERROR] Middleware:2950 - Invalid RefComponent list
2025-10-21 20:47:08,797 [ERROR] Middleware:2950 - Invalid RefComponent list
2025-10-21 20:47:08,797 [ERROR] Middleware:2950 - Invalid RefComponent list
2025-10-21 20:47:08,797 [ERROR] Middleware:2950 - Invalid RefComponent list
2025-10-21 20:47:08,797 [ERROR] Middleware:2950 - Invalid RefComponent list
2025-10-21 20:47:08,797 [ERROR] Middleware:2950 - Invalid RefComponent list
2025-10-21 20:47:08,797 [ERROR] Middleware:2950 - Invalid RefComponent list
2025-10-21 20:47:08,797 [ERROR] Middleware:2950 - Invalid RefComponent list
2025-10-21 20:47:08,797 [ERROR] Middleware:2950 - Invalid RefComponent list
2025-10-21 20:47:08,797 [ERROR] Middleware:2950 - Invalid RefComponent list
2025-10-21 20:47:08,797 [ERROR] Middleware:2950 - Invalid RefComponent list
2025-10-21 20:47:08,797 [ERROR] Middleware:2950 - Invalid RefComponent list
2025-10-21 20:47:08,797 [ERROR] Middleware:2950 - Invalid RefComponent list
2025-10-21 20:47:08,797 [ERROR] Middleware:2950 - Invalid RefComponent list
2025-10-21 20:47:08,797 [ERROR] Middleware:2950 - Invalid RefComponent list
2025-10-21 20:47:08,797 [ERROR] Middleware:2950 - Invalid RefComponent list
2025-10-21 20:47:08,797 [ERROR] Middleware:2950 - Invalid RefComponent list
2025-10-21 20:47:08,797 [ERROR] Middleware:2950 - Invalid RefComponent list
2025-10-21 20:47:08,797 [ERROR] Middleware:2950 - Invalid RefComponent list
2025-10-21 20:47:08,797 [ERROR] Middleware:2950 - Invalid RefComponent list
2025-10-21 20:47:08,797 [ERROR] Middleware:2950 - Invalid RefComponent list
2025-10-21 20:47:08,797 [ERROR] Middleware:2950 - Invalid RefComponent list
2025-10-21 20:47:08,797 [ERROR] Middleware:2950 - Invalid RefComponent list
2025-10-21 20:47:08,797 [ERROR] Middleware:2950 - Invalid RefComponent list
2025-10-21 20:47:08,797 [ERROR] Middleware:2950 - Invalid RefComponent list
2025-10-21 20:47:08,797 [ERROR] Middleware:2950 - Invalid RefComponent list
2025-10-21 20:47:08,799 [WARN] ThirdPartyIpManager:480 - Condition 'CM7 IAR Condition' not fulfilled in pack 'STMicroelectronics.X-CUBE-AZRTOS-H7.3.3.0'
2025-10-21 20:47:08,799 [WARN] ThirdPartyIpManager:480 - Condition 'CM7 IAR Condition' not fulfilled in pack 'STMicroelectronics.X-CUBE-AZRTOS-H7.3.3.0'
2025-10-21 20:47:08,799 [WARN] ThirdPartyIpManager:480 - Condition 'CM7 IAR Condition' not fulfilled in pack 'STMicroelectronics.X-CUBE-AZRTOS-H7.3.3.0'
2025-10-21 20:47:08,799 [WARN] ThirdPartyIpManager:480 - Condition 'CM7 IAR Condition' not fulfilled in pack 'STMicroelectronics.X-CUBE-AZRTOS-H7.3.3.0'
2025-10-21 20:47:08,799 [WARN] ThirdPartyIpManager:480 - Condition 'CM7 IAR Condition' not fulfilled in pack 'STMicroelectronics.X-CUBE-AZRTOS-H7.3.3.0'
2025-10-21 20:47:08,799 [WARN] ThirdPartyIpManager:480 - Condition 'CM7 IAR Condition' not fulfilled in pack 'STMicroelectronics.X-CUBE-AZRTOS-H7.3.3.0'
2025-10-21 20:47:08,799 [WARN] ThirdPartyIpManager:480 - Condition 'CM7 IAR Condition' not fulfilled in pack 'STMicroelectronics.X-CUBE-AZRTOS-H7.3.3.0'
2025-10-21 20:47:08,799 [WARN] ThirdPartyIpManager:480 - Condition 'CM7 IAR Condition' not fulfilled in pack 'STMicroelectronics.X-CUBE-AZRTOS-H7.3.3.0'
2025-10-21 20:47:08,799 [WARN] ThirdPartyIpManager:480 - Condition 'CM7 IAR Condition' not fulfilled in pack 'STMicroelectronics.X-CUBE-AZRTOS-H7.3.3.0'
2025-10-21 20:47:08,799 [WARN] ThirdPartyIpManager:480 - Condition 'CM7 IAR Condition' not fulfilled in pack 'STMicroelectronics.X-CUBE-AZRTOS-H7.3.3.0'
2025-10-21 20:47:08,799 [WARN] ThirdPartyIpManager:480 - Condition 'CM7 IAR Condition' not fulfilled in pack 'STMicroelectronics.X-CUBE-AZRTOS-H7.3.3.0'
2025-10-21 20:47:08,799 [WARN] ThirdPartyIpManager:480 - Condition 'CM4 IAR Condition' not fulfilled in pack 'STMicroelectronics.X-CUBE-AZRTOS-H7.3.3.0'
2025-10-21 20:47:08,799 [WARN] ThirdPartyIpManager:480 - Condition 'CM4 IAR Condition' not fulfilled in pack 'STMicroelectronics.X-CUBE-AZRTOS-H7.3.3.0'
2025-10-21 20:47:08,799 [WARN] ThirdPartyIpManager:480 - Condition 'CM4 IAR Condition' not fulfilled in pack 'STMicroelectronics.X-CUBE-AZRTOS-H7.3.3.0'
2025-10-21 20:47:08,799 [WARN] ThirdPartyIpManager:480 - Condition 'CM4 IAR Condition' not fulfilled in pack 'STMicroelectronics.X-CUBE-AZRTOS-H7.3.3.0'
2025-10-21 20:47:08,799 [WARN] ThirdPartyIpManager:480 - Condition 'CM4 IAR Condition' not fulfilled in pack 'STMicroelectronics.X-CUBE-AZRTOS-H7.3.3.0'
2025-10-21 20:47:08,799 [WARN] ThirdPartyIpManager:480 - Condition 'CM4 IAR Condition' not fulfilled in pack 'STMicroelectronics.X-CUBE-AZRTOS-H7.3.3.0'
2025-10-21 20:47:08,800 [WARN] ThirdPartyIpManager:480 - Condition 'CM4 IAR Condition' not fulfilled in pack 'STMicroelectronics.X-CUBE-AZRTOS-H7.3.3.0'
2025-10-21 20:47:08,800 [WARN] ThirdPartyIpManager:480 - Condition 'CM4 IAR Condition' not fulfilled in pack 'STMicroelectronics.X-CUBE-AZRTOS-H7.3.3.0'
2025-10-21 20:47:08,800 [WARN] ThirdPartyIpManager:480 - Condition 'CM4 IAR Condition' not fulfilled in pack 'STMicroelectronics.X-CUBE-AZRTOS-H7.3.3.0'
2025-10-21 20:47:08,800 [WARN] ThirdPartyIpManager:480 - Condition 'CM4 IAR Condition' not fulfilled in pack 'STMicroelectronics.X-CUBE-AZRTOS-H7.3.3.0'
2025-10-21 20:47:08,800 [WARN] ThirdPartyIpManager:480 - Condition 'CM4 IAR Condition' not fulfilled in pack 'STMicroelectronics.X-CUBE-AZRTOS-H7.3.3.0'
2025-10-21 20:47:08,800 [WARN] ThirdPartyIpManager:480 - Condition 'CM4 GNU Condition' not fulfilled in pack 'STMicroelectronics.X-CUBE-AZRTOS-H7.3.3.0'
2025-10-21 20:47:08,801 [WARN] ThirdPartyIpManager:480 - Condition 'CM4 GNU Condition' not fulfilled in pack 'STMicroelectronics.X-CUBE-AZRTOS-H7.3.3.0'
2025-10-21 20:47:08,801 [WARN] ThirdPartyIpManager:480 - Condition 'CM4 GNU Condition' not fulfilled in pack 'STMicroelectronics.X-CUBE-AZRTOS-H7.3.3.0'
2025-10-21 20:47:08,801 [WARN] ThirdPartyIpManager:480 - Condition 'CM4 GNU Condition' not fulfilled in pack 'STMicroelectronics.X-CUBE-AZRTOS-H7.3.3.0'
2025-10-21 20:47:08,801 [WARN] ThirdPartyIpManager:480 - Condition 'CM4 GNU Condition' not fulfilled in pack 'STMicroelectronics.X-CUBE-AZRTOS-H7.3.3.0'
2025-10-21 20:47:08,801 [WARN] ThirdPartyIpManager:480 - Condition 'CM4 GNU Condition' not fulfilled in pack 'STMicroelectronics.X-CUBE-AZRTOS-H7.3.3.0'
2025-10-21 20:47:08,801 [WARN] ThirdPartyIpManager:480 - Condition 'CM4 GNU Condition' not fulfilled in pack 'STMicroelectronics.X-CUBE-AZRTOS-H7.3.3.0'
2025-10-21 20:47:08,801 [WARN] ThirdPartyIpManager:480 - Condition 'CM4 GNU Condition' not fulfilled in pack 'STMicroelectronics.X-CUBE-AZRTOS-H7.3.3.0'
2025-10-21 20:47:08,801 [WARN] ThirdPartyIpManager:480 - Condition 'CM4 GNU Condition' not fulfilled in pack 'STMicroelectronics.X-CUBE-AZRTOS-H7.3.3.0'
2025-10-21 20:47:08,801 [WARN] ThirdPartyIpManager:480 - Condition 'CM4 GNU Condition' not fulfilled in pack 'STMicroelectronics.X-CUBE-AZRTOS-H7.3.3.0'
2025-10-21 20:47:08,801 [WARN] ThirdPartyIpManager:480 - Condition 'CM7 ARMC6 Condition' not fulfilled in pack 'STMicroelectronics.X-CUBE-AZRTOS-H7.3.3.0'
2025-10-21 20:47:08,801 [WARN] ThirdPartyIpManager:480 - Condition 'CM7 ARMC6 Condition' not fulfilled in pack 'STMicroelectronics.X-CUBE-AZRTOS-H7.3.3.0'
2025-10-21 20:47:08,801 [WARN] ThirdPartyIpManager:480 - Condition 'CM7 ARMC6 Condition' not fulfilled in pack 'STMicroelectronics.X-CUBE-AZRTOS-H7.3.3.0'
2025-10-21 20:47:08,801 [WARN] ThirdPartyIpManager:480 - Condition 'CM7 ARMC6 Condition' not fulfilled in pack 'STMicroelectronics.X-CUBE-AZRTOS-H7.3.3.0'
2025-10-21 20:47:08,801 [WARN] ThirdPartyIpManager:480 - Condition 'CM7 ARMC6 Condition' not fulfilled in pack 'STMicroelectronics.X-CUBE-AZRTOS-H7.3.3.0'
2025-10-21 20:47:08,801 [WARN] ThirdPartyIpManager:480 - Condition 'CM7 ARMC6 Condition' not fulfilled in pack 'STMicroelectronics.X-CUBE-AZRTOS-H7.3.3.0'
2025-10-21 20:47:08,801 [WARN] ThirdPartyIpManager:480 - Condition 'CM7 ARMC6 Condition' not fulfilled in pack 'STMicroelectronics.X-CUBE-AZRTOS-H7.3.3.0'
2025-10-21 20:47:08,802 [WARN] ThirdPartyIpManager:480 - Condition 'CM7 ARMC6 Condition' not fulfilled in pack 'STMicroelectronics.X-CUBE-AZRTOS-H7.3.3.0'
2025-10-21 20:47:08,802 [WARN] ThirdPartyIpManager:480 - Condition 'CM7 ARMC6 Condition' not fulfilled in pack 'STMicroelectronics.X-CUBE-AZRTOS-H7.3.3.0'
2025-10-21 20:47:08,802 [WARN] ThirdPartyIpManager:480 - Condition 'CM7 ARMC6 Condition' not fulfilled in pack 'STMicroelectronics.X-CUBE-AZRTOS-H7.3.3.0'
2025-10-21 20:47:08,802 [WARN] ThirdPartyIpManager:480 - Condition 'CM4 ARMC6 Condition' not fulfilled in pack 'STMicroelectronics.X-CUBE-AZRTOS-H7.3.3.0'
2025-10-21 20:47:08,802 [WARN] ThirdPartyIpManager:480 - Condition 'CM4 ARMC6 Condition' not fulfilled in pack 'STMicroelectronics.X-CUBE-AZRTOS-H7.3.3.0'
2025-10-21 20:47:08,802 [WARN] ThirdPartyIpManager:480 - Condition 'CM4 ARMC6 Condition' not fulfilled in pack 'STMicroelectronics.X-CUBE-AZRTOS-H7.3.3.0'
2025-10-21 20:47:08,802 [WARN] ThirdPartyIpManager:480 - Condition 'CM4 ARMC6 Condition' not fulfilled in pack 'STMicroelectronics.X-CUBE-AZRTOS-H7.3.3.0'
2025-10-21 20:47:08,802 [WARN] ThirdPartyIpManager:480 - Condition 'CM4 ARMC6 Condition' not fulfilled in pack 'STMicroelectronics.X-CUBE-AZRTOS-H7.3.3.0'
2025-10-21 20:47:08,802 [WARN] ThirdPartyIpManager:480 - Condition 'CM4 ARMC6 Condition' not fulfilled in pack 'STMicroelectronics.X-CUBE-AZRTOS-H7.3.3.0'
2025-10-21 20:47:08,802 [WARN] ThirdPartyIpManager:480 - Condition 'CM4 ARMC6 Condition' not fulfilled in pack 'STMicroelectronics.X-CUBE-AZRTOS-H7.3.3.0'
2025-10-21 20:47:08,802 [WARN] ThirdPartyIpManager:480 - Condition 'CM4 ARMC6 Condition' not fulfilled in pack 'STMicroelectronics.X-CUBE-AZRTOS-H7.3.3.0'
2025-10-21 20:47:08,802 [WARN] ThirdPartyIpManager:480 - Condition 'CM4 ARMC6 Condition' not fulfilled in pack 'STMicroelectronics.X-CUBE-AZRTOS-H7.3.3.0'
2025-10-21 20:47:08,802 [WARN] ThirdPartyIpManager:480 - Condition 'CM4 ARMC6 Condition' not fulfilled in pack 'STMicroelectronics.X-CUBE-AZRTOS-H7.3.3.0'
2025-10-21 20:47:08,803 [WARN] ThirdPartyIpManager:480 - Condition 'NX CORE Condition' not fulfilled in pack 'STMicroelectronics.X-CUBE-AZRTOS-H7.3.3.0'
2025-10-21 20:47:08,803 [WARN] ThirdPartyRefParameterProcessor:173 - Condition 'NX CORE Condition;(SIiCclassIiNetwork&SIiCgroupIiNetXDuo&SIiCsubIiNXOoCore)' has not the same result using Semaphore or Dynamic solver for pack 'STMicroelectronics.X-CUBE-AZRTOS-H7.3.3.0''
2025-10-21 20:47:08,803 [WARN] ThirdPartyIpManager:480 - Condition 'NX CORE Condition' not fulfilled in pack 'STMicroelectronics.X-CUBE-AZRTOS-H7.3.3.0'
2025-10-21 20:47:08,803 [WARN] ThirdPartyRefParameterProcessor:173 - Condition 'NX CORE Condition;(SIiCclassIiNetwork&SIiCgroupIiNetXDuo&SIiCsubIiNXOoCore)' has not the same result using Semaphore or Dynamic solver for pack 'STMicroelectronics.X-CUBE-AZRTOS-H7.3.3.0''
2025-10-21 20:47:08,803 [WARN] ThirdPartyIpManager:480 - Condition 'NX CORE Condition' not fulfilled in pack 'STMicroelectronics.X-CUBE-AZRTOS-H7.3.3.0'
2025-10-21 20:47:08,803 [WARN] ThirdPartyRefParameterProcessor:173 - Condition 'NX CORE Condition;(SIiCclassIiNetwork&SIiCgroupIiNetXDuo&SIiCsubIiNXOoCore)' has not the same result using Semaphore or Dynamic solver for pack 'STMicroelectronics.X-CUBE-AZRTOS-H7.3.3.0''
2025-10-21 20:47:08,803 [WARN] ThirdPartyIpManager:480 - Condition 'NX CORE Condition' not fulfilled in pack 'STMicroelectronics.X-CUBE-AZRTOS-H7.3.3.0'
2025-10-21 20:47:08,803 [WARN] ThirdPartyRefParameterProcessor:173 - Condition 'NX CORE Condition;(SIiCclassIiNetwork&SIiCgroupIiNetXDuo&SIiCsubIiNXOoCore)' has not the same result using Semaphore or Dynamic solver for pack 'STMicroelectronics.X-CUBE-AZRTOS-H7.3.3.0''
2025-10-21 20:47:08,803 [WARN] ThirdPartyIpManager:480 - Condition 'NX CORE Condition' not fulfilled in pack 'STMicroelectronics.X-CUBE-AZRTOS-H7.3.3.0'
2025-10-21 20:47:08,803 [WARN] ThirdPartyRefParameterProcessor:173 - Condition 'NX CORE Condition;(SIiCclassIiNetwork&SIiCgroupIiNetXDuo&SIiCsubIiNXOoCore)' has not the same result using Semaphore or Dynamic solver for pack 'STMicroelectronics.X-CUBE-AZRTOS-H7.3.3.0''
2025-10-21 20:47:08,803 [WARN] ThirdPartyIpManager:480 - Condition 'UX_CORESTACK_Condition' not fulfilled in pack 'STMicroelectronics.X-CUBE-AZRTOS-H7.3.3.0'
2025-10-21 20:47:08,803 [WARN] ThirdPartyRefParameterProcessor:173 - Condition 'UX_CORESTACK_Condition;(SIiCclassIiUSB&SIiCgroupIiUSBX&SIiCsubIiCoreSystem)' has not the same result using Semaphore or Dynamic solver for pack 'STMicroelectronics.X-CUBE-AZRTOS-H7.3.3.0''
2025-10-21 20:47:08,803 [WARN] ThirdPartyIpManager:480 - Condition 'UX_CORESTACK_Condition' not fulfilled in pack 'STMicroelectronics.X-CUBE-AZRTOS-H7.3.3.0'
2025-10-21 20:47:08,803 [WARN] ThirdPartyRefParameterProcessor:173 - Condition 'UX_CORESTACK_Condition;(SIiCclassIiUSB&SIiCgroupIiUSBX&SIiCsubIiCoreSystem)' has not the same result using Semaphore or Dynamic solver for pack 'STMicroelectronics.X-CUBE-AZRTOS-H7.3.3.0''
2025-10-21 20:47:08,803 [WARN] ThirdPartyIpManager:480 - Condition 'UX_CORESTACK_Condition' not fulfilled in pack 'STMicroelectronics.X-CUBE-AZRTOS-H7.3.3.0'
2025-10-21 20:47:08,803 [WARN] ThirdPartyRefParameterProcessor:173 - Condition 'UX_CORESTACK_Condition;(SIiCclassIiUSB&SIiCgroupIiUSBX&SIiCsubIiCoreSystem)' has not the same result using Semaphore or Dynamic solver for pack 'STMicroelectronics.X-CUBE-AZRTOS-H7.3.3.0''
2025-10-21 20:47:08,803 [WARN] ThirdPartyIpManager:480 - Condition 'UX_CORESTACK_Condition' not fulfilled in pack 'STMicroelectronics.X-CUBE-AZRTOS-H7.3.3.0'
2025-10-21 20:47:08,803 [WARN] ThirdPartyRefParameterProcessor:173 - Condition 'UX_CORESTACK_Condition;(SIiCclassIiUSB&SIiCgroupIiUSBX&SIiCsubIiCoreSystem)' has not the same result using Semaphore or Dynamic solver for pack 'STMicroelectronics.X-CUBE-AZRTOS-H7.3.3.0''
2025-10-21 20:47:08,803 [WARN] ThirdPartyIpManager:480 - Condition 'UX_CORESTACK_Condition' not fulfilled in pack 'STMicroelectronics.X-CUBE-AZRTOS-H7.3.3.0'
2025-10-21 20:47:08,803 [WARN] ThirdPartyRefParameterProcessor:173 - Condition 'UX_CORESTACK_Condition;(SIiCclassIiUSB&SIiCgroupIiUSBX&SIiCsubIiCoreSystem)' has not the same result using Semaphore or Dynamic solver for pack 'STMicroelectronics.X-CUBE-AZRTOS-H7.3.3.0''
2025-10-21 20:47:08,803 [WARN] ThirdPartyIpManager:480 - Condition 'FX Common Condition' not fulfilled in pack 'STMicroelectronics.X-CUBE-AZRTOS-H7.3.3.0'
2025-10-21 20:47:08,803 [WARN] ThirdPartyRefParameterProcessor:173 - Condition 'FX Common Condition;(SIiCclassIiFileOoSystem&SIiCgroupIiFileX&SIiCsubIiCore)' has not the same result using Semaphore or Dynamic solver for pack 'STMicroelectronics.X-CUBE-AZRTOS-H7.3.3.0''
2025-10-21 20:47:08,803 [WARN] ThirdPartyIpManager:480 - Condition 'FX Common Condition' not fulfilled in pack 'STMicroelectronics.X-CUBE-AZRTOS-H7.3.3.0'
2025-10-21 20:47:08,803 [WARN] ThirdPartyRefParameterProcessor:173 - Condition 'FX Common Condition;(SIiCclassIiFileOoSystem&SIiCgroupIiFileX&SIiCsubIiCore)' has not the same result using Semaphore or Dynamic solver for pack 'STMicroelectronics.X-CUBE-AZRTOS-H7.3.3.0''
2025-10-21 20:47:08,803 [WARN] ThirdPartyIpManager:480 - Condition 'FX Common Condition' not fulfilled in pack 'STMicroelectronics.X-CUBE-AZRTOS-H7.3.3.0'
2025-10-21 20:47:08,803 [WARN] ThirdPartyRefParameterProcessor:173 - Condition 'FX Common Condition;(SIiCclassIiFileOoSystem&SIiCgroupIiFileX&SIiCsubIiCore)' has not the same result using Semaphore or Dynamic solver for pack 'STMicroelectronics.X-CUBE-AZRTOS-H7.3.3.0''
2025-10-21 20:47:08,803 [WARN] ThirdPartyIpManager:480 - Condition 'FX Common Condition' not fulfilled in pack 'STMicroelectronics.X-CUBE-AZRTOS-H7.3.3.0'
2025-10-21 20:47:08,803 [WARN] ThirdPartyRefParameterProcessor:173 - Condition 'FX Common Condition;(SIiCclassIiFileOoSystem&SIiCgroupIiFileX&SIiCsubIiCore)' has not the same result using Semaphore or Dynamic solver for pack 'STMicroelectronics.X-CUBE-AZRTOS-H7.3.3.0''
2025-10-21 20:47:08,803 [WARN] ThirdPartyIpManager:480 - Condition 'FX Common Condition' not fulfilled in pack 'STMicroelectronics.X-CUBE-AZRTOS-H7.3.3.0'
2025-10-21 20:47:08,803 [WARN] ThirdPartyRefParameterProcessor:173 - Condition 'FX Common Condition;(SIiCclassIiFileOoSystem&SIiCgroupIiFileX&SIiCsubIiCore)' has not the same result using Semaphore or Dynamic solver for pack 'STMicroelectronics.X-CUBE-AZRTOS-H7.3.3.0''
2025-10-21 20:47:09,131 [INFO] ProjectBuilder:9437 - Time for Copy ThirdParty[1] : 326mS.
2025-10-21 20:47:09,143 [INFO] ProjectBuilder:5216 - Project Generator version: 4.7.0-B52
2025-10-21 20:47:09,243 [INFO] ConfigFileManager:1595 - The Die is : DIE450
2025-10-21 20:47:09,254 [INFO] ApiDbMcu:532 - Load IP Config File for FATFS
2025-10-21 20:47:09,258 [INFO] ApiDbMcu:532 - Load IP Config File for FREERTOS
2025-10-21 20:47:09,259 [INFO] ApiDbMcu:532 - Load IP Config File for LIBJPEG
2025-10-21 20:47:09,267 [INFO] ApiDbMcu:532 - Load IP Config File for LWIP
2025-10-21 20:47:09,273 [INFO] ApiDbMcu:532 - Load IP Config File for MBEDTLS
2025-10-21 20:47:09,279 [INFO] ApiDbMcu:532 - Load IP Config File for USB_DEVICE
2025-10-21 20:47:09,285 [INFO] ApiDbMcu:532 - Load IP Config File for USB_HOST
2025-10-21 20:47:09,733 [INFO] LogOutputStream:77 - [STDOUT_REDIRECT] 
2025-10-21 20:47:13,125 [INFO] ProjectBuilder:5496 - Time for Generating toolchain IDE Files: 3981mS.
2025-10-21 20:47:13,126 [INFO] ProjectBuilder:3463 - Time for Copy CMSIS : 1mS.
2025-10-21 20:47:13,142 [INFO] ProjectBuilder:3463 - Time for Copy CMSIS : 1mS.
2025-10-21 21:13:55,776 [ERROR] LogOutputStream:75 - [STDERR_REDIRECT] 
2025-10-21 21:16:51,928 [INFO] Activator:176 - 


2025-10-21 21:16:51,928 [INFO] Activator:177 - !SESSION log4j initialized
2025-10-21 21:16:56,522 [INFO] LogOutputStream:77 - [STDOUT_REDIRECT] 
2025-10-21 21:16:58,396 [INFO] ApplicationProperties:184 - Using Application install path: C:\ST\STM32CubeIDE_1.19.0\STM32CubeIDE\plugins\com.st.stm32cube.common.mx_6.15.0.202507011659
2025-10-21 21:16:58,432 [INFO] DbMcusXml:78 - Set database path to: C:\ST\STM32CubeIDE_1.19.0\STM32CubeIDE\plugins\com.st.stm32cube.common.mx_6.15.0.202507011659\\db\/mcu/
2025-10-21 21:16:58,432 [INFO] ApiDb:274 - Set plugin database path to: C:\ST\STM32CubeIDE_1.19.0\STM32CubeIDE\plugins\com.st.stm32cube.common.mx_6.15.0.202507011659\\db\/plugins/boardmanager/
2025-10-21 21:16:58,432 [WARN] ApiDb:259 - Overriding images path with different value:  => C:\ST\STM32CubeIDE_1.19.0\STM32CubeIDE\plugins\com.st.stm32cube.common.mx_6.15.0.202507011659\\db\/plugins/mcufinder/images/
2025-10-21 21:16:58,439 [INFO] ApiDb:250 - Set database path to: C:\Users\oopav\.stmcufinder\plugins\mcufinder//mcu/
2025-10-21 21:16:58,440 [INFO] DbMcusAds:125 - Set database path to: C:\Users\oopav\.stmcufinder\plugins\mcufinder//mcu/
2025-10-21 21:16:58,443 [INFO] CrossReferenceDbSqlite:203 - Set database path to: C:\Users\oopav\.stmcufinder\plugins\mcufinder//mcu/cs/
2025-10-21 21:16:58,607 [INFO] RulesReader:64 - Compatibility file has been processed (317 Rules)
2025-10-21 21:16:58,689 [INFO] DbMcusXml:78 - Set database path to: C:\ST\STM32CubeIDE_1.19.0\STM32CubeIDE\plugins\com.st.stm32cube.common.mx_6.15.0.202507011659\\db\/mcu/
2025-10-21 21:16:58,689 [INFO] ApiDb:274 - Set plugin database path to: C:\ST\STM32CubeIDE_1.19.0\STM32CubeIDE\plugins\com.st.stm32cube.common.mx_6.15.0.202507011659\\db\/plugins/boardmanager/
2025-10-21 21:16:58,690 [INFO] ApiDb:261 - Set plugin images path to: C:\ST\STM32CubeIDE_1.19.0\STM32CubeIDE\plugins\com.st.stm32cube.common.mx_6.15.0.202507011659\\db\/plugins/mcufinder/images/
2025-10-21 21:16:58,690 [WARN] DbFile:41 - Overriding database path with different value: C:\Users\oopav\.stmcufinder\plugins\mcufinder/ => C:\Users\oopav\.stmcufinder\plugins\mcufinder
2025-10-21 21:16:58,690 [INFO] ApiDb:250 - Set database path to: C:\Users\oopav\.stmcufinder\plugins\mcufinder//mcu/
2025-10-21 21:16:58,690 [WARN] DbFile:41 - Overriding database path with different value: C:\Users\oopav\.stmcufinder\plugins\mcufinder/ => C:\Users\oopav\.stmcufinder\plugins\mcufinder
2025-10-21 21:16:58,690 [INFO] DbMcusAds:125 - Set database path to: C:\Users\oopav\.stmcufinder\plugins\mcufinder//mcu/
2025-10-21 21:16:58,690 [WARN] DbFile:41 - Overriding database path with different value: C:\Users\oopav\.stmcufinder\plugins\mcufinder/ => C:\Users\oopav\.stmcufinder\plugins\mcufinder
2025-10-21 21:16:58,690 [WARN] DbFile:41 - Overriding database path with different value: C:\Users\oopav\.stmcufinder\plugins\mcufinder/ => C:\Users\oopav\.stmcufinder\plugins\mcufinder
2025-10-21 21:16:58,691 [INFO] CrossReferenceDbSqlite:203 - Set database path to: C:\Users\oopav\.stmcufinder\plugins\mcufinder//mcu/cs/
2025-10-21 21:16:58,763 [INFO] MainPanel:274 - HeapMemory: 268435456
2025-10-21 21:16:58,887 [INFO] DbMcusXml:78 - Set database path to: C:\ST\STM32CubeIDE_1.19.0\STM32CubeIDE\plugins\com.st.stm32cube.common.mx_6.15.0.202507011659\\db\/mcu/
2025-10-21 21:16:58,887 [INFO] ApiDb:274 - Set plugin database path to: C:\ST\STM32CubeIDE_1.19.0\STM32CubeIDE\plugins\com.st.stm32cube.common.mx_6.15.0.202507011659\\db\/plugins/boardmanager/
2025-10-21 21:16:58,887 [INFO] ApiDb:261 - Set plugin images path to: C:\ST\STM32CubeIDE_1.19.0\STM32CubeIDE\plugins\com.st.stm32cube.common.mx_6.15.0.202507011659\\db\/plugins/mcufinder/images/
2025-10-21 21:16:58,888 [WARN] DbFile:41 - Overriding database path with different value: C:\Users\oopav\.stmcufinder\plugins\mcufinder/ => C:\Users\oopav\.stmcufinder\plugins\mcufinder
2025-10-21 21:16:58,888 [INFO] ApiDb:250 - Set database path to: C:\Users\oopav\.stmcufinder\plugins\mcufinder//mcu/
2025-10-21 21:16:58,888 [WARN] DbFile:41 - Overriding database path with different value: C:\Users\oopav\.stmcufinder\plugins\mcufinder/ => C:\Users\oopav\.stmcufinder\plugins\mcufinder
2025-10-21 21:16:58,888 [INFO] DbMcusAds:125 - Set database path to: C:\Users\oopav\.stmcufinder\plugins\mcufinder//mcu/
2025-10-21 21:16:58,889 [WARN] DbFile:41 - Overriding database path with different value: C:\Users\oopav\.stmcufinder\plugins\mcufinder/ => C:\Users\oopav\.stmcufinder\plugins\mcufinder
2025-10-21 21:16:58,889 [WARN] DbFile:41 - Overriding database path with different value: C:\Users\oopav\.stmcufinder\plugins\mcufinder/ => C:\Users\oopav\.stmcufinder\plugins\mcufinder
2025-10-21 21:16:58,889 [INFO] CrossReferenceDbSqlite:203 - Set database path to: C:\Users\oopav\.stmcufinder\plugins\mcufinder//mcu/cs/
2025-10-21 21:16:58,912 [INFO] ApplicationProperties:184 - Using Application install path: C:\ST\STM32CubeIDE_1.19.0\STM32CubeIDE\plugins\com.st.stm32cube.common.mx_6.15.0.202507011659
2025-10-21 21:16:58,914 [INFO] PluginManage:196 - Search for loadable plugins [exclusion list=, ]
2025-10-21 21:16:58,916 [INFO] PluginManage:310 - Check plugin analytics
2025-10-21 21:16:59,171 [INFO] AnalyticsPlugin:253 - Accepted Software Licenses: STM32CubeMX.6.14.0,STM32CubeMX.6.15.0
2025-10-21 21:16:59,171 [INFO] AnalyticsPlugin:255 - Accepted CMSIS Pack Licenses: STMicroelectronics.X-CUBE-AZRTOS-H7.3.3.0,STMicroelectronics.X-CUBE-TOUCHGFX.4.26.0,STMicroelectronics.X-CUBE-AZRTOS-H7.3.4.0
2025-10-21 21:16:59,171 [INFO] AnalyticsPlugin:257 - Accepted Firmware Licenses: FW.F4.1.28.0,FW.H7.1.12.0
2025-10-21 21:16:59,172 [INFO] PluginManage:359 - Loaded plugin analytics (category:tool,tabindex:-1)
2025-10-21 21:16:59,172 [INFO] PluginManage:310 - Check plugin cadmodel
2025-10-21 21:16:59,179 [INFO] CADModel:105 - Init CAD model plugin
2025-10-21 21:16:59,179 [INFO] PluginManage:359 - Loaded plugin cadmodel (category:power,tabindex:5)
2025-10-21 21:16:59,180 [INFO] PluginManage:310 - Check plugin clock
2025-10-21 21:16:59,188 [INFO] PluginManage:359 - Loaded plugin clock (category:base,tabindex:2)
2025-10-21 21:16:59,188 [INFO] PluginManage:310 - Check plugin ddr
2025-10-21 21:16:59,190 [INFO] PluginManage:359 - Loaded plugin ddr (category:tool,tabindex:6)
2025-10-21 21:16:59,190 [INFO] PluginManage:310 - Check plugin filemanager
2025-10-21 21:16:59,379 [INFO] PluginManage:359 - Loaded plugin filemanager (category:base,tabindex:10)
2025-10-21 21:16:59,379 [INFO] PluginManage:310 - Check plugin ipmanager
2025-10-21 21:16:59,388 [INFO] PluginManage:359 - Loaded plugin ipmanager (category:base,tabindex:5)
2025-10-21 21:16:59,388 [INFO] PluginManage:310 - Check plugin lpbam
2025-10-21 21:16:59,398 [INFO] PluginManage:359 - Loaded plugin lpbam (category:base,tabindex:0)
2025-10-21 21:16:59,398 [INFO] PluginManage:310 - Check plugin memorymap
2025-10-21 21:16:59,416 [INFO] PluginManage:359 - Loaded plugin memorymap (category:base,tabindex:4)
2025-10-21 21:16:59,416 [INFO] PluginManage:310 - Check plugin pinoutandconfiguration
2025-10-21 21:16:59,426 [INFO] PluginManage:359 - Loaded plugin pinoutandconfiguration (category:base,tabindex:1)
2025-10-21 21:16:59,426 [INFO] PluginManage:310 - Check plugin pinoutconfig
2025-10-21 21:16:59,544 [WARN] SupportedApi:132 - Cannot load RTOS API schema: s4s-elt-must-match.1: The content of 'definitions' must match (annotation?, (simpleType | complexType)?, (unique | key | keyref)*)). A problem was found starting at: attribute.
2025-10-21 21:16:59,722 [INFO] PluginManage:359 - Loaded plugin pinoutconfig (category:base,tabindex:0)
2025-10-21 21:16:59,722 [INFO] PluginManage:310 - Check plugin power
2025-10-21 21:16:59,733 [INFO] PluginManage:359 - Loaded plugin power (category:power,tabindex:4)
2025-10-21 21:16:59,733 [INFO] PluginManage:310 - Check plugin projectmanager
2025-10-21 21:16:59,753 [INFO] PluginManage:359 - Loaded plugin projectmanager (category:projectmanager,tabindex:4)
2025-10-21 21:16:59,754 [INFO] PluginManage:310 - Check plugin rif
2025-10-21 21:16:59,778 [INFO] PluginManage:359 - Loaded plugin rif (category:base,tabindex:3)
2025-10-21 21:16:59,778 [INFO] PluginManage:310 - Check plugin thirdparty
2025-10-21 21:16:59,934 [INFO] PluginManage:359 - Loaded plugin thirdparty (category:base,tabindex:-1)
2025-10-21 21:16:59,935 [INFO] PluginManage:310 - Check plugin tools
2025-10-21 21:16:59,939 [INFO] PluginManage:359 - Loaded plugin tools (category:base,tabindex:7)
2025-10-21 21:16:59,939 [INFO] PluginManage:310 - Check plugin tutovideos
2025-10-21 21:16:59,936 [WARN] IntegrityCheckThread:84 - waiting for thirdparty lock release [integrity check]
2025-10-21 21:16:59,962 [INFO] IntegrityCheckThread:86 - entering critical section [integrity check]
2025-10-21 21:16:59,963 [INFO] ThirdPartyUpdaterWithRetryManager:70 - Updater plugin not ready yet. [1/15]
2025-10-21 21:17:00,212 [INFO] PluginManage:359 - Loaded plugin tutovideos (category:base,tabindex:-1)
2025-10-21 21:17:00,212 [INFO] PluginManage:310 - Check plugin updater
2025-10-21 21:17:00,237 [INFO] PluginManage:359 - Loaded plugin updater (category:base,tabindex:12)
2025-10-21 21:17:00,237 [INFO] PluginManage:310 - Check plugin userauth
2025-10-21 21:17:00,241 [INFO] UserAuth:118 - Init User Auth plugin
2025-10-21 21:17:00,243 [INFO] PluginManage:359 - Loaded plugin userauth (category:base,tabindex:14)
2025-10-21 21:17:00,243 [INFO] PluginManage:283 - PluginManage : Loaded plugins [18]
2025-10-21 21:17:00,484 [INFO] PinOutPanel:1589 - setPackage(No Configuration,No Configuration)
2025-10-21 21:17:00,581 [INFO] CADModel:165 - CPN selected for project level
2025-10-21 21:17:00,582 [INFO] CADModel:114 - Register for checkConnection events
2025-10-21 21:17:00,602 [INFO] IPUIPlugin:80 - create IPUIPlugin
2025-10-21 21:17:00,602 [INFO] PluginManager:220 - loadIPPluginJar : add adc
2025-10-21 21:17:00,605 [INFO] IPUIPlugin:80 - create IPUIPlugin
2025-10-21 21:17:00,605 [INFO] PluginManager:220 - loadIPPluginJar : add aes
2025-10-21 21:17:00,609 [INFO] IPUIPlugin:80 - create IPUIPlugin
2025-10-21 21:17:00,609 [INFO] PluginManager:220 - loadIPPluginJar : add can
2025-10-21 21:17:00,611 [INFO] IPUIPlugin:80 - create IPUIPlugin
2025-10-21 21:17:00,611 [INFO] PluginManager:220 - loadIPPluginJar : add comp
2025-10-21 21:17:00,615 [INFO] IPUIPlugin:80 - create IPUIPlugin
2025-10-21 21:17:00,615 [INFO] PluginManager:220 - loadIPPluginJar : add cryp
2025-10-21 21:17:00,618 [INFO] IPUIPlugin:80 - create IPUIPlugin
2025-10-21 21:17:00,619 [INFO] PluginManager:220 - loadIPPluginJar : add ddr_ctrl_phy
2025-10-21 21:17:00,621 [INFO] IPUIPlugin:80 - create IPUIPlugin
2025-10-21 21:17:00,621 [INFO] PluginManager:220 - loadIPPluginJar : add dfsdm
2025-10-21 21:17:00,626 [INFO] IPUIPlugin:80 - create IPUIPlugin
2025-10-21 21:17:00,627 [INFO] PluginManager:220 - loadIPPluginJar : add dma
2025-10-21 21:17:00,630 [INFO] IPUIPlugin:80 - create IPUIPlugin
2025-10-21 21:17:00,630 [INFO] PluginManager:220 - loadIPPluginJar : add dma3
2025-10-21 21:17:00,634 [INFO] IPUIPlugin:80 - create IPUIPlugin
2025-10-21 21:17:00,634 [INFO] PluginManager:220 - loadIPPluginJar : add extmemmanager
2025-10-21 21:17:00,636 [INFO] IPUIPlugin:80 - create IPUIPlugin
2025-10-21 21:17:00,636 [INFO] PluginManager:220 - loadIPPluginJar : add fatfs
2025-10-21 21:17:00,641 [INFO] IPUIPlugin:80 - create IPUIPlugin
2025-10-21 21:17:00,641 [INFO] PluginManager:220 - loadIPPluginJar : add fmc
2025-10-21 21:17:00,651 [INFO] IPUIPlugin:80 - create IPUIPlugin
2025-10-21 21:17:00,651 [INFO] PluginManager:220 - loadIPPluginJar : add freertos
2025-10-21 21:17:00,653 [INFO] IPUIPlugin:80 - create IPUIPlugin
2025-10-21 21:17:00,653 [INFO] PluginManager:220 - loadIPPluginJar : add genericplugin
2025-10-21 21:17:00,656 [INFO] IPUIPlugin:80 - create IPUIPlugin
2025-10-21 21:17:00,656 [INFO] PluginManager:220 - loadIPPluginJar : add gfxmmu
2025-10-21 21:17:00,671 [INFO] IPUIPlugin:80 - create IPUIPlugin
2025-10-21 21:17:00,671 [INFO] PluginManager:220 - loadIPPluginJar : add gic
2025-10-21 21:17:00,676 [INFO] IPUIPlugin:80 - create IPUIPlugin
2025-10-21 21:17:00,676 [INFO] PluginManager:220 - loadIPPluginJar : add gpio
2025-10-21 21:17:00,679 [INFO] IPUIPlugin:80 - create IPUIPlugin
2025-10-21 21:17:00,680 [INFO] PluginManager:220 - loadIPPluginJar : add gtzc
2025-10-21 21:17:00,683 [INFO] IPUIPlugin:80 - create IPUIPlugin
2025-10-21 21:17:00,683 [INFO] PluginManager:220 - loadIPPluginJar : add hash
2025-10-21 21:17:00,687 [INFO] IPUIPlugin:80 - create IPUIPlugin
2025-10-21 21:17:00,687 [INFO] PluginManager:220 - loadIPPluginJar : add i2c
2025-10-21 21:17:00,690 [INFO] IPUIPlugin:80 - create IPUIPlugin
2025-10-21 21:17:00,690 [INFO] PluginManager:220 - loadIPPluginJar : add i2s
2025-10-21 21:17:00,694 [INFO] IPUIPlugin:80 - create IPUIPlugin
2025-10-21 21:17:00,694 [INFO] PluginManager:220 - loadIPPluginJar : add i3c
2025-10-21 21:17:00,699 [INFO] IPUIPlugin:80 - create IPUIPlugin
2025-10-21 21:17:00,699 [INFO] PluginManager:220 - loadIPPluginJar : add ipddr
2025-10-21 21:17:00,707 [INFO] IPUIPlugin:80 - create IPUIPlugin
2025-10-21 21:17:00,707 [INFO] PluginManager:220 - loadIPPluginJar : add linkedlist
2025-10-21 21:17:00,711 [INFO] IPUIPlugin:80 - create IPUIPlugin
2025-10-21 21:17:00,711 [INFO] PluginManager:220 - loadIPPluginJar : add lorawan
2025-10-21 21:17:00,713 [INFO] IPUIPlugin:80 - create IPUIPlugin
2025-10-21 21:17:00,713 [INFO] PluginManager:220 - loadIPPluginJar : add ltdc
2025-10-21 21:17:00,720 [INFO] IPUIPlugin:80 - create IPUIPlugin
2025-10-21 21:17:00,721 [INFO] PluginManager:220 - loadIPPluginJar : add mdma
2025-10-21 21:17:00,725 [INFO] IPUIPlugin:80 - create IPUIPlugin
2025-10-21 21:17:00,725 [INFO] PluginManager:220 - loadIPPluginJar : add nvic
2025-10-21 21:17:00,728 [INFO] IPUIPlugin:80 - create IPUIPlugin
2025-10-21 21:17:00,728 [INFO] PluginManager:220 - loadIPPluginJar : add opamp
2025-10-21 21:17:00,731 [INFO] IPUIPlugin:80 - create IPUIPlugin
2025-10-21 21:17:00,732 [INFO] PluginManager:220 - loadIPPluginJar : add openamp
2025-10-21 21:17:00,734 [INFO] IPUIPlugin:80 - create IPUIPlugin
2025-10-21 21:17:00,734 [INFO] PluginManager:220 - loadIPPluginJar : add pdm2pcm
2025-10-21 21:17:00,740 [INFO] IPUIPlugin:80 - create IPUIPlugin
2025-10-21 21:17:00,742 [INFO] PluginManager:220 - loadIPPluginJar : add plateformsettings
2025-10-21 21:17:00,744 [INFO] IPUIPlugin:80 - create IPUIPlugin
2025-10-21 21:17:00,745 [INFO] PluginManager:220 - loadIPPluginJar : add quadspi
2025-10-21 21:17:00,747 [INFO] IPUIPlugin:80 - create IPUIPlugin
2025-10-21 21:17:00,748 [INFO] PluginManager:220 - loadIPPluginJar : add radio
2025-10-21 21:17:00,751 [INFO] IPUIPlugin:80 - create IPUIPlugin
2025-10-21 21:17:00,751 [INFO] PluginManager:220 - loadIPPluginJar : add resmgrutility
2025-10-21 21:17:00,755 [INFO] IPUIPlugin:80 - create IPUIPlugin
2025-10-21 21:17:00,755 [INFO] PluginManager:220 - loadIPPluginJar : add sai
2025-10-21 21:17:00,758 [INFO] IPUIPlugin:80 - create IPUIPlugin
2025-10-21 21:17:00,758 [INFO] PluginManager:220 - loadIPPluginJar : add spi
2025-10-21 21:17:00,767 [INFO] IPUIPlugin:80 - create IPUIPlugin
2025-10-21 21:17:00,767 [INFO] PluginManager:220 - loadIPPluginJar : add stm32_wpan
2025-10-21 21:17:00,770 [INFO] IPUIPlugin:80 - create IPUIPlugin
2025-10-21 21:17:00,770 [INFO] PluginManager:220 - loadIPPluginJar : add tim
2025-10-21 21:17:00,776 [INFO] IPUIPlugin:80 - create IPUIPlugin
2025-10-21 21:17:00,776 [INFO] PluginManager:220 - loadIPPluginJar : add touchsensing
2025-10-21 21:17:00,778 [INFO] IPUIPlugin:80 - create IPUIPlugin
2025-10-21 21:17:00,778 [INFO] PluginManager:220 - loadIPPluginJar : add tracer_emb
2025-10-21 21:17:00,780 [INFO] IPUIPlugin:80 - create IPUIPlugin
2025-10-21 21:17:00,780 [INFO] PluginManager:220 - loadIPPluginJar : add ts
2025-10-21 21:17:00,781 [INFO] IPUIPlugin:80 - create IPUIPlugin
2025-10-21 21:17:00,782 [INFO] PluginManager:220 - loadIPPluginJar : add tsc
2025-10-21 21:17:00,783 [INFO] IPUIPlugin:80 - create IPUIPlugin
2025-10-21 21:17:00,784 [INFO] PluginManager:220 - loadIPPluginJar : add ucpd
2025-10-21 21:17:00,786 [INFO] IPUIPlugin:80 - create IPUIPlugin
2025-10-21 21:17:00,786 [INFO] PluginManager:220 - loadIPPluginJar : add usart
2025-10-21 21:17:00,790 [INFO] IPUIPlugin:80 - create IPUIPlugin
2025-10-21 21:17:00,790 [INFO] PluginManager:220 - loadIPPluginJar : add usbx
2025-10-21 21:17:00,927 [FATAL] Updater:351 - Updater called before beeing initialized
2025-10-21 21:17:00,965 [INFO] RulesReader:64 - Compatibility file has been processed (317 Rules)
2025-10-21 21:17:00,981 [INFO] RulesReader:64 - Compatibility file has been processed (317 Rules)
2025-10-21 21:17:00,989 [INFO] CADModel:165 - CPN selected for project level
2025-10-21 21:17:00,989 [INFO] CADModel:114 - Register for checkConnection events
2025-10-21 21:17:00,990 [FATAL] Updater:351 - Updater called before beeing initialized
2025-10-21 21:17:00,990 [ERROR] CADModel:125 - Updater not yet initialized, retry later 
2025-10-21 21:17:01,162 [FATAL] Updater:351 - Updater called before beeing initialized
2025-10-21 21:17:01,164 [INFO] CADModel:165 - CPN selected for project level
2025-10-21 21:17:01,165 [INFO] CADModel:114 - Register for checkConnection events
2025-10-21 21:17:01,165 [FATAL] Updater:351 - Updater called before beeing initialized
2025-10-21 21:17:01,165 [ERROR] CADModel:125 - Updater not yet initialized, retry later 
2025-10-21 21:17:01,168 [FATAL] Updater:351 - Updater called before beeing initialized
2025-10-21 21:17:01,321 [FATAL] Updater:351 - Updater called before beeing initialized
2025-10-21 21:17:01,327 [INFO] DbMcusAds:53 - JSON generation date=Thu Oct 02 11:36:05 CEST 2025 (1759397765645)
2025-10-21 21:17:01,328 [FATAL] Updater:351 - Updater called before beeing initialized
2025-10-21 21:17:01,378 [WARN] DetailPanel:346 - Failed to get advertising image, set to default
2025-10-21 21:17:01,489 [FATAL] Updater:351 - Updater called before beeing initialized
2025-10-21 21:17:01,491 [FATAL] Updater:351 - Updater called before beeing initialized
2025-10-21 21:17:01,492 [FATAL] Updater:351 - Updater called before beeing initialized
2025-10-21 21:17:01,492 [WARN] DetailPanel:346 - Failed to get advertising image, set to default
2025-10-21 21:17:01,492 [FATAL] Updater:351 - Updater called before beeing initialized
2025-10-21 21:17:01,546 [ERROR] Updater:1198 - MainUpdater not yet initialized. External WinMGr cannot be set.
2025-10-21 21:17:01,547 [INFO] Updater:1134 - Updater Version found : 6.15.0
2025-10-21 21:17:01,568 [INFO] ApplicationProperties:184 - Using Application install path: C:\ST\STM32CubeIDE_1.19.0\STM32CubeIDE\plugins\com.st.stm32cube.common.mx_6.15.0.202507011659
2025-10-21 21:17:01,918 [INFO] MainUpdater:2872 - connection check result : 10
2025-10-21 21:17:01,919 [INFO] MainUpdater:289 - Updater Check For Update Now.
2025-10-21 21:17:01,919 [INFO] MicroXplorer:498 - Change Database Version : DB.6.0.150
2025-10-21 21:17:01,926 [INFO] McuFinderGlobals:63 - Set McuFinder mode to 2 (CubeIDE integrated)
2025-10-21 21:17:01,927 [INFO] UserAuth:487 - Internet connection configuration mode: 1
2025-10-21 21:17:01,944 [INFO] JxBrowserEngine:152 - Initiate JxBrowser Engine with user profile folder
2025-10-21 21:17:02,126 [INFO] CheckServerUpdateThread:120 - End of CheckServer Thread
2025-10-21 21:17:02,566 [INFO] WebApp:169 - Instantiating new browser for Auth
2025-10-21 21:17:03,233 [WARN] PackLoader:240 - Cannot read IP mode file for STMicroelectronics.FP-SNS-MOTENVWB1.1.4.0
2025-10-21 21:17:03,243 [WARN] PackLoader:240 - Cannot read IP mode file for STMicroelectronics.FP-ATR-ASTRA1.2.0.2
2025-10-21 21:17:03,257 [WARN] PackLoader:240 - Cannot read IP mode file for STMicroelectronics.X-CUBE-SMBUS.2.1.0
2025-10-21 21:17:03,264 [WARN] PackLoader:240 - Cannot read IP mode file for STMicroelectronics.X-CUBE-ST60.1.0.0
2025-10-21 21:17:03,297 [WARN] PackLoader:240 - Cannot read IP mode file for STMicroelectronics.X-CUBE-AZRTOS-F7.1.1.0
2025-10-21 21:17:03,305 [WARN] PackLoader:240 - Cannot read IP mode file for Cesanta.I-CUBE-Mongoose.7.19.0
2025-10-21 21:17:03,314 [WARN] PackLoader:240 - Cannot read IP mode file for WES.I-CUBE-Cesium.1.4.0
2025-10-21 21:17:03,352 [WARN] PackLoader:240 - Cannot read IP mode file for Infineon.AIROC-Wi-Fi-Bluetooth-STM32.1.7.1
2025-10-21 21:17:03,426 [WARN] PackLoader:240 - Cannot read IP mode file for STMicroelectronics.X-CUBE-AZRTOS-H7.3.4.0
2025-10-21 21:17:03,615 [INFO] WebApp:463 - Apply proxy settings
2025-10-21 21:17:03,615 [INFO] WebApp:548 - Chromium requires no authentication
2025-10-21 21:17:03,629 [INFO] WebApp:491 - Direct internet connection detected
2025-10-21 21:17:03,665 [INFO] WebApp:900 - Register for checkConnection events
2025-10-21 21:17:03,665 [INFO] WebApp:463 - Apply proxy settings
2025-10-21 21:17:03,665 [INFO] WebApp:548 - Chromium requires no authentication
2025-10-21 21:17:03,666 [INFO] WebApp:491 - Direct internet connection detected
2025-10-21 21:17:03,772 [WARN] PackLoader:240 - Cannot read IP mode file for STMicroelectronics.X-CUBE-DISPLAY.3.0.0
2025-10-21 21:17:03,784 [WARN] PackLoader:240 - Cannot read IP mode file for STMicroelectronics.X-CUBE-NFC10.1.0.0
2025-10-21 21:17:03,791 [WARN] PackLoader:240 - Cannot read IP mode file for STMicroelectronics.X-CUBE-ST60.1.1.0
2025-10-21 21:17:03,797 [WARN] PackLoader:240 - Cannot read IP mode file for emotas.I-CUBE-CANOPEN.1.3.0
2025-10-21 21:17:03,803 [WARN] PackLoader:240 - Cannot read IP mode file for STMicroelectronics.FP-SNS-STBOX1.2.1.0
2025-10-21 21:17:03,809 [WARN] PackLoader:240 - Cannot read IP mode file for STMicroelectronics.FP-SNS-SMARTAG2.1.2.0
2025-10-21 21:17:03,813 [WARN] PackLoader:240 - Cannot read IP mode file for STMicroelectronics.FP-SNS-FLIGHT1.5.1.0
2025-10-21 21:17:03,823 [INFO] LogOutputStream:77 - [STDOUT_REDIRECT] 1 : Invalid condition id : UX_CORESTACK_Condition cause : null
2025-10-21 21:17:03,824 [INFO] LogOutputStream:77 - [STDOUT_REDIRECT] 1 : Invalid condition id : UX_CORESTACK_Condition cause : null
2025-10-21 21:17:03,825 [INFO] LogOutputStream:77 - [STDOUT_REDIRECT] 1 : Invalid condition id : UX_CORESTACK_Condition cause : null
2025-10-21 21:17:03,826 [INFO] LogOutputStream:77 - [STDOUT_REDIRECT] 1 : Invalid condition id : UX_CORESTACK_Condition cause : null
2025-10-21 21:17:03,827 [INFO] LogOutputStream:77 - [STDOUT_REDIRECT] 1 : Invalid condition id : UX_CORESTACK_Condition cause : null
2025-10-21 21:17:03,829 [WARN] PackLoader:240 - Cannot read IP mode file for STMicroelectronics.X-CUBE-AZRTOS-WL.2.0.0
2025-10-21 21:17:03,835 [WARN] PackLoader:240 - Cannot read IP mode file for STMicroelectronics.FP-SNS-MOTENV1.5.0.0
2025-10-21 21:17:03,842 [WARN] PackLoader:240 - Cannot read IP mode file for STMicroelectronics.X-CUBE-BLE2.3.3.0
2025-10-21 21:17:03,861 [WARN] PackLoader:240 - Cannot read IP mode file for STMicroelectronics.X-CUBE-NFC9.1.0.0
2025-10-21 21:17:03,868 [WARN] PackLoader:240 - Cannot read IP mode file for wolfSSL.I-CUBE-wolfSSL.5.8.2
2025-10-21 21:17:03,873 [WARN] PackLoader:240 - Cannot read IP mode file for STMicroelectronics.X-CUBE-BLE1.7.1.0
2025-10-21 21:17:03,877 [WARN] PackLoader:240 - Cannot read IP mode file for wolfSSL.I-CUBE-wolfMQTT.1.19.2
2025-10-21 21:17:03,882 [WARN] PackLoader:240 - Cannot read IP mode file for STMicroelectronics.X-CUBE-EEPRMA1.5.2.0
2025-10-21 21:17:03,889 [WARN] PackLoader:240 - Cannot read IP mode file for STMicroelectronics.X-CUBE-ST67W61.1.1.0
2025-10-21 21:17:03,904 [WARN] PackLoader:240 - Cannot read IP mode file for STMicroelectronics.X-CUBE-AZRTOS-G0.1.1.0
2025-10-21 21:17:03,912 [WARN] PackLoader:240 - Cannot read IP mode file for STMicroelectronics.X-CUBE-SAFEA1.1.2.2
2025-10-21 21:17:03,917 [INFO] WebApp:225 - Starting web application
2025-10-21 21:17:03,917 [INFO] WebApp:593 - Web application path used C:\ST\STM32CubeIDE_1.19.0\STM32CubeIDE\plugins\com.st.stm32cube.common.mx_6.15.0.202507011659\db\plugins\mcufinder\reactClient1\index.html
2025-10-21 21:17:03,918 [WARN] PackLoader:240 - Cannot read IP mode file for STMicroelectronics.X-CUBE-NFC4.3.0.0
2025-10-21 21:17:03,930 [WARN] PackLoader:240 - Cannot read IP mode file for EmbeddedOffice.I-CUBE-FS-RTOS.1.0.1
2025-10-21 21:17:03,937 [WARN] PackLoader:240 - Cannot read IP mode file for STMicroelectronics.X-CUBE-WB05N.2.0.0
2025-10-21 21:17:03,942 [WARN] PackLoader:240 - Cannot read IP mode file for wolfSSL.I-CUBE-wolfTPM.3.8.0
2025-10-21 21:17:03,948 [WARN] PackLoader:240 - Cannot read IP mode file for STMicroelectronics.X-CUBE-TCPP.4.2.0
2025-10-21 21:17:03,954 [WARN] PackLoader:240 - Cannot read IP mode file for RealThread.X-CUBE-RT-Thread_Nano.4.1.1
2025-10-21 21:17:03,958 [WARN] PackLoader:240 - Cannot read IP mode file for STMicroelectronics.FP-ATR-SIGFOX1.3.2.0
2025-10-21 21:17:03,964 [WARN] PackLoader:240 - Cannot read IP mode file for ITTIA_DB.I-CUBE-ITTIADB.8.9.0
2025-10-21 21:17:03,969 [WARN] PackLoader:240 - Cannot read IP mode file for STMicroelectronics.X-CUBE-ST67W61.1.0.0
2025-10-21 21:17:03,974 [WARN] PackLoader:240 - Cannot read IP mode file for STMicroelectronics.X-CUBE-AI.10.2.0
2025-10-21 21:17:04,001 [WARN] PackLoader:240 - Cannot read IP mode file for SEGGER.I-CUBE-embOS.1.3.1
2025-10-21 21:17:04,035 [INFO] UserAuth:487 - Internet connection configuration mode: 1
2025-10-21 21:17:04,055 [WARN] PackLoader:240 - Cannot read IP mode file for STMicroelectronics.X-CUBE-ALGOBUILD.1.4.0
2025-10-21 21:17:04,110 [WARN] PackLoader:240 - Cannot read IP mode file for STMicroelectronics.X-CUBE-MEMS1.11.3.0
2025-10-21 21:17:04,292 [INFO] WebApp:191 - Connection restablished
2025-10-21 21:17:04,524 [WARN] PackLoader:240 - Cannot read IP mode file for STMicroelectronics.X-CUBE-PM33A1.1.0.0
2025-10-21 21:17:04,544 [WARN] PackLoader:240 - Cannot read IP mode file for STMicroelectronics.X-CUBE-AZRTOS-F4.1.1.0
2025-10-21 21:17:04,552 [WARN] PackLoader:240 - Cannot read IP mode file for Avnet-IotConnect.X-CUBE-IoTC-DA16k-PMOD.1.0.0
2025-10-21 21:17:04,556 [WARN] PackLoader:240 - Cannot read IP mode file for STMicroelectronics.X-CUBE-ISPU.2.1.0
2025-10-21 21:17:04,571 [WARN] PackLoader:240 - Cannot read IP mode file for STMicroelectronics.X-CUBE-IPS.3.2.0
2025-10-21 21:17:04,587 [WARN] PackLoader:240 - Cannot read IP mode file for STMicroelectronics.X-CUBE-NFC12.1.0.0
2025-10-21 21:17:04,607 [WARN] PackLoader:240 - Cannot read IP mode file for STMicroelectronics.X-CUBE-AZRTOS-L5.2.0.0
2025-10-21 21:17:04,618 [WARN] PackLoader:240 - Cannot read IP mode file for STMicroelectronics.X-CUBE-NFC6.3.1.0
2025-10-21 21:17:04,632 [WARN] PackLoader:240 - Cannot read IP mode file for STMicroelectronics.X-CUBE-FREERTOS.1.3.1
2025-10-21 21:17:04,639 [WARN] PackLoader:240 - Cannot read IP mode file for STMicroelectronics.X-CUBE-TOUCHGFX.4.26.0
2025-10-21 21:17:04,680 [WARN] PackLoader:240 - Cannot read IP mode file for STMicroelectronics.FP-SNS-STAIOTCFT.1.0.0
2025-10-21 21:17:04,686 [WARN] PackLoader:240 - Cannot read IP mode file for STMicroelectronics.X-CUBE-DPower.1.3.0
2025-10-21 21:17:04,707 [WARN] ConditionMgr:438 - getConditionDescription Invalid condition id : LAN8742 Phy interface Condition cause : null
2025-10-21 21:17:04,708 [WARN] PackLoader:240 - Cannot read IP mode file for STMicroelectronics.X-CUBE-AZRTOS-L4.2.0.0
2025-10-21 21:17:04,709 [WARN] ConditionMgr:1044 - genDependencies : Invalid condition id : LAN8742 Phy interface Condition cause : null
2025-10-21 21:17:04,710 [WARN] ConditionMgr:1044 - genDependencies : Invalid condition id : LAN8742 Phy interface Condition cause : null
2025-10-21 21:17:04,710 [WARN] ConditionMgr:1044 - genDependencies : Invalid condition id : LAN8742 Phy interface Condition cause : null
2025-10-21 21:17:04,719 [WARN] PackLoader:240 - Cannot read IP mode file for STMicroelectronics.X-CUBE-SFXS2LP1.4.0.0
2025-10-21 21:17:04,754 [WARN] PackLoader:240 - Cannot read IP mode file for STMicroelectronics.X-CUBE-AZRTOS-H7.3.3.0
2025-10-21 21:17:04,987 [WARN] PackLoader:240 - Cannot read IP mode file for STMicroelectronics.X-CUBE-BLEMGR.4.1.0
2025-10-21 21:17:05,026 [WARN] ConditionMgr:438 - getConditionDescription Invalid condition id : UX DEVICE CLASS RTOS Condition cause : null
2025-10-21 21:17:05,026 [WARN] ConditionMgr:438 - getConditionDescription Invalid condition id : UX DEVICE CLASS RTOS Condition cause : null
2025-10-21 21:17:05,029 [WARN] PackLoader:240 - Cannot read IP mode file for STMicroelectronics.X-CUBE-AZRTOS-WB.2.0.0
2025-10-21 21:17:05,029 [WARN] ConditionMgr:1044 - genDependencies : Invalid condition id : UX DEVICE CLASS RTOS Condition cause : null
2025-10-21 21:17:05,029 [WARN] ConditionMgr:1044 - genDependencies : Invalid condition id : UX DEVICE CLASS RTOS Condition cause : null
2025-10-21 21:17:05,030 [WARN] ConditionMgr:1044 - genDependencies : Invalid condition id : UX DEVICE CLASS RTOS Condition cause : null
2025-10-21 21:17:05,030 [WARN] ConditionMgr:1044 - genDependencies : Invalid condition id : UX DEVICE CLASS RTOS Condition cause : null
2025-10-21 21:17:05,030 [WARN] ConditionMgr:1044 - genDependencies : Invalid condition id : UX DEVICE CLASS RTOS Condition cause : null
2025-10-21 21:17:05,040 [WARN] PackLoader:240 - Cannot read IP mode file for STMicroelectronics.X-CUBE-GNSS1.7.0.1
2025-10-21 21:17:05,044 [WARN] PackLoader:240 - Cannot read IP mode file for STMicroelectronics.X-CUBE-TOUCHGFX.4.25.0
2025-10-21 21:17:05,048 [WARN] ConditionMgr:438 - getConditionDescription Invalid condition id : Cortex-A Device cause : null
2025-10-21 21:17:05,059 [WARN] ConditionMgr:1044 - genDependencies : Invalid condition id : Cortex-A Device cause : null
2025-10-21 21:17:05,059 [WARN] ConditionMgr:1044 - genDependencies : Invalid condition id : Cortex-A Device cause : null
2025-10-21 21:17:05,059 [WARN] ConditionMgr:1044 - genDependencies : Invalid condition id : Cortex-A Device cause : null
2025-10-21 21:17:05,071 [WARN] PackLoader:240 - Cannot read IP mode file for STMicroelectronics.X-CUBE-SUBG2.5.0.0
2025-10-21 21:17:05,093 [WARN] PackLoader:240 - Cannot read IP mode file for STMicroelectronics.X-CUBE-AZRTOS-H7RS.1.1.0
2025-10-21 21:17:05,107 [WARN] PackLoader:240 - Cannot read IP mode file for STMicroelectronics.X-CUBE-AZRTOS-G4.2.0.0
2025-10-21 21:17:05,113 [WARN] PackLoader:240 - Cannot read IP mode file for wolfSSL.I-CUBE-wolfSSH.1.4.20
2025-10-21 21:17:05,119 [WARN] PackLoader:240 - Cannot read IP mode file for STMicroelectronics.X-CUBE-NFC7.2.0.0
2025-10-21 21:17:05,132 [WARN] PackLoader:240 - Cannot read IP mode file for STMicroelectronics.X-CUBE-IPS.3.1.0
2025-10-21 21:17:05,143 [WARN] PackLoader:240 - Cannot read IP mode file for STMicroelectronics.X-CUBE-ALS.1.0.2
2025-10-21 21:17:05,148 [WARN] PackLoader:240 - Cannot read IP mode file for STMicroelectronics.X-CUBE-STSE01.1.0.0
2025-10-21 21:17:05,158 [WARN] PackLoader:240 - Cannot read IP mode file for STMicroelectronics.X-CUBE-TOF1.3.4.3
2025-10-21 21:17:05,165 [INFO] ThirdParty:978 - Integrity check success = true
2025-10-21 21:17:05,165 [INFO] IntegrityCheckThread:100 - exiting critical section [integrity check]
2025-10-21 21:17:05,165 [INFO] IntegrityCheckThread:103 - End integrity checks thread
